d1,d2,d3,d4,d5,d6,x,y,z,std_x,std_y,std_z,jitter
-0.18454939660106645,-0.1206617882883208,-0.21731500443798007,-0.013762339630360498,-0.07575615185680329,-0.49857597991152297,-0.2767604161620071,-0.5366848555354046,1.2472524371664548,0.006509825266991911,0.003917057396770515,0.002461784853268533,6.378154832014327e-05
-0.054149776174463926,-0.48253550084115854,-0.12057916785642908,-0.4086590772866693,-0.05114696037805894,-0.2184401654704723,-0.18584116674489912,-0.47988530921449146,0.8075995406523139,0.0009761846154411892,6.08923206399871e-05,0.00036643983543120455,1.0909224311278337e-06
-0.16877992259284375,-0.35971090884278745,-0.4786937675531788,-0.49140562952516487,-0.07709947561585834,-0.025367099815584715,-0.08289483323586011,-0.5336912255967672,0.9259462697098153,0.0006448394738271925,0.0003533681329622921,0.0002273805170391236,5.923888839279658e-07
-0.3441498169205599,-0.2802026449772176,-0.48527377100435926,-0.43537269622022673,-0.15127530435931225,-0.16346145398138995,-0.16980568499944254,-0.4523385571498619,1.0037157588933125,0.001963579436046565,0.0006434368478259566,0.0008841372627153727,5.051353878126982e-06
-0.179999742029748,-0.30048767178382063,0.018549166610389745,0.010034376163639669,-0.14351816807003875,-0.1617611763407355,-0.07316325421683202,-0.5191159541454768,0.8393855246037533,0.00021239693839796974,8.143284519769463e-05,1.3853491319189847e-05,5.1935686939553524e-08
-0.24736561340746965,-0.037466326138519856,-0.014297371702750139,-0.31394649771128347,-0.2028044880205243,-0.33262791664051006,-0.31493448268926477,-0.3979511537471423,0.7999335995203452,0.002849404028457151,0.0010954793261143383,0.007737186720598888,6.91832366207435e-05
-0.14200770010311115,-0.29776085953086606,-0.42974981738834617,-0.12482606309907751,-0.22681575231262252,-0.33867422470934305,-0.04639828411760412,-0.5762220770282988,1.02990957577635,0.0010914241370838526,0.0043273820598095725,0.0005858787694898133,2.026069607110986e-05
-0.19096398429615763,-0.32428616273629074,-0.29635811972535614,-0.03705733695750796,-0.3818780513626425,-0.17594268476325792,0.015050219690566743,-0.39090250953998756,0.7585538012132403,0.0001622062452410029,0.0006302903574414076,0.0006025000819475523,7.865831494256088e-07
-0.45631202133715987,-0.06702504322023312,-0.09070888010588463,-0.3755278896436649,-0.044228199978434024,-0.4695446219012989,-0.2731652301959703,-0.622295818017449,0.9064696801598588,1.7044801833003726e-05,0.0003604734277713351,0.00021473280352272777,1.7634179430747264e-07
-0.32521912851625656,-0.42185467721468367,-0.26582352934237075,-0.085911379450607,-0.38006605132325133,-0.472948923446507,-0.04771675983450011,-0.5374227724044914,0.8174250125973053,0.0009820065237799954,0.0007141661937773808,4.83195775046548e-05,1.4767049466511703e-06
-0.39625196913652905,-0.010101182536621123,-0.31014271251268916,-0.4451424546234806,-0.1728637611993512,-0.01787963240470891,-0.21063986030783166,-0.5827739066985214,0.9430929001955822,0.00044883151333278347,0.0003687593211964901,0.0009781755779319611,1.2942606255924187e-06
-0.2896330432928053,-0.39677321685518724,-0.4528084162780566,-0.19822715928683765,-0.3446780109341603,-0.1505626634626931,-0.015341395257817482,-0.4037805184287873,0.8838817812716772,0.00027333787296066883,0.00016185932487655744,0.0010126921517255591,1.1264574280107004e-06
-0.2710038795477923,-0.0036129432808166273,-0.24005417688242353,-0.2788811150784807,-0.17748900495200354,0.017450182722368535,-0.2154135627097586,-0.44649350226020446,0.8645264015596149,0.003738871839537406,0.0013920056952320553,0.0034194038007750597,2.7609164840799223e-05
-0.006549289032362016,-0.26077652755927005,-0.10598100043968844,-0.2413401983464381,-0.22475767669767938,-0.09139143562882007,-0.03085700999954751,-0.434763129549677,0.7267982007514472,3.413072114760612e-05,0.00014180089803360438,3.625244709842851e-05,2.258664072981668e-08
-0.28437895833505117,-0.11806854266986072,-0.13020570344533006,-0.015328962961043302,-0.4402350306939293,-0.12091213912031912,-0.09588970485108074,-0.4901403831109631,0.8130196844480739,0.000260799227704674,0.0005984824130937505,0.000524548007351658,7.01348047970468e-07
-0.017739557115228843,0.0033216187608161585,-0.49235272141800795,-0.05090715307230059,0.010221420834499062,-0.002250706602298924,-0.10308884627718057,-0.5274450062422047,1.0267866405043995,0.0007803748685661887,0.0018811504511302573,0.0010521185300575561,5.254665356567738e-06
-0.4226427136391011,0.0057669831879365585,-0.037233511025329236,-0.07236560967760336,-0.25040627961992723,-0.379166081787562,-0.19753634537119563,-0.5126294086027033,0.9664884856582244,0.003904567517603703,0.002170713244755154,0.0013747637746272124,2.1847618926508653e-05
-0.08302209906647989,-0.019764316912595836,-0.3616122584080078,-0.21975410803646278,-0.2697685289332436,-0.015870995689799383,-0.03676372234183161,-0.48775489650941334,0.8914426110174066,6.652286532020026e-05,9.487350925137874e-05,5.383384355059277e-05,1.632435707951065e-08
-0.478934430182014,-0.11935677825858837,-0.18052591158652176,-0.485250010140969,-0.12600571813009503,-0.4916843006477426,-0.22324987229798682,-0.5878044817678276,0.8775326493269784,0.00033759589828676246,0.002154745829277607,0.001093604126661701,5.952870565180789e-06
-0.10586547877465735,-0.23336546390371943,-0.016865805185556804,-0.46563710170348116,-0.06251501460156073,-0.4653211954411073,-0.3015072331091958,-0.4445257371841023,0.794506477827632,0.0013306013719146974,0.0009739973522349923,0.0032955636681767874,1.3579910744108894e-05
-0.3209588110218549,-0.27624465938712667,0.002352282007716533,-0.20763944204120233,-0.36539041155111524,-0.37432862867094063,-0.17763719097598626,-0.48157764465182684,0.8562795101685546,0.002221733329032047,0.0023854813917274205,0.002195808785908715,1.5448196679883516e-05
-0.0012796257973300418,-0.30790970623232594,-0.21264201452893067,-0.19115941516115248,-0.05888857169696876,-0.4243537601430035,-0.22224534753302147,-0.5130750902326139,1.0016466089451748,0.0005223100119423096,0.00014339991028082356,0.0011575148148598327,1.6332118294637161e-06
-0.03817847325722645,-0.3825478972229913,-0.4352315529656526,-0.3500680063560596,-0.19521600629737895,-0.21187293886990072,-0.05408295172102493,-0.5532259589493088,0.972294380913515,0.000310819217892552,0.00012170116771799592,0.00014851308383016188,1.3347589650400614e-07
-0.07895039652535557,-0.20855250495678335,-0.3500209684957706,-0.2852939018059358,-0.07457709509512656,-0.17421663954172817,-0.21779775578329436,-0.49688043391892145,0.8731287993086576,0.0006011644425294312,0.0007035453028660814,0.0015480100839234364,3.252709900075292e-06
-0.2886146248909741,-0.026821339935605593,-0.4776052179445338,-0.07219273430561896,-0.2840003005669632,-0.06850192765538654,-0.1312556323730204,-0.5357160359576435,1.010628021953251,0.0007839155396674945,0.0010586266061646487,0.0007260689456450982,2.262389978442046e-06
-0.24579823564659858,0.007760407406743219,-0.09664058218704924,-0.33939417138598427,-0.35968487153958395,-0.05117749382155473,-0.17597218169767098,-0.4231170580879838,0.7490343436989698,0.0008612457810995902,0.0009209530995135771,0.0007654666876848678,2.175838156920751e-06
-0.009223257990112754,-0.43405510682415116,-0.050315286391597436,-0.469078641167824,-0.3019993356783375,-0.27651748818714017,-0.11436924695275433,-0.4824018541503705,0.7813042547772219,0.0006696238166230306,0.0003550680533380565,0.0009151753105929629,1.4120152274089971e-06
-0.49482362838020816,-0.3101759979656993,-0.4591123806738673,-0.16064042030494802,-0.35759846872823026,-0.1346209232569111,-0.1694517417162987,-0.4277400293369678,0.9394003618100872,0.0005941038193233019,0.0001727338320516354,0.0015105484909572226,2.664553068402919e-06
-0.04234897692188372,-0.0775855929821479,-0.15269750910289737,-0.0016249114754650074,-0.01862841984850222,-0.11091077828308787,-0.07493376764284164,-0.23391123605137257,1.0068832082031414,0.004398811619257262,0.0037738794776967324,0.012423587928709255,0.00018793724699626356
-0.04172027017640123,-0.23443261711730445,-0.32096621989959084,0.017357021043677312,-0.3357093564087959,-0.40498956295818755,-0.031325255619913596,-0.33467370172675465,0.9488740261558792,0.0005462045024240634,0.0006009664155329111,0.0038115099587004413,1.5187108156339438e-05
-0.05243526703520757,-0.3714836950325041,-0.42655179041146357,-0.15156783835623328,-0.12839836093952856,-0.4131324770332185,0.012278983715594136,-0.6160881621983312,0.9929246509566126,0.0003127637292199109,6.76916840198976e-05,0.0001823166327575648,1.3564266898105212e-07
-0.2943102179854645,-0.026667001567651505,-0.20807160087388404,-0.1992653242383382,-0.3990525180967873,-0.22646843071870493,-0.11977989069021501,-0.438128309896103,0.8746447857930466,0.0043920051910632816,0.0017442011907540412,0.0014445226985857309,2.4418593218884035e-05
0.00869817119687577,-0.19326758527310572,-0.3337655491330142,-0.4024959878215518,-0.15028615036322795,-0.39854415280246136,-0.17165951862735998,-0.43435647201157923,0.9494656056428156,0.0016720173787331445,0.0009358714590867194,0.007314462475772692,5.717285881220555e-05
-0.22781394175464165,-0.4537534670719386,0.010610200425887228,-0.20287428776299726,-0.4966673810145587,-0.09822241536279791,-0.040485636054787354,-0.49067853157847485,0.7937283528668625,0.00011451897184262576,7.855491844636686e-06,1.542997297907424e-05,1.3414387730148223e-08
-0.1996022958907132,-0.1868356282825946,0.00046000842467819325,-0.46242206192446406,-0.2400141316975184,-0.1130693107730229,-0.2822268861223324,-0.4311471062885243,0.6747032601305577,0.00055018570057968,0.0011489512008410953,0.0011798666300616622,3.0148784317696115e-06
-0.4078420949531774,-0.29820529947205,-0.4672943408034149,-0.12254195083659608,-0.45436069888506686,-0.29455231165385687,-0.18863006492510836,-0.49454754467940076,1.0753998793510953,0.0015931348379808394,0.0013140502835529214,0.0006699123880272751,4.713589367326154e-06
-0.045768231817219285,-0.254403824889994,-0.025436594506739463,-0.10172309877578634,-0.02403154074188174,-0.4337504352945687,-0.2529313943690103,-0.5493008846852394,1.082371229677921,0.007058485378237529,0.003454815190276168,0.0043360223625864905,8.05590537626061e-05
-0.14965861238181766,-0.334630958320185,-0.13034247110170866,-0.26061522898899114,-0.2361156725168459,-0.08937381912086739,-0.0555533370600421,-0.4919961371826856,0.7758411188611696,0.00011960342135856882,0.0002529280958896545,0.0001008518431922316,8.844869436631209e-08
-0.46174728922807134,-0.46343034814400663,-0.048195766939393925,-0.17028361073932952,-0.24178271922459643,-0.4149574235778303,-0.17231310691867813,-0.585149432721656,0.8348440137276142,0.002583872982152283,0.0002057613186970467,0.0010585412765118623,7.839246942247847e-06
-0.451772352727842,-0.19904557827177866,-0.39743782740614836,-0.07976888905694457,-0.24580006121278486,0.014121573351266292,-0.18366704627612823,-0.45326492535346347,0.9241811396600067,0.0005759392792653765,0.0002261204321133046,0.001304977254808323,2.0858021387868956e-06
-0.40486947116862626,0.0007699528646190057,-0.08352314096352331,-0.2497445417808603,-0.07696228662658955,-0.18651856927461952,-0.2905568342782598,-0.61271839104775,0.8365138566270099,0.0014452671811389852,0.00048212882374269446,0.0010764192755045871,3.479923884238762e-06
0.01689392102919185,-0.09378093892028333,-0.24752172783461435,-0.28023323385911375,-0.043684968946666014,-0.45485626644825505,-0.32820826717382834,-0.5135364853472388,1.1131853710665744,0.004656077936255898,0.0017288059226506845,0.0069891184435004056,7.351560828395862e-05
-0.15933704672448223,-0.024880803392157758,-0.46605938346612846,-0.0658061339416317,-0.3014563144175558,-0.3307162796276337,-0.11030882739718427,-0.6332965009603547,0.9907750347008188,0.00041914517319244097,0.00038916592645791057,0.00015083871536626336,3.4988511257970974e-07
-0.13162224640478964,-0.08963959567332408,-0.08441788254762028,-0.3324109031352875,-0.08574762497205157,-0.3828292102246541,-0.4860219895779096,-0.31451724329866726,0.8551107073624364,0.002506351294799475,0.0056412018981135325,0.008767085680487086,0.00011496674699722444
-0.31159986574802406,-0.2829269816537225,-0.21846680851231443,-0.4414408939189103,-0.2883871436675608,-0.4998436411444001,-0.19462610548608764,-0.43672380625502893,0.7863110193032194,0.00014961685261912966,0.00048288927363836307,0.00020151365980792055,2.961750082718227e-07
-0.1129220222993525,-0.057024525638186385,-0.4277555268574973,-0.13403139998126512,-0.07302639403478783,0.010550727893332779,-0.1185002430313538,-0.4497797122396417,0.9529049848299739,0.00123926524247451,0.0008312874547998946,0.00094151904772903,3.1132752909496724e-06
-0.0612289075682621,-0.2794646275691133,0.009438128425021453,0.0064718905232247215,-0.23808797081569893,-0.10820779993636931,0.00020121063775436996,-0.4512560393162487,0.775611378823403,8.225862252247602e-05,0.0004914987332281224,8.380567507967594e-06,2.484077196558997e-07
-0.024804412809955267,-0.25240352257624843,-0.05083115462951582,-0.1351843456478261,-0.34715938689323,-0.10082081960859374,0.010860656802684618,-0.3901943591522821,0.7374545882103224,7.932686537140025e-05,0.0006527106101625607,5.0848306052765676e-05,4.349094424168703e-07
-0.20324391135306047,-0.45120052021468077,-0.29648217832157464,-0.4616546730331409,-0.2523931791271623,-0.2771594037656796,-0.08584212560680005,-0.5948059733612484,0.8654293091991027,0.000366729183873032,7.482392491446054e-05,9.580220534491016e-05,1.4926697659273328e-07
-0.03366335922284486,-0.19667357559979248,-0.47908652512960764,-0.13002685145876586,-0.20410655578305376,-0.07050224447139236,-0.058305648643887514,-0.4931887314158472,0.9405077923213851,7.163335768844059e-05,0.00023444514875406422,0.0005409436389547855,3.527158862336805e-07
-0.27965652965536736,-0.19512381613279212,-0.4362008567084418,-0.014440166822441758,-0.14429376700098284,-0.07163369363575872,-0.17360164500350359,-0.48883943856284556,1.0608235508907167,0.00026164190117451154,0.001581999252892548,0.001491922518411546,4.797010921546246e-06
-0.22327655379334105,-0.07711307041061993,0.018445352397695736,-0.31771149808869814,-0.41106885118924946,-0.2963291042839705,-0.17934696788487134,-0.3144917468924359,0.8425196760590363,0.007919970018683204,0.0008571816795207914,0.007465750313449083,0.00011919811327131196
-0.4008788685899105,-0.051266000736738815,-0.20650533301729107,-0.2480605499799498,-0.03261164207078804,-0.45527353324827863,-0.23949961071704273,-0.6005315439284838,0.9258342062619656,0.00041051606279704386,0.00013664237032321477,0.00020093265619479996,2.275685075074307e-07
-0.10841400526984823,-0.2716009554336806,-0.1940423430968083,-0.43377359460073106,-0.1224157743143302,-0.3543571510294203,-0.15671502394835846,-0.4148557947331683,0.8118144991718829,0.005372812972869455,0.00468712349790413,0.012592063753051481,0.0002093963154869524
-0.13799968582273575,-0.3294492093224067,-0.40878693000775784,-0.14910470201701498,-0.3113325855512732,-0.32845416710315334,-0.03761695623462728,-0.44282336489730284,0.9445398002302441,0.00021900067805240793,0.0006550073828931309,0.002079462590821089,4.801160635256278e-06
-0.00928756208082232,-0.39636486284666717,-0.23366969792437775,-0.4875131356508984,-0.4150485926087828,-0.04062225851054779,-0.026924117509213415,-0.5523613565235092,0.7882800075331089,0.000294640008243472,0.0003558007134837153,0.0003580194337968187,3.4158479714942874e-07
-0.12728964610686133,-0.16405658774549547,-0.18210388417689538,-0.4616674550352405,-0.3718688960934927,-0.2013234149890754,0.005205172167532411,-0.2820459360034831,0.7803187431887032,0.0017290864588754397,0.000364961345885853,0.0006029224954143662,3.4864523017339054e-06
-0.0895912749086083,-0.21044554517192504,-0.3843242340844927,-0.20997125703692066,-0.49368380642092147,-0.12924331191228122,-0.0433334069506047,-0.4631186342035171,0.8654722921307385,1.7675793068364387e-05,0.0004878736957150282,2.5764984540328803e-05,2.389970110595989e-07
-0.29502288166497326,0.015852078862351404,-0.019652414164905707,-0.42095589068828076,-0.19322049182224404,-0.13796814482620257,-0.2601020137513103,-0.46578241159890343,0.7608460742703256,0.00040936328052362786,0.0006991064788112785,8.715490899505986e-05,6.639241423189085e-07
-0.42899742456353923,-0.33745026350739094,-0.12772271959874293,-0.03142379142012497,-0.32229382189280964,-0.3757492699205341,0.0007161183307630408,-0.48766124976584085,0.9913469371953819,0.00017879573241401197,0.0024676023006167855,0.001747594314010987,9.17511491430225e-06
-0.07266815858028841,-0.19580900628264725,-0.2521740207129994,-0.366801988857496,-0.46221765870287307,-0.49069646113357285,-0.07671586447988002,-0.3384506494905563,0.942616102257053,0.0001277294188860468,5.742298826413422e-05,0.00012346813840997224,3.485658523257415e-08
-0.1984155061066707,-0.4006226578007611,0.00727714878194663,-0.44411184123920344,-0.26491383006990366,-0.29477690552310076,-0.1096985897853739,-0.48389255766036304,0.8520699496756027,0.0015538369278566748,5.387885859894916e-05,0.0010892604745928439,3.6038005112852226e-06
-0.37919803285152387,-0.11064702299795376,-0.1652735237182386,-0.12260600377302766,-0.45693954053382274,-0.31657342383786935,-0.1311380126001948,-0.4771729406218578,0.9207459239725992,0.000451002645364582,8.822096515351693e-05,0.0006913454717476544,6.891448861244554e-07
-0.22968680134619945,-0.27810500526027465,-0.4788788678261725,-0.3991057234515875,-0.008587182881594213,-0.4154637431282745,-0.09120574912176131,-0.6014105450423354,0.9878375415046325,0.00022219790420087809,0.0004645307077990982,0.00033387413685225626,3.766326263784329e-07
-0.05693278711935684,-0.07248867728649117,-0.2965272463193839,-0.257272569680983,-0.07151906002204195,-0.14604311070348952,-0.2541079403342238,-0.44265510009250586,0.8588394495627681,0.005560310923656335,0.0022534734902155914,0.0029773732587031836,4.485995186047723e-05
-0.0647892570568831,-0.10604977536729565,-0.14053883069088557,-0.02525346487642338,-0.07214029079081385,-0.4068874024568435,-0.14942464323713517,-0.5875509026769348,1.2749198099864616,0.011331437579157604,0.0035145487159088293,0.001208413043638505,0.0001422137923708772
-0.11092337695775262,-0.45492571198043774,-0.2785547550471088,-0.2936890186802189,-0.394872591132748,-0.012289343509285566,0.0073731936305425445,-0.566362808951477,0.7890441884809305,0.0007156819849369207,0.003692845534272802,0.0005679475832377469,1.4471873300867425e-05
-0.4507161272521932,-0.49745230420594067,-0.33208118209473125,0.015187253485435481,-0.36235853323801126,-0.0680389819307799,-0.03593659893786923,-0.45487453425196134,0.7657457162894775,0.0002887299079206248,2.2302731928003595e-05,5.0502008443833196e-05,8.641282443616592e-08
0.011334047407779102,-0.06473554350559801,-0.09531092242699729,-0.037985258806019884,-0.1716244110239593,-0.31469043588418283,-0.03668205882782507,-0.3127016268549912,1.2713298983663488,0.0029657188532081578,0.012733908548956927,0.012614765186115259,0.00033008021595029813
-0.409980908749358,-0.19508325550484357,-0.001627145706716182,-0.12741311802578031,0.009864147092812914,-0.20123054247369937,-0.21543848583136996,-0.5982319872294162,0.8803714877653495,0.00027862347167206667,0.00011091438219461422,0.0002183323177721311,1.3760204012795868e-07
-0.22529313117036365,-0.38221979424517094,-0.09567705558151318,-0.4115591791602694,-0.19985706652697283,-0.22133255661886053,-0.16862678466774209,-0.49338457638276956,0.7978670615365305,0.0005486955211356615,4.892468774949382e-05,3.328088063558263e-05,3.0456801700160046e-07
-0.15061054219160092,-0.10454696869406999,-0.44288949924676735,-0.17503069993264858,-0.2847429411180997,-0.18061525345266405,-0.05559245453831382,-0.5650416466752095,0.9855028492975528,2.309360051388338e-05,0.0006177290354147414,3.5219675887919596e-05,3.8336290114877176e-07
-0.13912803756382247,-0.1955506154044766,-0.11889924003346808,-0.22958686625358304,-0.2593087392527787,-0.35088018996676174,-0.08621327883337772,-0.2667609596096206,0.8425847209104653,0.012485025307260037,0.0005758921521564266,0.002600140625565257,0.00016296823996655383
-0.38084113160171257,-0.1384429048322544,-0.138230096537522,-0.3983490932521699,0.005355456637778366,-0.15100159424951404,-0.27706749640726347,-0.7157908130886294,0.8700121597030562,0.001667720735743154,0.001003012252410335,0.0013164481299860278,5.520361709856651e-06
-0.22376761593089034,-0.06258881719661685,-0.24700937468235945,-0.2525086675478301,-0.3656973119596808,-0.41880954967684,-0.16610019315875288,-0.3448794084262275,0.969703807876995,0.002668136866202501,0.0003706808652795858,0.0025612834884212615,1.3816531748732714e-05
-0.12995729898192293,-0.06106229651569789,-0.14754463539010132,-0.30821281131810585,-0.20062451256609287,-0.2070255136895252,-0.21582279924587158,-0.2699845344798449,0.7318128121197318,0.0008934838088487921,0.0005829560598601733,0.0019980499796164305,5.1303548054478605e-06
-0.012985636593367156,-0.29840940978304153,-0.4143130209256782,-0.043994895468914386,-0.03474118161882844,-0.47490189059901444,0.006828859609571516,-0.6027387499734386,1.0156527365995156,0.0005171876847191062,0.00041928866805277827,0.001933545456348243,4.181884120147517e-06
-0.39692350396346915,-0.1691325001282809,-0.08980051906988429,-0.1845198964949138,-0.4003736180141897,-0.43882638086365644,-0.18371917440971372,-0.48762047577394035,0.8933157510063146,0.00023718091856235777,0.00035190642336085866,0.00012960776231134627,1.9689109098407011e-07
-0.23689423028610457,-0.07593458853731405,-0.3871250658424944,-0.4609309986661525,-0.21345660218748158,-0.4002550829696676,-0.14873058983164889,-0.53171948276431,0.9958528843859923,0.0008255129517178984,0.0005215613492269631,0.0004897154024296546,1.1933190498382865e-06
-0.4649396653481798,-0.09790240901854053,-0.07296216483948031,-0.2928655134289176,-0.3470802927124921,-0.35589713749278196,-0.2019805507197446,-0.5407268064694273,0.8927412264511515,1.6783912821962866e-05,3.107535717698347e-05,1.2866183372197979e-05,1.4129162278593706e-09
-0.31229485856925754,-0.20000802557954372,-0.22553355938151176,-0.3152184257901979,-0.16854109079614565,-0.1486009301873208,-0.3354480832646757,-0.4399934464105099,0.8140923919508191,0.0001403078813298009,0.0002963299325347658,0.0003006302753918288,1.9787629296148313e-07
-0.20969494705298214,-0.2986066441730255,-0.17557055339165017,-0.19221055272866255,-0.32303159416205346,-0.3423354734145925,-0.04214669076809461,-0.44418099873724043,0.8440364583021172,0.0022967648426008977,0.005980751051967753,0.016231093172061558,0.00030449289744796415
-0.21621058290997097,-0.1815822957190376,-0.18238481176065946,-0.3009242353731154,-0.2057975682475473,0.012600210302137982,-0.21377683634418285,-0.30890827938999593,0.7212208235203754,0.0005595631508350628,0.00031316792408668054,0.0005763357586008506,7.433479750912422e-07
-0.2774272500971451,-0.06163234841320492,-0.4577116805203824,-0.04488130807497459,-0.010312799124459093,-0.3638307117559526,-0.1541102690544947,-0.6747292900332094,0.9593239636629343,0.0010723122472005948,0.0007538074466962931,0.0002539403530595325,1.7825649251031735e-06
-0.4937072638504598,-0.24883562501442436,-0.4049896260156155,0.005248252228339356,-0.03319681373887484,-0.0004542593162586983,-0.3370325190944563,-0.5154871261314855,0.9749710687837251,0.000340563066984237,0.0028118862420881893,0.0030272309319018475,1.7186814556101868e-05
-0.1859877779748086,-0.2321166092106261,-0.06698671832227993,-0.16077853784170898,-0.37075000828903254,-0.014171260105911687,-0.009260215478113516,-0.3146427013911348,0.7143837971504527,0.001105363343297411,0.0001990997885659129,0.00010857406921352445,1.2732571750182048e-06
-0.2713562860179237,-0.09775076127916449,-0.23951226236598688,-0.40465475358533365,-0.3461180395551051,-0.20130640022253504,-0.16011003154626197,-0.3957781396941059,0.8593900890245095,0.0036851093334475896,0.0004250422494361954,0.0011782116680984285,1.51488744481116e-05
-0.4256389161825741,-0.49285631351943116,-0.2743765633380356,-0.1036574706332058,-0.18063821765369825,-0.3314438845801645,-0.1076684345685977,-0.5020557214778477,0.7794364718156003,0.00022415460606835396,0.002400646194671325,0.0031056805359132283,1.5458599030561845e-05
-0.1270347115663435,-0.2480523907828659,0.01974070317365395,-0.0964635407287141,-0.0680716505386853,-0.36503456880783536,-0.20757715346287658,-0.5090147355576595,1.0964709978363678,0.005444848901051272,0.0010581529645217515,0.0014259041964527616,3.2799270029067014e-05
-0.42080661931861674,-0.39636196726436,-0.27522221853994167,-0.23368245779713182,-0.39880313917923804,-0.09442871908593753,-0.1946362346490907,-0.46912852446515435,0.7578158610788078,0.0015889333847325176,0.00034865499667471796,0.0007719683432546101,3.242204730811051e-06
-0.04841579970304061,-0.3356774074046748,-0.23580661768672917,-0.19092520669336538,-0.12436334955581568,-0.4233143236780147,-0.16181822680979618,-0.49535845269018736,0.9727709965055412,0.0016359397332480232,0.0005841098193194743,0.0007706461298965613,3.611378549369589e-06
-0.35394704807035865,-0.12003288215363056,-0.20453999656783417,-0.03202818741174679,-0.26711365176585344,-0.28856132058239903,-0.09375616470404907,-0.4968646645836492,0.9631015807101214,0.0014067712983059496,0.0002838543650636888,0.0010113274099804153,3.0823619164808117e-06
-0.34061624688403486,-0.37968626221953233,-0.16160150592303285,-0.36236327905219834,-0.051616729265615335,-0.35926283426090366,-0.17208024264100574,-0.5400116951767439,0.7472801944281244,0.0003259631993794129,0.0005550372457724676,0.00020912185198622456,4.5805030052249786e-07
-0.14985299176292316,-0.2045442462110994,-0.17320142510296765,-0.034383276671444196,-0.41160600523590535,-0.4220959161447597,-0.004667856041880073,-0.2820951742970875,0.8236572475164416,9.214224827786119e-06,0.0007160185811599558,2.71324096028585e-05,5.135036781563501e-07
-0.4366108449056407,-0.46025170912252716,-0.22219986772605488,-0.41381980098481846,-0.08027267635138524,-0.48824252411562236,-0.25068548436722204,-0.5973304877346078,0.7297033319984902,0.0016377559543065065,0.00021682616030307777,0.00044610683154380667,2.9282694548082472e-06
-0.305204374697874,-0.2539339348779442,-0.38740528364805127,-0.31492876585100893,-0.3841484535252049,-0.35344938470594256,-0.16019533206188227,-0.44647123078125134,1.0575099355230013,0.0005434130856252505,0.001834921307838145,0.0006072842079575969,4.031028096821892e-06
-0.018027048421132397,-0.2830688095188904,-0.29935023054442556,-0.1821892847342294,-0.15464623449077708,-0.15665619663760394,-0.05149626704433394,-0.4581232264691325,0.893598063215339,0.001078568627049545,0.00015546426741601345,0.0002537182979175517,1.251852396396917e-06
-0.4559253370435128,-0.19741065890196158,-0.11731972805305269,-0.08630444960540623,-0.1939621889915366,-0.4321020097180299,-0.1889484634713462,-0.5508674457249122,0.9469715953956327,0.0020843961889725217,0.0012825952240903007,0.0006330875254164226,6.390557796300312e-06
-0.45645503157367495,-0.3320120795849747,-0.017669419077699366,-0.25423888500658914,-0.034353568283223,-0.26096902429594704,-0.23192445712033333,-0.6576344172931875,0.7823435650456222,0.0007005036422175105,0.0026858307689256945,0.0004610805261490486,7.916987523661867e-06
-0.10733858458873397,-0.24773386864138702,-0.13147482405516042,-0.33506677613306657,-0.03727006290891399,-0.36183180425697675,-0.30057430593667966,-0.44957811162477157,0.8662805513871642,0.0010337731650677648,0.00014852789555273713,0.003126935325480412,1.0868472022308835e-05
-0.4967880490321753,-0.12499379121924215,-0.14816567911281864,-0.15841124603864787,-0.1425441987970702,-0.19514261027038876,-0.2415264062332429,-0.5867840916886923,0.8806890553366048,0.0008861573932448457,0.00023898083491025835,0.0008682853417375814,1.5963061997332525e-06
-0.4400549443991725,-0.1520140643623733,-0.4965687676340335,-0.4049217029435557,-0.2811432292984189,-0.3032479221874996,-0.2151515670572684,-0.6216393092646678,0.9970927814951079,4.7703290287265295e-05,0.00021250900319253195,4.158277523915042e-05,4.916480753870434e-08
-0.43813811554445087,-0.27798204589925857,-0.17571903331586197,-0.3037190156031343,-0.13158026869091127,-0.37992051040329594,-0.20012839632728244,-0.6060043082444792,0.8801363036958956,0.0005480133249343049,0.0012679710937475326,0.0017327686561237046,4.910556514529617e-06
-0.4252108584191198,-0.11057208086598702,-0.15226137252373145,-0.2767272394867235,-0.4288810118947892,-0.15488445554893188,-0.16180530213441288,-0.5315361436142806,0.8326174879825642,0.0008371726110877314,0.00033742107732044195,0.0006729079683261381,1.267516098012348e-06
-0.11002301003836856,-0.4147498203319305,-0.14156309679630424,-0.3150687150814713,-0.024138320257364787,-0.10919936244363654,-0.16834476762343178,-0.47913829494697496,0.7995981896790785,0.00013910445877421206,1.3057852692363372e-05,9.376480354409078e-05,2.831239635146386e-08
-0.3576597914786339,-0.01222631378834188,-0.48687896682559006,-0.4038915124712329,-0.3742104550034898,-0.11931835664766016,-0.15746146424836027,-0.5127378920292394,1.008723768172137,0.0006780798225534566,0.0019017752019825941,0.0009644758372787982,5.006754805324702e-06
-0.22639262413915678,-0.2585247878950855,-0.38428266383846454,-0.10663710261300213,-0.4391046678131717,-0.37138256538947495,-0.03898146608042862,-0.4762407628979138,1.1306818467884754,3.4254837150869585e-06,0.0014611926285641808,0.000556162059845058,2.4444118685200813e-06
-0.08069263382101238,-0.26545531847763215,-0.04405477696820331,-0.18713466579922683,-0.08943678358164137,-0.40255029807685705,-0.25894848790207614,-0.4665947605714747,1.0104584403522663,0.005438684074641051,0.002422830096261494,0.0009511134278832784,3.6354006891804535e-05
-0.3355646288082373,-0.304112853063645,-0.24301641294134196,-0.2543171472716842,-0.07231759805711463,-0.40994092340573784,-0.23252503328473478,-0.47222883775034125,0.8153054465960781,4.422117001804936e-05,0.0003680740875952039,0.001037490081723501,1.213819715511444e-06
-0.057227324392580936,-0.03769592704542696,-0.46073010150822924,-0.4951170077969852,-0.3477684541338417,-0.2916127207639866,-0.1055106048063237,-0.5265583484368697,0.9897282997817237,7.317145645702929e-05,6.526821231687483e-05,0.00015921780858859798,3.496431215083902e-08
0.004633691509223659,-0.46286752953218896,-0.09372126208128329,-0.252779024134381,-0.43246576711797,-0.30963823949125757,-0.03650294503829928,-0.5068576178518153,0.8283655263263057,0.0007394420345914569,0.0012464506751837389,4.161023738663009e-05,2.1021452200421237e-06
-0.30193126831792644,-0.37334229984288414,-0.3469308460875825,-0.281642207774661,0.0003759253556722131,-0.2613925041295768,-0.14126105381499512,-0.39670965782714085,0.8425684662895195,0.002564982489388541,0.0023826177008229327,0.0065126778792352225,5.467097543782439e-05
-0.00592979370159491,-0.4841233227765511,-0.4656226655419259,-0.48553572877741996,-0.15370878810357574,-0.3854790006208265,-0.020644593723129087,-0.5416006430700293,0.9681960433093818,0.00027204137745585725,0.00022574056454272977,0.002140409768097936,4.706319288897214e-06
-0.20026150572761475,-0.08640960948517923,-0.32745676229757803,-0.37224770379127486,-0.12278753468690107,-0.2525331474842234,-0.22222884843910534,-0.47676719371897786,0.9014375116039292,0.002454207124780697,0.0019255537384598649,0.002864376942638819,1.793554508054201e-05
-0.4224107240543637,-0.4545285389157619,-0.11667289940750125,-0.05258558586295908,-0.0370117192925733,-0.2347537161079541,-0.18075406067634836,-0.5072837538230942,0.7716082290887905,0.004357662592664026,0.001937298416749488,0.007955581362785909,8.60336232469499e-05
-0.4202036254903835,-0.3826581456151914,-0.2641675777091137,-0.05703416572508091,-0.16189734220566027,-0.3574123823842714,-0.21072248504792485,-0.4856510931504346,0.838531432152714,0.0004706586457067481,0.0010722842037387363,0.0013976705424115685,3.3247959194911745e-06
-0.10691190639026671,-0.27357110883328273,0.011037251500966017,-0.27706188850790125,-0.06465789857015597,-0.4924383516922699,-0.27852630578408255,-0.44999267308882496,0.9099346328562553,0.001633440947273953,0.0008603037241569705,0.011439201477191642,0.000134263582261813
-0.12652494215155252,-0.2927912097518457,-0.24051515984528593,-0.396610583809899,-0.016654012861965717,-0.39618459304178255,-0.16910341730203632,-0.446008697331297,0.8533425386298235,0.0006659267911701294,0.0003045010629204117,0.00143334286730355,2.5906511637677663e-06
-0.20797491388092543,-0.1893802757400624,-0.053609417804253934,-0.2573333993634829,-0.06845653379630662,-0.22757378660200955,-0.3330314236704282,-0.5066448455084469,0.7336948726758421,0.021313796527369346,0.011593501431389965,0.02464261061081075,0.0011959454555657853
-0.002705977100238177,-0.1273639264592203,-0.025705264288312046,-0.00997252319949965,-0.08283199871460944,-0.4363688757703365,-0.08639629527042555,-0.5985313337469643,1.2456327501829725,0.002330469392165913,0.00048647548013470884,0.0003359586328825997,5.780614183602802e-06
-0.4352971289181383,-0.17955428984553334,-0.35897252496377774,-0.2997207914023383,-0.40960934815571376,-0.10367073520859843,-0.18902342781116083,-0.5281909307928178,0.9553750529824507,0.00014788639158623245,0.0001953310945216407,4.716210963566207e-05,6.224888588870483e-08
-0.05566119410431547,-0.43094159392657017,-0.23124583288270195,-0.29459327640125477,-0.08919203464998404,-0.25820400390875187,-0.15312970107483023,-0.5465637651415896,0.8610357078156242,0.00017519468209312335,0.0003427515673678911,0.0001630626781393887,1.7476125056884638e-07
-0.11997929444295014,-0.20562598417870842,0.008689019290164857,-0.2817908005070675,0.013588852223237913,-0.2839719366875698,-0.37168176666588154,-0.5034979713093456,0.8442922458615519,0.0022675677480154584,0.0019943317848163744,0.0013640523643118488,1.0979861612353504e-05
-0.40501230127677945,-0.09331784857254677,-0.3587061187763574,-0.20580753996577095,-0.16407215845651013,-0.39616782576043486,-0.21234016676602072,-0.664658559071449,0.9981006947462855,0.00010981764153960445,0.0022803540087533844,0.000613354298453976,5.588277815062921e-06
-0.48210839344742723,0.013257338651177952,-0.0749571255994887,-0.43567326742107193,-0.05905589633595759,-0.3657722950891633,-0.26693874591678607,-0.604870393986376,0.8882723629134347,0.00013204856093058915,0.00013524475924584704,0.0005375259621647166,3.2466212734841105e-07
-0.37141193499807046,-0.09823949780075553,-0.10617175357429648,-0.06010218115533883,-0.42894095589893744,-0.11125518888295544,-0.0709286785532963,-0.5014285570959358,0.8286818256802952,0.00013759360972981957,5.670989525288891e-05,0.00010755805559528673,3.3716748981514326e-08
-0.2556915853779328,-0.3305406277737596,-0.1181625036745681,-0.06052559790173523,-0.33232040606715024,-0.4194979905365598,-0.09292136000921043,-0.5513299048671766,0.8507960980446367,1.8108787996519165e-05,0.0001491546022738607,4.633317903938544e-05,2.4721787062072195e-08
0.01567605353362178,-0.022021205596292948,-0.34928260209566053,-0.07650455984017412,-0.453359524447479,-0.02547612812409955,-0.03641066638202558,-0.45873318213391995,0.894723621197336,0.00017624999817860123,0.001104606252950132,0.0005580370092291389,1.56262433958389e-06
-0.09718083766219798,-0.3976311803245262,-0.3462426315611964,-0.19031147548268035,-0.31500601459967564,-0.11715841570732366,0.01676651023925123,-0.4261640465871918,0.7689993231198468,0.00025842866364478653,0.0006357777541557462,0.0009778024773630478,1.4270964116098685e-06
-0.19197130794112333,-0.3923451006646454,-0.18274305486033265,-0.4926892757225658,-0.441891136042417,-0.41617193510454115,-0.09628897204856351,-0.4827150394585716,0.863739499759382,7.494376319743047e-05,0.0002817205798256283,0.0008982413522734307,8.918205796734822e-07
-0.3160875897499048,-0.49380693606267073,-0.01644808769488726,-0.3754553431544241,-0.35926795376857046,-0.3046659906332678,-0.059250735466136496,-0.5978862383661367,0.8404377511525642,0.0017097179178070725,0.003632346453793918,0.0020118176220348697,2.016448626318984e-05
-0.01081586782121019,-0.3170539488430202,-0.2758109147736094,-0.34477621829872684,0.007647418226932712,-0.31027424306902984,-0.12029585489756214,-0.4725660130841468,0.8791174193524296,0.000889373345853284,0.0025518328339570948,0.0010252340806801111,8.35394068096375e-06
-0.45656054108539146,-0.15784915499568014,-0.1273654412279523,-0.30643466741859016,-0.39007971916605855,-0.2871892453845394,-0.20138624808613945,-0.5393281061838288,0.890100035146605,4.079192182227154e-05,7.509752033474066e-05,8.446823729755336e-05,1.4438501558536885e-08
-0.27168453053357083,0.017555897761687755,-0.053613630711822624,-0.17712737282162527,-0.39916266710850756,-0.1422844488777023,-0.09161216210394355,-0.4389803954989112,0.7600372529474984,0.0008965602527394973,0.00033587072597469523,0.00021588756672264172,9.632368728245036e-07
-0.10532051881332694,-0.4607978558789392,-0.30266701131487833,-0.3300391452761794,-0.20337571224203732,-0.16041232644849024,-0.025809186841382455,-0.5204849033997888,0.8248322169552167,0.004554589547141571,0.00025889832479024323,0.00017888737727256692,2.0843314979257907e-05
-0.4056783500380521,-0.25577709322086856,0.01592730099866524,-0.4917566276017655,-0.3070833218489008,-0.32615751879472143,-0.1675978869799741,-0.5297702259602034,0.8766688392015228,0.0016144356842497307,0.0018442722886618352,0.0012530569342921612,7.57789453388253e-06
-0.2890968295882743,-0.0480192679271656,-0.27208138008427357,-0.04079943922208118,-0.20071928162427588,-0.2791987986339906,-0.17720232702870345,-0.5608572475161259,1.0435120674918852,0.005841556440655941,0.003278001836213153,0.004196808748224162,6.248228135675658e-05
-0.3688023944179722,-0.07172079523275215,-0.165015730638297,-0.38964244366127715,-0.4323633434033566,-0.43477570910036045,-0.19181650876677095,-0.4763031587295977,0.8799127008920443,0.00020815485712945942,4.337262823142546e-05,0.00020217198184446073,8.608313966920406e-08
-0.02728257931836131,-0.2902364004500497,-0.07343994693230299,-0.03441171176491603,-0.3823068151469722,-0.4830623780964023,-0.027975537847131485,-0.416807942795081,0.9036160270463942,0.00017119541695376783,0.0007615533310048318,0.0005372075764419565,8.9786332693717e-07
-0.40622523499624497,-0.09805107305622479,-0.49198514841699575,-0.20665132879071269,-0.4005412818942157,-0.10133644516227813,-0.17371276874681982,-0.5202416301068777,0.98593738016279,0.0001496957312251881,0.0022548876136296537,0.0005417481900074069,5.400418063423782e-06
-0.2507246378566834,-0.21447843168008102,-0.3474277064118526,-0.2625791780769686,-0.4762294464681849,-0.0790497835236415,-0.10202072671398714,-0.4707343431919523,0.9414023477897592,0.0002823784934550041,0.00034645058132931714,0.0003282007547730314,3.0748135430292713e-07
-0.02810055984441029,-0.10862328974644947,-0.24227641832711722,-0.061232138289106064,-0.4980131445844384,-0.1537021483661304,-0.01265924836069717,-0.37404273002118565,0.8387830652896678,0.0002636344978278588,0.0004417981791767134,0.0003543497977528165,3.9025255873626857e-07
-0.10095932299591392,-0.33013875666001957,-0.054582720709131505,-0.49990119916418135,-0.17129749005190853,-0.3434675298900799,-0.1791321491966974,-0.4545880948711681,0.8080115643390315,0.0006732503050730258,0.0005513591802493955,0.0008826626270270657,1.5363562320765284e-06
-0.17311347964472074,-0.36929349703384745,-0.39091446755478665,-0.1743965988611218,-0.24159389327958647,-0.4026140420793034,-0.016520988553670193,-0.39896970843421914,0.8936883550776177,0.00011786821382062848,0.0009639216375728932,0.0008405778715377169,1.6496089973293522e-06
-0.03918903644560345,-0.041158935766572924,-0.21422442938466818,-0.1328300656807293,-0.2652788977721612,-0.08324945052714866,-0.002422267206921507,-0.4028437591644793,0.8095398107606552,0.00013686798522706214,0.00013695321138912435,0.0005588710257987167,3.498258509672195e-07
-0.06639475193386729,-0.10263695637238895,-0.3735626035736451,-0.4872660006970488,-0.15770839928851837,-0.28614599886861736,-0.18527958453238677,-0.45478093776637585,0.9371546243026379,0.0015930399187565137,0.000705873036378236,0.004243642112055047,2.1044531301444626e-05
-0.03498436054076953,-0.05287928567571143,-0.22244891112247622,-0.3037290416591335,-0.12924543871881516,-0.1311277583335499,-0.19027162913869855,-0.3761024467150237,0.795351699334752,0.0011944878439926815,0.00041607052278356556,0.00017199151149961686,1.629496969403598e-06
-0.14521289556823253,-0.06193949174302543,-0.19979433567269012,-0.23165739048309325,-0.23120777052415115,-0.03773005782993982,-0.13490728324967938,-0.36654619289939083,0.8043062777427064,0.0010781245560074738,0.0005123835514974603,0.00030113807767574583,1.5155736039377068e-06
-0.3092894106176334,-0.06220375289858948,-0.23745742684574678,-0.4556237455999501,-0.2665293665974499,-0.348577873224146,-0.22714955884063423,-0.446094776114194,0.9413523451782216,0.00023410219621051136,0.000350160065063347,0.00033277854859022375,2.8815747183756814e-07
-0.2254997767748031,-0.05627887522559477,-0.4066831258453622,-0.25288319536814774,-0.1970988290977006,-0.09969343801957409,-0.10486466138400057,-0.5287723643450218,0.9322701139007094,0.00014582877426676572,0.00014911673316050897,7.718645806946042e-05,4.9459580821918314e-08
-0.010691979499285187,-0.2136839017577601,-0.020758630191562932,-0.32498933958031895,-0.10255371891481674,-0.10286276167477809,-0.20382100765108094,-0.4288054616982997,0.6819884183830368,0.0008595474265437086,7.270003325198921e-05,0.00026427764535896044,8.139497471492293e-07
-0.21333492999893572,-0.40962986626170467,-0.299173766256657,-0.3487579385156021,0.0027768820178439846,-0.16479632029276037,-0.08825153149132588,-0.4942699847650507,0.8026549928648783,0.001022548550211156,0.0007280788321223548,0.0003373207810258987,1.6894896326355114e-06
-0.027300324883764326,-0.3459969197901186,-0.27695116953539,-0.20496639063674726,-0.31554134463703915,-0.2626201938799466,0.003993819222920542,-0.4309362241062698,0.8008701530166896,0.00033447300410742285,8.273825384551489e-05,0.0006240216028948343,5.081207700054873e-07
-0.18836033025541188,-0.48529129333769977,-0.32329819945346916,-0.49988471615064495,-0.24908043655913004,-0.18383965415817105,-0.014735938568322834,-0.6252008267072559,0.8374623087466477,0.0009311374950278339,0.00047328745559108544,0.000488620697105008,1.3297682359059774e-06
-0.45164496076585287,-0.3741109108847057,-0.08192425304931289,-0.06305358887820917,-0.2983787077794104,-0.07660366011856207,0.027415833864550734,-0.4589228989495836,0.8141204447927329,0.0005703112782047034,0.0011156165486767725,0.0018936965948629471,5.155942031124477e-06
-0.35588706842328577,-0.13282372439698953,-0.21636255569830048,-0.27114847897061556,-0.15865001638963616,-0.49303684686946125,-0.27100801033076666,-0.5527238607999548,0.92757766775559,0.0007283515599980498,0.002506427541327243,0.0029513950304678417,1.5523407640745598e-05
-0.4155294097916552,-0.3472117985182626,-0.14610744291980893,-0.13275763705208538,-0.1460043714232661,-0.10083910458685397,-0.2247708856473888,-0.5549425777723811,0.7461639163308005,0.0009272175164233516,0.0007204322142720314,0.0005956527611664962,1.7335571100084617e-06
-0.458633188272858,-0.44493776762401555,-0.05521739666370079,-0.31444436846021007,-0.2044469289485749,-0.23817854101862462,-0.1912344148003155,-0.5473031813935166,0.8236534103305032,0.0008580317155957429,0.0011393016922756122,0.00023232514873000536,2.088201745722667e-06
-0.1741354629044352,-0.45998771016146484,-0.09970908228946451,-0.43583078935516006,-0.1456852798463017,-0.29088610844163043,-0.1546061534028399,-0.4733148876611445,0.8244920587907282,0.0018105594460084468,0.0015752678699097343,0.0020912867642207686,1.0133074699705339e-05
-0.24402394924768805,-0.15071925813241283,-0.30707856963826885,-0.47606051489723444,0.001390006895234941,-0.22820801230788368,-0.28888695917450996,-0.47382444301082616,0.9189261205749756,0.003613101077335064,0.0032859222385088023,0.02012506609211236,0.00042887006956445693
-0.11408478664835231,-0.2237266864634303,-0.07376281061161444,-0.20639958687438253,-0.4361664232386581,-0.16620858637898123,0.017582387121352936,-0.3848756040111524,0.7314139829687315,0.00016504184717832702,5.288179989173822e-05,0.0001688491105805218,5.854531822365737e-08
-0.41017485189276814,-0.07169984979135369,-0.145847967754136,-0.011299508165584005,-0.17287798943841454,-0.3829151893235191,-0.24373216641177872,-0.5574131884825592,0.9895673400572493,0.0008142146917916606,0.000798185389671483,0.00087707422706783,2.0693046804010373e-06
-0.21028847617085278,-0.09867841598085353,-0.12981808528696032,-0.32200571287922775,-0.15921740168602178,-0.013660088123441327,-0.2937266234422459,-0.38852564502828113,0.7337257835270499,0.00020933828238098076,0.0006040209833453374,0.00048743901661456584,6.462606597098622e-07
-0.1438987775882416,-0.30900327082871626,-0.026405668200617183,-0.06963541978135018,-0.05530444466107276,-0.44444248411948317,-0.17017986404475177,-0.502489631159677,1.064763015402626,0.006515714593858052,0.0008781156941329461,0.0014886761447199877,4.5441780504755716e-05
-0.3487690065068422,-0.08913354261669476,-0.35710010213996424,-0.46167291350991485,-0.14470167351425534,-0.08437962263089971,-0.24216041390918933,-0.5709399722024895,0.9467100835081136,0.00022046054150580736,6.803220933602004e-05,0.0002550843299902494,1.1829924727474827e-07
-0.1662807397670104,-0.32068146505899764,-0.20891787413687468,-0.4888096252473206,-0.20741593900840977,-0.05446338914815935,-0.06445947921172206,-0.5017529855918819,0.768813854908257,0.000599574476397215,0.0007287898751213624,0.0007388634731928796,1.436543466845051e-06
-0.4594123177924236,-0.30067391379512737,-0.41427086688622694,-0.30239589375070663,-0.49323600984505966,-0.0695632816878044,-0.20342400136789549,-0.4362864403071211,0.9264569215418104,0.00021203230400222944,0.00020854514403847755,0.00040591671246958776,2.532171525046412e-07
-0.24195347862254069,-0.27332260590761503,-0.1870667478690453,-0.05798533378745174,-0.3485444230913184,-0.36089117434925466,-0.08708040763078688,-0.44158629040729136,0.7811251790810729,0.00013307393028799246,0.0001406158238953533,0.0007693054066271089,6.293122895177638e-07
-0.4742630119896759,-0.36147247125868875,-0.4655698389335233,-0.4783895866695786,-0.21258010765060908,-0.4044058585501516,-0.22090640014606638,-0.4382681918884599,0.9690369742274201,0.00032045246853279106,0.00023489893181140287,0.00037177311301013103,2.960825403121412e-07
-0.4613859845259809,-0.023308334465063085,-0.4226583759152759,-0.4506879888235367,0.004752590330145412,-0.15317717877114922,-0.2600308002781142,-0.6018349332379159,0.9975349922024521,0.005036106570754874,0.0010178225226979008,0.0012999904321427873,2.8088307203374324e-05
-0.12260789833168778,-0.2071339221734983,-0.4633973486575068,-0.062223834985476845,-0.28262491781326593,-0.2959167313243896,-0.07140755982846861,-0.6541023465423245,0.9739820815732944,0.00039278565236784647,0.0002686271811985574,0.00023580794480917844,2.8204651801984586e-07
-0.4296391931177176,-0.4411256593677341,-0.22843211488664483,-0.20425333342406143,-0.23028351777203876,-0.18117516746380852,-0.17903793655173356,-0.4955866273003856,0.7244370244235785,0.0004081517616765652,0.0003524841516341752,0.0008620776901970402,1.0340108816484117e-06
-0.04362539919453112,-0.237813480628832,-0.3028432070760684,-0.36658219465817754,-0.3404397459234391,-0.20838033225330216,-0.05151341003087984,-0.4488594156935782,0.8666154562253214,2.7674463415188157e-05,0.0003517475505075093,0.00035722711407318325,2.521034262424064e-07
-0.0864063825934907,-0.2706170644353394,-0.47880358979952053,-0.4021596580537595,-0.45286083861902143,-0.3266614247045153,-0.0972123097248584,-0.5511128283615918,0.9561686126807154,9.970959885533955e-05,1.92400746619121e-05,5.6925027906266864e-05,1.3552643379017943e-08
-0.14412413780310984,-0.1928283394094677,-0.1556936532217148,-0.26361053192136125,-0.44291412078542436,-0.3459469033795417,-0.04360079368648205,-0.253159685034449,0.8187310153375514,0.0021977064997482417,0.000381563924824847,0.005730057184796828,3.7809060228805176e-05
-0.23430055096084584,-0.2414742181622201,-0.3732960783008715,-0.0708431897532335,-0.2746770652867392,-0.06036281491644624,-0.03866057554839593,-0.41106220942971927,0.9455428871315019,0.00012050086608782775,0.0007589632331630375,0.0005906631884908187,9.394286502593483e-07
-0.36194383222761406,-0.010191415345972399,-0.4418341798713629,-0.10002510493232708,-0.48950304443494597,-0.37711325495841425,-0.18423227235452627,-0.5937960988888762,0.9914060076907377,0.001925415293905608,0.004017771476678663,0.0018750492760464203,2.336552148042048e-05
-0.04731228175869945,-0.31794540009813066,-0.015110663609431196,-0.01670315967611452,-0.08389986001537725,-0.29402516640309584,-0.06676431753585561,-0.4644518936421929,1.0231457798877588,0.0005003600379267143,0.00033261200056697695,0.0001997387617189751,4.0088648340821915e-07
-0.053700378213291766,-0.26230574479701396,-0.43439045855547354,-0.056981648162027276,-0.07555171370061414,-0.42950597096480175,-0.03351337646605095,-0.6436380745036145,0.98978108925647,0.001464850987039828,0.0006198175649445573,0.0020973125086582553,6.928681987019743e-06
-0.04940621117120192,-0.23013921238604934,-0.11333280557366843,-0.3605484691841771,-0.3879600284127422,-0.058877336248007395,0.0013510137846652795,-0.3764827519600586,0.7203807473934899,8.20620024483032e-05,0.0006163706995261448,9.968933405046572e-05,3.9658497480359986e-07
-0.18788882500952947,-0.4231931578835012,-0.3097475551491125,-0.05330137452483974,-0.25649253750864376,-0.3248364942815554,-0.011908097076827957,-0.5106761226208235,0.8576174051521152,0.00047413748233809597,0.0008779182360984716,0.000274762579166216,1.0710412563422313e-06
-0.32270399026030394,-0.07118501483833678,-0.2637645056793092,-0.006856178577942351,-0.33765592153118185,-0.10663022883207568,-0.07029214938736321,-0.4903433707410055,0.9239977587281747,0.00024181992049168935,0.00029742123067463594,0.0002662330331095573,2.178162903213366e-07
-0.3514331438008431,-0.1007238229725747,-0.4908490522318015,-0.4324930895879765,-0.36518640860464496,-0.047552178391653266,-0.16849453010269616,-0.5037020230279204,0.9523507156531238,0.0018456816127856155,0.005630698007274981,0.0017659891052724977,3.823001818484649e-05
-0.3323008442997717,-0.2485667185755756,-0.44433684957673586,-0.20532729126977228,-0.4500828423494406,-0.4263667843319758,-0.1843109575275107,-0.5536308928911854,1.0719003354464465,0.0017855757231298188,0.002207799273206318,0.0015207537305037305,1.0375350202641933e-05
-0.06811279540501597,-0.2934649331038366,-0.049952960442696426,-0.11310363661249756,-0.3954987044052266,-0.4558981261392837,-0.025521660101194533,-0.4201522345059072,0.8934689270276122,8.982778357860798e-06,0.000942504487460402,1.774651490646807e-05,8.887103379813467e-07
-0.08349435450064041,-0.37316665115384207,-0.4681480702324305,-0.1870510622776561,-0.42381991886924647,-0.47253530365322427,-0.03975895575889063,-0.46219959293073754,0.9690953429997694,0.00035830850552652304,0.0005253413240595579,0.006926287767695972,4.837783073283213e-05
-0.41089422874837384,-0.2428183144770682,-0.3139709674222487,-0.06736933755208702,-0.2559947616121405,-0.2115301557692122,-0.1979275760554763,-0.46623081952536766,0.9140090321601382,0.0004157129479892443,0.0001879576172265293,0.0005104724319914371,4.6872742482263497e-07
-0.29852483288215104,-0.1074518240502027,-0.1417513085311895,-0.1433983862808838,-0.09877091803075827,-0.29272481306710507,-0.32752034636116767,-0.519842581677175,0.965092497258482,0.008118905711559007,0.01156181154714284,0.007207943547762526,0.0002515465663925624
-0.43807536255532364,-0.07467460904290746,-0.3203283075082418,-0.14028343965064183,0.014002272874774957,-0.13508389756871175,-0.18207625938239413,-0.6419082531397873,0.9885834795056001,0.0002466592126600589,0.0009035459675286349,0.0006645431449125754,1.3188536740776338e-06
-0.028523419811746997,-0.4930554267100662,-0.18606691567622152,-0.44939220006214425,-0.04629759197129096,-0.0006711684237316051,-0.1483350908981931,-0.4806651586393661,0.8041612694380649,0.00011396335196638953,0.0001694222853426291,0.00046506002263382883,2.5797238101431177e-07
-0.48224013968144486,-0.4307040978081678,-0.06696426172231429,-0.1428190579653993,0.01046204382472482,-0.10661521867673385,-0.2310806109212479,-0.495204254976641,0.7423367356422825,7.726526544799381e-05,8.447868374585843e-05,8.842123812370249e-05,2.0924884603510214e-08
-0.191021161247225,-0.21959350807258948,-0.4948689729520919,-0.09241635380752683,-0.3003190710680025,-0.4445403362521466,-0.07719141990514897,-0.6714530086778445,1.0043494485789348,0.00020828422559693213,0.00028749399818043424,0.0002436874532475373,1.8541869249255595e-07
-0.21564590550137486,-0.3076193751418901,-0.18495386342470638,-0.491330494104435,-0.41421242198093744,-0.21928791649434426,-0.016908932890011347,-0.478448041112799,0.7207028104105438,0.0017485375139252044,0.0011463485619755077,0.0001741240266878553,4.401817639817041e-06
-0.18284814356353285,-0.45724863717813086,-0.16908350476863027,-0.0625650028491026,-0.3508725145257957,-0.22890799510709037,-0.03170975349234825,-0.5296184369382005,0.866413174963516,6.550108633456674e-05,0.0007080570993779713,0.0004198458603306081,6.819057947273029e-07
-0.02881797703996314,-0.13446096367220123,-0.39250438946159727,0.0025761909992220167,-0.3221209771395622,-0.07141473076895666,-0.042750930796996364,-0.4567938546902841,0.8786892885360945,0.00036976441625935003,0.0016714196772716836,0.0019253945088339652,6.637513475750586e-06
-0.2646909126237835,-0.08932086765418279,-0.021120209452010485,-0.030583866365961943,-0.08160672045978101,-0.3320543879319461,-0.25131695331440124,-0.5555393622499466,1.096169230079019,0.0013106471342470896,0.0008640634170998936,0.001362014290923065,4.319484427959113e-06
-0.025432574478824188,-0.4202633174721182,-0.36469861215620714,-0.16389632348278144,-0.11094581747418641,-0.4738251327383184,-0.04063574642094288,-0.5320624999149399,0.9031809106096255,0.0005907958520544382,0.00013766415513677204,0.00040343560247318625,5.307514437571534e-07
-0.3601906305484612,-0.3081027288969177,-0.05943180733232173,-0.49900297408555955,-0.037202298326134475,-0.3259401095964869,-0.20678607966809562,-0.6226049347040649,0.7635873586531692,0.00023240576411972833,0.0002925971171641312,0.0006646352058881384,5.813654690748032e-07
-0.17938175205372175,-0.013404390641258923,-0.46796875665335574,-0.21646820367599484,-0.3844469041341411,-0.13483130727320386,-0.05432161980512775,-0.54908002039725,0.9334009876114281,4.5792932256445494e-05,4.9396212536062784e-05,6.272270289574085e-05,8.471115916098671e-09
-0.07473446856055116,-0.3719502891613262,-0.05285482293988886,-0.4077449953236453,-0.25036242003549497,-0.4317330421766313,-0.10446793826150182,-0.46274376382257926,0.8673981464358943,0.00023072510988180581,0.00010287268247800553,8.014959800330618e-05,7.024082319028348e-08
-0.3400913122471271,-0.30545401827233104,-0.13846120417889435,-0.3352379380153907,-0.2245792309228412,-0.161313489173742,-0.23495832893674246,-0.5638846043565588,0.7338336995912875,0.00044689183386188816,0.0005525129466134046,0.0005898502510548628,8.529061860173531e-07
-0.09141763239451972,-0.3473600168076837,-0.47069829168856914,-0.3767329200254121,-0.21610757188806134,-0.043607825962576174,-0.08460919893769986,-0.5620163913444325,0.9293075300980955,0.00047420320813898047,0.00014107940779303332,0.0008083314226580181,8.981717707688688e-07
-0.15807666816291432,-0.18421501855631706,-0.4834783389644363,-0.24102085401807222,-0.32793106500697167,-0.31934345814213405,-0.09321582024069858,-0.5496955339054818,1.0006574888435584,5.013607070311141e-05,6.663886503268975e-05,0.0001305542506504865,2.399877628130248e-08
-0.001118216339057343,-0.4149969494156622,-0.4540487867655766,-0.3413536364483104,-0.1657968620105812,-0.3598035359127435,-0.0027823338475303707,-0.5646272584608028,0.9885696472372406,0.00045355031944004163,0.00010152381791979118,3.5501744870670967e-05,2.17275351758037e-07
-0.1329731525816194,-0.1385522278313674,-0.2721390804476015,-0.06595636774038682,-0.33163255809789327,-0.17593922734330153,-0.022166198442847385,-0.4148441024080863,0.8911306199481884,0.0004745221108719197,0.0009118786922374134,0.0015602296578466305,3.491010568287171e-06
-0.219188054346112,-0.46271905621097353,-0.3194426000827745,-0.20716795270826838,0.0075498712635792,-0.09250114362633777,-0.014556391017580456,-0.5121215643791317,0.7925805251924853,0.001759429946650217,0.0009696325738929971,0.0005428953731454944,4.3305164517067295e-06
-0.24992836202242447,-0.3978353542636295,-0.3596195155433556,-0.4779395086022607,-0.1975779777020284,-0.2794002820288374,-0.009018410220439341,-0.46751960178954044,0.8537795951201298,3.8478472888449814e-05,9.567633613606086e-05,0.00013963173713351585,3.013157618717094e-08
-0.15755777141225757,-0.22363948277910317,-0.28327224814194135,-0.31694649302228217,-0.4788764318091295,0.011142876701001447,-0.019445814353757696,-0.3539485654244338,0.878050952437477,0.0004474019754008975,0.0022906871151696937,0.0017533274825056373,8.521573248106632e-06
-0.4608974099870901,-0.48675763328985194,-0.3880424826368508,-0.42918315173292937,-0.08689492469644217,-0.4211525744804596,-0.14033381158479577,-0.4311489377682822,0.8309449841094604,0.00026234454301811216,0.0004077172199884542,0.0009996117981974878,1.2342817378221104e-06
-0.12172494917464993,-0.3644142357880714,-0.24408435313698967,-0.09302099171195233,-0.13670399833352692,-0.06966271691998277,0.02627259131329139,-0.5589557477417076,0.8002782590728691,5.0338148648989044e-05,0.00025126104089407677,5.174953816401082e-05,6.834405458077107e-08
-0.32322596517485924,-0.4931108418885728,-0.01558407439268178,-0.33305899482645673,-0.06170322539394668,0.00020611749996768403,-0.08910854599816245,-0.5188484976833376,0.7415868113177569,0.00016590852196024343,0.0002721812690807887,6.181351500845114e-05,1.0542919153516128e-07
-0.2168213937846637,-0.15809864532212808,-0.311137963492678,-0.40046873063150895,-0.13743506179756154,-0.49850118265202276,-0.2099580411700329,-0.4294811971277783,1.0135751437066853,0.000803093388762007,0.0015729480436518152,0.005515642203919102,3.3541433460754896e-05
-0.10591952709785912,-0.22128418172732112,-0.15016451367981604,-0.13149070939313984,-0.39292686115955444,-0.01815941666507853,0.023751657664217208,-0.3012211468287801,0.7151845088258793,2.2070735202215754e-05,5.247545816619007e-05,7.408542477919762e-05,8.729441226832038e-09
-0.0923819105243146,-0.49623872539300384,-0.17926352127156125,-0.19080079765644986,-0.44513354118464443,-0.19205480826400545,-0.01755446477729282,-0.5222752219059755,0.8013821739475967,0.00011555552140845576,0.00025153769334599035,0.00010787214700200067,8.826068980062279e-08
-0.32967844649856437,-0.19647498283162462,-0.4463448980763106,0.018130608860347452,-0.15984662355796164,-0.25987147059654425,-0.22506632871514617,-0.6531065860895654,1.0932530151600004,0.000631595358243208,0.000852611096972688,0.001091738680070732,2.3177517247979206e-06
-0.2056177319286039,-0.4858620724078087,-0.375158584046935,0.006838309423571776,-0.45786360958485733,-0.4263155350962392,-0.005625684801711359,-0.47349888952807473,0.8346937734859544,0.0002609796127538908,0.002103370304708964,0.0011573989475122395,5.8318493207070895e-06
-0.20199982419278562,-0.09753449482261745,-0.056505956652204814,-0.052161292922046465,-0.10468447866946584,-0.319217977411705,-0.28528599059847504,-0.5314358941514998,1.1345142735269014,0.003975884179594018,0.0011621972469234314,0.003224427189392176,2.7555288149993944e-05
-0.1975777999694135,-0.07717597841086071,-0.42780016241247515,-0.4576613019595736,-0.26153569816059224,-0.3386230250571508,-0.10341239828234779,-0.5291278866093314,0.9759397384008645,8.518374655042406e-05,0.0006883086740028619,8.679873873721289e-05,4.885591224303159e-07
-0.4980579403862812,-0.2312309708015931,-0.3060515562605151,-0.04077003694216691,-0.3262284666365691,-0.15541104693764118,-0.22102346462625685,-0.516725326503543,0.870623410319574,0.0011059283041918709,0.0009241216878527626,0.0010402419388957562,3.159181599410147e-06
-0.20459924217727143,-0.344173362728157,-0.25684173065848015,-0.308816820391543,-0.3764552540132188,-0.45417628028716317,-0.037303168225446035,-0.48507722384990515,0.8527860635755021,0.000997875552119477,0.00039147771274641825,5.08939720917063e-05,1.151600613490189e-06
-0.4728969105773184,-0.3841943763976897,-0.4566739717402885,-0.421671752487921,-0.43504165954441754,-0.30588458227792026,-0.20444285872594758,-0.42247016235926316,0.9328365231178134,0.0004487228615777587,0.00015309599281951823,0.00036321574730262924,3.567162686085338e-07
-0.17447490929978116,-0.21314665535693417,-0.2977972100072557,-0.11866744648872285,-0.012768891191298815,-0.29389526875468686,-0.16093647801053665,-0.4635005444646551,1.1022933909634272,0.0133639554509026,0.008844873017779677,0.004845141170119006,0.0002803024769527385
-0.37614959747535787,-0.4977073895123296,-0.48288569878594506,0.014827879984655956,-0.3725248685565361,-0.47876964727571125,-0.029176002702642825,-0.43492050728407883,0.9328848769404056,0.00028049357377331904,0.00011821884534592218,0.0010093478444850867,1.1114354114897414e-06
-0.30483057000399144,-0.2326246590968995,-0.37807242814318703,-0.4095335663629641,-0.2978858716200056,-0.1479501057405772,-0.17759871668934935,-0.44972527901435055,0.9710086972571008,0.00017726594386483378,0.0016363157687081175,0.0011841560840516563,4.111178141173684e-06
-0.2613009170957207,-0.09414857920327985,-0.13299054392320558,-0.30807858501958074,-0.24200476572754281,-0.08451854785297602,-0.24288216101736476,-0.43812770810525303,0.764564425034511,0.00034534606157697167,0.0005146297461122392,4.094057551313919e-05,3.857838085536204e-07
-0.4923195974418859,-0.428034471208405,-0.0797837768872966,-0.3272844483473216,-0.20923892460254961,-0.47114328355463553,-0.2094570216656961,-0.5059574557614368,0.7798277357389751,0.0004876652148858938,9.56356105182635e-05,0.00017415285728703187,2.772927495101431e-07
-0.2135977747825703,-0.4855761914533874,-0.3922256131700553,-0.26709366475974705,-0.22761760321870206,-0.43483963746187854,0.003292812211412858,-0.569000463127164,0.8569222753923059,0.0010301689434663872,0.002098213675736068,0.0005220178233972834,5.736251289072951e-06
-0.36314844746024555,-0.4270853512402908,0.0038837556224848857,-0.046036178826428686,-0.045422319319556925,-0.2518704240244217,-0.1345111000874992,-0.5064515195128725,0.8138707550395564,0.0011466685062921813,0.004635417147744706,0.010274312554947087,0.00012836343927367136
-0.4816169141420005,-0.1136589756979679,-0.0891179135888982,0.0018680100782137998,-0.4813941091316779,-0.07733793768555308,-0.09809259172338226,-0.50338955447107,0.8283172580706437,0.000593573032992563,0.000375683672235252,3.993632064756055e-05,4.950620767870195e-07
-0.3248649767129602,-0.1533733488439583,-0.031708646050791545,-0.3691585855664008,0.01658267418241599,-0.48031868046530574,-0.33237779531580525,-0.5998901591790418,0.8614034814435247,0.0010740897511339435,0.000684229120092149,0.003284545426651621,1.2410076942011129e-05
-0.44034789542072084,-0.2500475746180804,-0.12614557539755306,-0.018223155203331676,-0.05941884727395952,0.004666937627301637,-0.1997672705251442,-0.54147309200924,0.8572559603879082,0.0005870681543385043,0.0006529320721329905,0.0003481286636476271,8.921628751113811e-07
-0.2704935074991627,-0.28871599615357535,-0.19348595200688273,-0.14018653195406905,-0.030501799309269884,-0.19214781860036734,-0.191364798682812,-0.4225663400388111,0.7736625430590389,0.0022628150510334423,0.002186540452508621,0.0025968452521038946,1.6644896369014623e-05
-0.03035687338106613,-0.034864729739660094,-0.04616553293666581,-0.35505147852555363,-0.2887235294880802,-0.23578971798877968,-0.1210285801202185,-0.18839851294700674,0.7202026133668006,0.00021079155363063284,2.9755948066225788e-05,1.2190100956482596e-05,4.5467094088665116e-08
-0.02889666621731546,-0.28384724975944975,-0.09889361377510991,0.018995077501165913,-0.4590397535413448,-0.1322331007892213,0.0010955292989553507,-0.47721029276742094,0.7771478081795042,4.1730056732784474e-05,0.0001438432374466125,0.00023862212863723294,7.937279486940813e-08
0.004229862542619478,-0.3619074632359061,-0.15654202756240232,-0.10491484644288451,-0.4237221194070253,-0.04742122580901825,-0.0035967568164000955,-0.526588176385617,0.7913246794258755,0.00039108785459136407,0.00013606665314915781,0.0003244422830740783,2.767266391544095e-07
-0.23728090812873387,-0.0027261442258409985,-0.037360598205874396,-0.0073317346302647635,-0.40493466856726157,-0.0659824851742668,-0.07260534430743198,-0.44164607797916505,0.7701122918210211,0.0008240527552576957,0.00035639723486929675,0.0011941515432583492,2.2320798407365772e-06
-0.05133393897959426,-0.007415277059538261,-0.16223553850900058,-0.30836332733139893,-0.1948161149437183,-0.41790131022304816,-0.26130940815789133,-0.20836459180445183,0.9976264881065731,0.010876399204834058,0.006816165844844794,0.03094600470329219,0.0011224113835835265
0.018016811301470814,-0.12444560554996303,-0.3234305110138571,-0.022185147558128837,-0.12955674511801102,-0.326775237140837,-0.026024641852341417,-0.646042891441902,1.0995862085936041,0.0009113946158901824,0.0014063007688873948,0.001215882234853869,4.28669160748013e-06
-0.016720057161678625,-0.3313422258056332,-0.3336202678058511,-0.48454315813760995,-0.13552779170935225,-0.44383917998590455,-0.04536546852069315,-0.5228498809971812,0.9605183979646993,0.0015118635597938758,0.0023711668632721053,0.0010851024530812194,9.085611050595163e-06
-0.47469043174784503,-0.1588447667331277,0.003544707583144957,-0.46662832894663275,-0.10487968108606399,-0.38109654413574623,-0.25716649642310835,-0.5959956452893963,0.8686411315106981,0.0002471306481358627,0.000839112786294621,0.0008474481745577485,1.4833522339324339e-06
-0.05215881462099348,-0.49368497142537837,-0.3990423894272127,0.00707554094427687,-0.20079695308648138,-0.4315060583545276,-0.01817258938683319,-0.5233399186874466,0.8837875613849704,0.0012235744489721206,0.0018880611354541324,0.0010998709090298767,6.271625299919984e-06
-0.4975459342767977,-0.2873032485003342,-0.2740982504491256,-0.22294223384725748,-0.14598508556759432,-0.41993292815265065,-0.2451802772120128,-0.6065603084610687,0.8514384306387968,0.0003920344271590925,0.0004863264414805567,0.00019807759946912333,4.294391351725497e-07
-0.3344513891512487,-0.47244742480996327,0.01818201002220876,-0.27959783808756716,-0.14718774225189313,-0.35166312869374283,-0.08917558016239163,-0.5326667911178588,0.7624436756993689,0.0011076193282280123,0.002703819158994792,0.0019208947386411468,1.2227295217750819e-05
-0.4260467039651682,-0.39936203188502645,-0.49210102142887474,-0.14209512741160368,0.014638561666005634,-0.45236751270950365,-0.239993773872315,-0.4770332743087927,1.078988721614178,0.0019448572417213679,0.0009277960930917071,0.0005651881528811406,4.962712929189479e-06
-0.41407520495341665,-0.08311765054187509,-0.16907773911647073,-0.007144098174908964,-0.31034972591704013,-0.2774075713807987,-0.11888029956643589,-0.48856137303423586,0.9294696485300089,0.00031009539488537524,4.747154294321279e-05,0.0006213516317175392,4.844905515565745e-07
-0.3510706868861094,-0.08171761955062679,-0.4024915162664394,-0.3025035387893671,-0.15711302051958098,-0.0250402481931295,-0.2346449990293739,-0.5467780545407811,0.9579386929037292,0.0011038007308616156,0.001975781532065118,0.001492836496735292,7.350649521885122e-06
-0.07732859954882865,-0.4558194397460912,-0.05067866287003864,-0.08851065383265727,-0.25521812891536433,-0.21203617204867115,-0.02202194977292354,-0.5091204094144959,0.8357133692282014,0.0001585535893066057,0.00031356627841368494,0.0003352464334843739,2.3585322280420916e-07
-0.2695291164154092,-0.4711595892758246,-0.3334533997749113,-0.02519604690547228,-0.18870809020768792,-0.44894541606828414,-0.021756361202653215,-0.5140374019585459,0.8690823019998553,7.443781160482246e-05,0.0006741071523527897,0.00032130563132352463,5.631987493699108e-07
-0.21325072875557838,-0.1784158082426136,-0.07815591246362258,-0.1975754035941275,-0.3953012258451718,0.004362787999800277,-0.07455127146650481,-0.40740525407952377,0.7213925418253193,0.0002558420738453087,0.0001519750564524346,1.0147107756717162e-05,8.865454832901549e-08
-0.3459422576056721,-0.12281075468908015,-0.14238276763989394,-0.019896090910009212,-0.10218604184031066,-0.2983934203856905,-0.1949556911797541,-0.5272305548651822,1.0265202803888456,0.0017930380025541156,0.0004920705232621261,0.003070875394851771,1.2887394369172734e-05
-0.47503093982269007,-0.15870434044497028,-0.49381962318482375,-0.4727504862389268,-0.48795615531796177,-0.20197214906515498,-0.21426205642190477,-0.6050628185892896,1.00465341615149,0.00010191424419512533,0.00015042753834304981,0.00011333796294005482,4.5860451305214595e-08
-0.09052989404082323,-0.4634689292338533,-0.333965824544736,-0.302826657420814,-0.03229568107902675,-0.16390523885490738,-0.04447789364306543,-0.5255175072102914,0.8350250651596606,0.0004067710887559233,0.0001473805856323294,3.88520916872251e-05,1.8869324069748015e-07
-0.28952948100790976,-0.020555445446238885,-0.14269177179718096,-0.15043183619165912,-0.12971149597527826,-0.21824949834976337,-0.26346638188087945,-0.46046996816751684,0.8997172960320515,0.0021468029670605143,0.0019716935268860873,0.0029044636847445305,1.69322476393441e-05
-0.2569007631670983,0.005695644102827857,-0.2026499521535911,-0.2887772337573654,-0.45134046412298545,-0.4000251396636722,-0.19746429019411232,-0.3694625410977065,0.9319258489857271,0.0002108852607213154,0.0005381092703490855,0.00040683930367887907,4.995523990430376e-07
0.011310584126228318,8.638008021466526e-05,-0.49845240881147823,-0.45954651952267617,-0.14697695838976055,-0.38663135953283967,-0.1370201067714452,-0.5499621612382615,1.020758387011371,0.00018270260550566536,0.00034903377266322887,0.0005415218093189525,4.4845068648615723e-07
-0.15490043033372936,-0.3908925610109822,-0.29364182120991394,-0.3305391786278653,-0.3718285024744947,-0.09694049982238373,0.01907105831432682,-0.4868943929042822,0.746880037594911,9.727416695826602e-05,0.001330020037908947,0.0003096727190032391,1.8743127576916003e-06
-0.34201680984891897,-0.024379320790723524,-0.40186517952775613,-0.03463322340526498,-0.4201859524936876,-0.34610884618053633,-0.14446328319084645,-0.5937667682602861,0.9987005436323458,0.0003478060162171547,0.0004959921030863781,0.0004031753240256846,5.295275331441116e-07
0.011525529635336262,-0.47539467099746385,-0.06408686506691069,-0.41488463468599096,-0.23007021166891584,-0.0017360104396302867,-0.11076806723957251,-0.47537498552154944,0.7780956049228858,0.00042447676169059327,0.00017751734858503852,1.9999651208623758e-05,2.1209291631246122e-07
-0.4381564542460547,-0.3040101738639863,-0.23574641852254996,-0.1608390929128507,-0.3251561869844469,-0.3706516809103496,-0.18725880291525224,-0.5927535070360191,0.8635731520813292,0.00016171374207802077,0.0020977445332166075,0.0003431671916592795,4.544447182448357e-06
-0.02793343941285703,-0.49580458388416987,0.010236047649614277,-0.4223619343086766,-0.3798643132462017,-0.11955175769357551,-0.0607592154356047,-0.5013322321923989,0.7715417900987217,0.00016190164538616218,0.00033643119202011546,0.00023368729934059084,1.9400784361592134e-07
-0.10840817849867651,-0.23323006265089358,-0.4887953027989745,-0.38421663124558936,-0.39184710040174714,-0.03599500886744322,-0.06475172001617556,-0.5193697977916393,0.9307527833244408,0.00044192381168902073,0.0004782226790064356,0.00045428795934126224,6.303711360562939e-07
-0.2614059456637291,-0.10092961318310878,-0.028757473543707335,-0.29556146592759347,-0.01958010465104998,-0.14618449574872944,-0.34247648871404124,-0.6848968156433788,0.7172498260430763,0.0030546208690865576,0.002772891828645013,0.0013075188555307987,1.872924330479397e-05
-0.18547283391609048,-0.2656457294581077,-0.27010202136721295,-0.33152696052973696,-0.35497017240044604,-0.24772495829155455,-0.0004460600845398658,-0.34594663008765697,0.8288708224698133,0.00024634400052138785,0.001588762974463366,0.0013017309817350462,4.2793567044274515e-06
-0.28801654377571406,-0.36359506844710787,-0.4616624488962304,0.006100030833825709,-0.20217964279601136,-0.3252971512827361,-0.034217682647964515,-0.419061294454599,1.057664766576041,0.00013169171699173885,0.002836687406063211,0.004839599394061322,3.148586044304057e-05
-0.05268172310478808,-0.10239753210203106,-0.32941875969385986,-0.014561579849897588,-0.05261581266278709,-0.2981981247871135,-0.07906421147572656,-0.6506887781870602,1.116041143055431,0.0005356746088010447,0.0019138552806949062,0.00030338235277621985,4.041830173933967e-06
-0.06303993640172656,-0.2467352037154097,-0.0653597232722033,-0.4143213623331409,-0.42428938316480563,-0.3776639879146276,-0.08309191622867382,-0.34535096930519166,0.8311858533846113,0.0001135850344014499,0.00025268667649118155,0.0002475876123636047,1.3805174231204817e-07
-0.18807423916515215,0.012113058095923779,-0.13272460690489274,-0.3971749031096723,-0.18871231185233717,-0.03654944062961313,-0.28927117026007404,-0.36214338727994316,0.7362845994841821,0.00030758336516725456,0.0007776249759122103,0.0007599195616871111,1.2767858699248095e-06
-0.2231897785331527,-0.25696474108717615,-0.1123951249156197,-0.26389700146641826,-0.17076534644221597,-0.4963460569463244,-0.17212747500864214,-0.4083004737203926,0.8768647981167655,0.0005936255577655508,0.002836628313041253,0.010776957519064049,0.0001245416648568909
-0.10333828973257952,-0.00026475851831631037,-0.06048464855840102,-0.07531007739120116,-0.25373441363725163,-0.1176130513640572,-0.06647532183708361,-0.24402989691926363,0.7302449220606261,0.00033856819215750283,8.858251010944079e-05,0.0005958529041015398,4.775159651643279e-07
-0.24563726620837606,-0.44095792705094405,-0.48256164974643334,-0.31893809200355916,-0.06495216198143494,-0.25551419726307556,-0.03699803988741115,-0.4791727180219402,0.9816484438040027,2.47977075723727e-05,0.0007835726610230512,0.0010977495765260587,1.819655174166731e-06
-0.44226768347331735,-0.48255124430353263,-0.22551360862232644,-0.3708272436114475,-0.16786652603585211,-0.3462210653841409,-0.14742256466778608,-0.5050043341604276,0.7597140616587572,0.0002851300062921127,7.579376645903982e-05,2.9048368929514512e-05,8.788762325965289e-08
-0.269331249803779,-0.4264769618052753,-0.28897279702661266,-0.2043130617094875,-0.22415494331195673,-0.4468700264712108,-0.03317920725695328,-0.5732329847184148,0.8445812500643485,0.00031132905999997016,0.0006977715751207636,0.00028035682995638394,6.624109067501693e-07
-0.05277892567117698,-0.12878312620714982,-0.42260771906581984,-0.44266862140910285,-0.4098506127509984,-0.2866735396622455,-0.10084170014693283,-0.502307784755956,0.9819303775252118,6.86421403903015e-05,0.00020172586258210935,0.0002559124657091347,1.1089625717718695e-07
-0.3726875585425157,-0.3811014445044826,-0.1736229607335758,-0.4379072521076855,-0.3892347196760976,-0.024486313610017962,-0.17766215715563596,-0.5156161924775797,0.7044750560246921,0.0007081910392282182,0.00025842471663096653,0.00037981169972909674,7.125748094600446e-07
-0.4387970214013018,-0.38415783410526105,-0.027582456168435854,-0.09384705282852224,-0.2669003430508724,0.004164631826343079,-0.1765701011985608,-0.5012127274913447,0.747659459216256,0.0008888335691809013,0.00121570499000112,0.0012549841772584384,3.842949021585523e-06
-0.3299973155086932,-0.19127352664496422,-0.39424898551560683,-0.26120092889976315,-0.37244211893732293,-0.12520384889505565,-0.1536944193688856,-0.510076396034541,0.9452362505126818,0.0006652311972867264,0.0006992593342995601,0.0008307645738181214,1.6216659395598006e-06
-0.4042147878238305,-0.039279536321709385,-0.03359138616523788,-0.1003485940247893,-0.039315631496442294,-0.3427604612724932,-0.2686025367359184,-0.6194428186648502,0.955952366765581,0.00017603493058625344,0.0005415211819571796,0.00019768971399703646,3.6331471031503784e-07
-0.4730692600392662,-0.027676619872577857,-0.20002731554685754,-0.4771483762490973,-0.0965120585545276,-0.33281217463874463,-0.21307795843706617,-0.6288951566234235,0.8819153648287977,0.0002672466287216589,0.0007683110847820477,0.0009667876152145973,1.5964009764943877e-06
-0.004956154303673466,0.011999787857819189,-0.18662669745395977,-0.027924190856397135,-0.3143375592035227,-0.3571801854706602,-0.022689358060543334,-0.2633737030753135,0.8853956055189095,0.00010197538772723493,0.0007166833023960767,0.0004089322257446948,6.912595008879761e-07
-0.12031054785779055,-0.20939555157911433,-0.48715744723008303,-0.31866092967714243,-0.49550917123404337,-0.3392934367427883,-0.10363213729088562,-0.5406828607530951,0.9878333892957978,3.809432846382792e-05,2.094870028673398e-05,0.00013519865182777367,2.0168701360860974e-08
-0.25680141959131564,-0.3117851370732102,-0.2274454092115799,-0.4846727718816356,-0.006564131351315006,-0.3902227382653484,-0.19451788467686937,-0.43781022005490267,0.783108578086476,0.002915820633471709,0.0022293221234294777,0.0009612700558212299,1.439592721681002e-05
-0.45625579856297765,-0.18484976272256926,-0.15105552144593964,-0.33314330942331816,-0.02396316074972965,-0.41964544141780546,-0.22276088265957436,-0.5820251059208322,0.893898173525075,0.0005421986813946507,0.0008377026026658053,0.00034565555715744154,1.1152028248129833e-06
-0.4105583343213378,-0.061310346498239354,-0.26645049681412736,-0.20891286116056557,-0.10074944425167126,-0.2527307900387321,-0.22318902938064467,-0.6628365458165056,0.9625430846875264,0.0014395821113451514,0.0007825128450423745,0.0008073486006931614,3.3365347710024803e-06
-0.03696218370419202,-0.3835709163475626,-0.24543651147412227,-0.4116488772626839,-0.37627691991736634,-0.1810378539415291,-0.01529792871055506,-0.5585289945314448,0.8026222444825251,0.00018179718826670388,0.0008393031006285539,0.0005721243793638094,1.064806217848808e-06
-0.18696081183888774,-0.3017198981036757,-0.4952409182426392,-0.2668722435383857,-0.3597448856710844,0.01754547186574662,-0.06412403103634311,-0.5576655493503856,0.9246122113728875,0.0003584442668640743,0.0004569167894124504,0.0004926664590079391,5.799754847261266e-07
-0.1992005485811562,-0.03944691362219377,-0.14054879375379375,-0.4524592432735962,-0.24483821814977996,-0.00615262917125986,-0.235660286256606,-0.34456032652194046,0.7339891310853068,0.0002768408747064485,0.0008999493080207752,0.0017354871456776502,3.898465259727661e-06
-0.22369064921478177,-0.42647956897356104,-0.10351074193777304,-0.09543615532015753,-0.11804084303129886,-0.15642702429254063,-0.07581272096800448,-0.5373717304537802,0.8665606644909656,0.00010429936506086111,0.0005511531550863283,0.00016332859284510316,3.4132438715447453e-07
-0.05753871687244977,-0.27623424993745677,-0.32302993788064416,-0.034281969196518214,-0.4554068319227186,0.003938170872273439,0.0031199810562199857,-0.36546980588499495,0.8083283997962577,0.00012882550113683898,0.0006087469997078313,0.00048792836142476674,6.25243005279102e-07
-0.40722878588010575,-0.3261559145289473,-0.08303255653622388,-0.43504356274203193,-0.3060970673121064,-0.16261363546555369,-0.22945769976229122,-0.5655998025304677,0.7655295630655145,7.939931815856953e-05,8.467884626630923e-05,0.00012827260585931857,2.992862014297907e-08
-0.3280943037531069,-0.060611078499550275,-0.3469104087845449,-0.19328936184704226,-0.31663457898240743,-0.4429757065654477,-0.16630033835094432,-0.5269245524157636,1.0022142499409286,0.0006808657190570931,0.0004082051591150245,0.0010999363686741495,1.8400695944473302e-06
-0.3552176672206394,-0.07559603520356462,-0.3351896824228082,-0.32043985265738023,-0.03794659873290468,-0.023806890221315213,-0.28499693290547284,-0.5709073105457705,0.9582515668223965,0.0001774060872194458,0.00047716526978961853,0.0001539949353556751,2.828740545911115e-07
-0.20149973877155924,-0.4425919908586583,-0.36521049041328296,-0.08841720590367824,-0.3028004363775156,-0.01733018851778828,0.013209228112593618,-0.41094553170939124,0.7806916043474226,0.0006252922663635373,0.0004467936863102965,0.002023747383147119,4.686168487295605e-06
-0.30282521571443066,0.013257197283547018,-0.1591089473203109,-0.3550474900945291,-0.2154587274638624,-0.08382639870491998,-0.25430107552630804,-0.4788037058519143,0.8257376455132557,0.0011056357613114373,0.0005079894861638953,0.0007165670505163938,1.993952092629544e-06
-0.3709421433347456,-0.3464786972276864,-0.28346413264203163,-0.31130856351885805,-0.011473235699630102,-0.1634737130580427,-0.3081068603205465,-0.5330252551311587,0.7063772564170931,6.640723280653452e-05,0.00055160107264813,4.997391477087488e-05,3.111710560731156e-07
-0.19327746030159604,-0.007692918897718726,-0.29098004073313705,-0.14317640724826491,-0.4123539751544193,-0.06638385639147304,-0.02656414967379001,-0.4802469139490226,0.8960023532638278,6.25390687784614e-05,2.6209546665365928e-05,0.0003716259265004009,1.4270390470736256e-07
-0.3293640322577186,-0.25138526407601836,-0.485722316720365,-0.42362419731488915,-0.07652837911056115,-0.1485946820352017,-0.18804247662255882,-0.4609702157832072,0.9800331354846308,0.0009415120610637193,0.001355034593039125,0.004266326196732739,2.0924102926389198e-05
-0.4974381220793666,-0.10388848986490923,-0.17405787335062056,-0.007047045318890333,-0.016168191064748705,-0.28067238325779326,-0.2478533235591345,-0.595086327951077,0.9373499517857937,5.796703583908923e-05,6.21024369096155e-05,0.0001980867124268118,4.645523555414548e-08
-0.44220686532390896,-0.2818492513954912,-0.29365526062717107,-0.23998849409942358,-0.3703779944654485,-0.3303598056811332,-0.2545132241357003,-0.5819802338614342,0.8485080251043179,0.00017519209528258617,0.00013930285794789928,2.8370001784631946e-05,5.090241348321537e-08
-0.4667060740522514,-0.10874746111397526,-0.3547392577279045,-0.14597190732601162,-0.35610128327230783,-0.06249179035703406,-0.16116363182156038,-0.4749312662283932,0.9050545766890534,0.00034049023419298883,0.0011090382290918034,0.0007104630966246277,1.8506572048333348e-06
-0.3761121742409108,-0.4372862128713455,-0.09387657767722962,-0.3813930688548839,-0.40922616458420896,-0.20310329924087245,-0.09980078915033719,-0.5024024452910153,0.7235965665866592,0.000927915422181955,0.0008263413688672866,0.0011232421501351396,2.8055400164647885e-06
-0.46751711899116605,-0.20957289966151083,-0.49044983052629376,-0.27723524868666316,-0.28404971859905426,-0.4555710299912706,-0.21387172670266505,-0.6195218451654915,1.0042133105589603,1.2759144541292864e-05,2.6907225430340676e-05,3.63993280739077e-05,2.2117056340167413e-09
-0.45732361697715906,-0.1947369407276044,-0.4978576893389599,-0.11950503046430727,-0.3083502736017277,-0.3633306339345978,-0.22085096875919766,-0.6031219526398498,1.021553725063271,0.0005146773165821695,0.000873918611913423,0.0007800477229954081,1.637100930603228e-06
-0.005457659693655137,-0.48836687266277473,-0.17397852656146257,-0.49070949674803,-0.30135865142066154,-0.3374692753165275,-0.08505103579197001,-0.5460310861044717,0.8625460083469355,0.000142394379823209,0.0001475790453694279,0.00010651201927931301,5.340054428834471e-08
-0.4582221626661179,-0.09274130908752609,-0.202633199101395,-0.4597851001062749,0.00812817280236211,-0.4424145349605005,-0.16452153344660583,-0.6601872508064364,0.9142207795746798,0.0001915008145739006,1.6649498590692895e-05,4.3196252784843924e-05,3.8815684040441065e-08
-0.24411921536877979,-0.4841350093051163,-0.28897335549372904,-0.24438058976949006,-0.054720126865250684,-0.14767625776633697,-0.07227440109071283,-0.5257154241975136,0.8416999655475494,0.001368498956150778,0.0006811665237969302,0.0006664528901627262,2.7809366809336137e-06
-0.3168156704940174,-0.40416342649799464,-0.47648615843445713,-0.3291734962945184,-0.46733038169561913,-0.4085289927337207,-0.007539839558306655,-0.5249955078851073,1.0285334986509975,0.0007451002224718287,0.0004878750159410898,0.0006490621913300275,1.214478100921224e-06
-0.1616113759146618,-0.3951937302930385,-0.3055624433132435,-0.4963142856547419,-0.025408666813467096,-0.06275429762460083,-0.06257657875386835,-0.47265709199669625,0.7774121424988742,0.0006510571923260709,0.00011824268926297475,0.0008093271472914342,1.0928672325865378e-06
-0.45079768281749355,-0.14402431683381162,-0.2442709260845884,-0.07261623133155065,-0.40705386235154295,-0.4063457629307558,-0.160434586804829,-0.5459692521821269,0.9061139109389982,0.00038446044086734853,0.0002403788057563703,0.0005948398061415462,5.594261958192873e-07
-0.00391859193672478,-0.39170298408160403,-0.27380370308328406,-0.41304317111054634,-0.33100744077620187,-0.32816785293742834,-0.06629915762515663,-0.5407246670534849,0.8607466965537358,0.0002955395206845084,0.00043166556897646465,0.0001277075704209394,2.8998799526902306e-07
-0.1839926276511905,-0.22485254525658416,-0.0024760498930375685,-0.07992770961920664,-0.11340674805033363,-0.3457082992817938,-0.1438700593637354,-0.46587285402980555,1.0646549707536306,0.0018704621923470721,0.0015877824664493254,0.0041617708869227605,2.3340018889001593e-05
-0.3425060943046947,-0.2620977050239682,-0.34744955320707527,-0.4033923515598222,-0.3977261810827817,-0.30286911894157675,-0.2343161696103716,-0.40208732247335177,0.9736118752014133,0.0005522189922221811,0.00016017445260435367,0.0001372288179080241,3.4943341910241914e-07
-0.3251728543653727,-0.010627933697296421,-0.18538631943500805,-0.04769158163005233,-0.4487181976765226,-0.47965134220060146,-0.10207210046283384,-0.48109052706578115,0.9809546908974827,0.00023503318799319292,0.0004395625035392831,0.0001123651816769466,2.6108172802925903e-07
-0.06645990076667968,-0.27259081528655005,-0.21365195601108616,-0.35818817539028985,-0.2747282093349522,-0.4309964513583538,-0.05677520749170593,-0.3921094279265961,0.8652327297954979,0.000446099436755644,0.0002060862733533233,0.0003242626373882123,3.4662251754432263e-07
0.015648121767321777,-0.21418161567815147,-0.448614575722711,-0.05717979195224093,-0.27635860325886563,-0.16969741202778044,-0.058184772258315344,-0.4953424802478467,0.9699821938804682,0.008124234703590857,0.011887679441044047,0.005582286544200994,0.00023848203507361877
-0.41822923807683965,-0.29429396851816886,-0.2410467805344485,-0.24142864977310818,-0.0737268308653215,-0.2421894915160564,-0.29166896696885286,-0.619676000082628,0.7664835202631364,0.0031409934057742674,0.0041881241665416595,0.002891785165541873,3.576864505313575e-05
-0.3427001124798886,-0.36076733487704105,-0.33999503460186786,-0.254386186485247,-0.3625667221106127,-0.4839078253088909,-0.10306557212338531,-0.3885946612924138,0.8173766267950017,0.0004695774811538202,0.00035175219392833855,0.0004082264149571763,5.108814226089543e-07
-0.39639720806874673,-0.19935900795608147,-0.35932258473338097,-0.3274487052882896,-0.3655395684626489,-0.4496778368818164,-0.21184435225735695,-0.5642740470444308,0.9940792730010586,0.0003993139681598158,6.689336877960086e-05,2.6879819787601387e-05,1.6464889266603594e-07
-0.40619551253975056,-0.36767002232967,-0.06353800537803794,-0.384962625968914,-0.06923313418240956,-0.1134842037309764,-0.199625465705883,-0.6787991794133285,0.7255968725660314,0.0007347389546285966,0.0009164958387940093,0.0009093388100179617,2.2067030253803405e-06
0.006633149681363082,-0.10813312500134348,-0.44014121188414196,-0.011177768362225171,-0.06211079707138878,-0.26931312713217104,-0.09520612627103225,-0.6194259870319843,1.049343715553952,0.0002498220743339975,9.387993391670711e-05,0.00022437070359204617,1.2156672344713648e-07
-0.2745337495186583,-0.483903772578998,-0.3868264001359377,-0.1282592199994475,-0.4425260643085311,0.015707344332925977,0.010660668855454403,-0.443209937941523,0.7837692955811574,0.00011714041879409197,0.0003336634296784724,0.0008262343088611093,8.077162951592517e-07
-0.48872511366356286,0.015306199586529678,-0.34597206237236316,-0.2603500887039445,-0.21635484479785982,-0.3494323432299946,-0.24691666570188361,-0.6209699460637522,0.9637361706696617,0.00024132279616101378,0.0010550764784103988,0.00022058972704138837,1.2200828949180532e-06
-0.38534126344881664,-0.4737040184820175,-0.07181483769566965,0.005600872943016477,-0.4347101125263055,-0.052887963953960726,-0.06485871790550936,-0.4563034415384832,0.746789084924483,0.0024477569286658943,0.0023613873709942093,0.0015335105080091494,1.3919318775897316e-05
-0.1253194874989847,-0.10988282258814952,-0.29834116059082816,-0.47006104679071326,-0.14097997572392845,0.0003057428710562249,-0.13506161266247724,-0.42320654815766123,0.8419961975952425,0.008346969183806235,0.0021892987674570915,0.006582551453486511,0.0001177949072863974
-0.1574457117214913,-0.37829279693780443,-0.2208976626683552,-0.43672892561346405,-0.12670315600221327,-0.15011061917781693,-0.10879014685577562,-0.5324698737343737,0.7849924725957532,0.000303992757199564,0.0004319137164008777,5.0569228879737574e-05,2.8151830175450214e-07
-0.2676671203278096,-0.49549446327455987,-0.4686096426153942,-0.145371603088014,-0.13994506146945374,-0.20089115002135322,-0.002109984936748402,-0.4456189600839029,0.8461104028159012,9.654921029296963e-05,0.00025689293226960477,0.0003948889121903017,2.3125298162911156e-07
-0.3816005641504362,-0.1551715746679792,-0.4451372951886959,-0.17360610106382357,-0.20239468786379095,-0.31514330891859055,-0.19978166078410642,-0.6494993975393193,0.9940560907538375,0.0013576174509989506,0.0006204434959270784,0.0010387163220522062,3.3070068725927653e-06
-0.3860336583597914,-0.12321699426940774,-0.40588418339334054,-0.41817557780501347,-0.17096265808582023,-0.15647524394736567,-0.23335118818049347,-0.5807124489768174,0.9679898737279516,0.0009762287541358839,0.0006565185909524298,0.0009621931551875962,2.3098549085577263e-06
-0.44697606891695374,-0.36361008034148357,-0.44873006227566803,-0.02480763956157117,-0.49563901214554895,-0.31747397958547674,-0.11745115334094038,-0.40647458518817076,1.0039618314908645,0.000209666717005604,0.0003595752044859775,0.001128572158303338,1.4469295763984953e-06
-0.41845307613571286,-0.2571626639517498,-0.028444574157564573,-0.1321642843153611,-0.3127096476013948,-0.40294007837318113,-0.14048168781228973,-0.5193225162195568,0.9118382989230943,0.001073449074691106,0.00036415964285669444,0.0011476605050228291,2.6020297962299617e-06
-0.13339369043449928,-0.21820374604642723,-0.12544921578298973,-0.4766752512369791,-0.4099668754366405,-0.3336658831264298,-0.07845660011624865,-0.2994032052567153,0.8235525148010686,0.0003040123776213644,0.0003699403113726991,0.0011962525572287417,1.6602995404018287e-06
-0.2574009176678544,-0.2038880694299095,-0.20771112273241182,-0.2176838557966963,-0.20561950264804973,-0.2829126759735748,-0.2328258381092204,-0.3249718829928872,0.78467939513248,0.006447064635999887,0.0023384443597867796,0.003487762307755149,5.919745035997647e-05
-0.35501731862345887,-0.2305726387417299,-0.436632533096839,-0.1103788877201255,-0.0044734236130744565,-0.47186982652597775,-0.22332729532066573,-0.7274668731276912,1.1058936815132552,0.003444006890786905,0.002624474635831044,0.005099917083719867,4.4758204838725924e-05
-0.09318988662216104,-0.38360689659265385,-0.32506609543412757,-0.4825601486972828,0.003924614397947113,-0.20771028519583967,-0.06587083782814639,-0.4802228835615235,0.8536611568420311,0.0005383926988705389,0.0004907894071642304,0.00037762066664542024,6.733383082594512e-07
-0.4575776552330279,-0.3327910700336538,0.008186154433912685,-0.4687785460675659,-0.022688825156137793,-0.35465456652015037,-0.23138155504275756,-0.6737109894174031,0.7184186683373889,8.373497125512542e-05,0.0011613698218756786,0.0012913438069117912,3.0233602362240786e-06
-0.4594987074285027,-0.17518418024820903,-0.033957035465527086,-0.3094638337596967,-0.31975713272514905,-0.36356784836654943,-0.2033313106602244,-0.5415601702154972,0.892680696635225,7.538929811307403e-05,6.562776230320907e-05,2.7846216231661283e-05,1.0765961213328892e-08
-0.3381514619814677,-0.46488349789541517,-0.23725903928879016,-0.32238459804772424,-0.41360600464738945,-0.12436748095330147,-0.031061012025204424,-0.5253995660017498,0.7249893666460772,0.00044380468324471613,0.0003015823045580126,0.00027793076389150747,3.651599928097815e-07
-0.03551668792065604,-0.08027970964404774,-0.42951580018149055,-0.024959162243166022,-0.28741980761204566,-0.024414700735477024,-0.042944807912907064,-0.4755301473118597,0.9023319882129016,0.00019711164528582733,0.0006404864035957187,0.00017291870978239048,4.789767140910701e-07
-0.4565089492202964,0.011570760063776553,-0.4496954557441667,-0.11237909983566585,-0.12850525094572934,-0.10627288125833517,-0.2358883750079456,-0.591055121168946,1.0169791441826923,0.004661796371841319,0.000448156457523881,0.003723444004091391,3.579722487453736e-05
-0.3727746916801017,-0.1110765811060237,-0.23329137960050056,-0.47553429059421226,-0.44928486999530337,-0.35427660036130226,-0.20583700377635053,-0.534377398727149,0.9029825732403949,0.00013865867724755497,0.000231120671764207,7.006012979554186e-05,7.755141547974809e-08
-0.059326547728905665,-0.27869696172770975,-0.3574971660997792,-0.22185120984621115,-0.3282861370035296,-0.3398002436101,-0.060779100148708395,-0.48816558777554564,0.9850654171866865,6.203620527736672e-05,0.0001420180239433901,0.00032119470463557305,1.2718364817593396e-07
-0.3969349369077438,-0.31732573189256275,-0.4138393591352651,-0.20146581385613627,-0.30404409407015154,-0.4794991247632085,-0.23716077617873346,-0.43733569709922837,0.999506821775112,0.0014050980059271585,0.0013117318559303954,0.0006169063305569967,4.075514288804377e-06
-0.3876173437369941,-0.25122538199375055,-0.3554254005168982,-0.04118618220705361,-0.46971612831051823,-0.16307816982512247,-0.13111442248571495,-0.4307406497854193,0.952019902549292,0.0001303944206280388,0.0007331146328980928,0.0006088294543942929,9.251330744382793e-07
-0.05228754423372417,-0.021179239114551163,-0.24821374625800263,-0.29038621332806325,-0.4814613867492522,-0.25838404052525266,-0.022011809844918042,-0.3743678075175508,0.8807470677139333,4.3881667340558175e-05,0.000302711347653977,0.00014665720350813633,1.1506809606790123e-07
-0.16205032319845186,-0.3241245800299886,-0.41589469688808206,-0.25527623728285204,-0.41559430530296493,-0.20987413148393924,-0.02646337656264682,-0.3858742878685767,0.9178627519342989,0.0009144496474128252,0.0008533678248044729,0.003145656858474495,1.1459611873332588e-05
-0.2623620479561022,0.01729977373160896,-0.41529433873975125,-0.16968945858631734,-0.3963040421782132,-0.2823948781904191,-0.14537877557017945,-0.5463008919384829,1.0105621191237901,0.0005878158440529151,0.0007335241207477387,0.0013153332491385587,2.613686658527782e-06
-0.11133234142438458,-0.24147675532061957,-0.31243641757864105,-0.03765070861856423,-0.046492613491619095,-0.3010848941786577,-0.020862063126070387,-0.5297028426009304,1.0411450089693368,0.0008969527416766083,0.0004099578674984993,0.001362910726369553,2.8301153219782847e-06
-0.4507752420291705,-0.3217094858153251,-0.4029587847803612,-0.11266643019604572,-0.16794884710507457,-0.23732542862867312,-0.27998900170762236,-0.43989713499350547,0.9702195104477468,0.0010409720932743143,0.002612520560917314,0.008825197900226095,8.579300455834674e-05
-0.03720151241144021,-0.32160853976500825,-0.20614408255070582,-0.43210744743751667,-0.47273173824020515,-0.0630827861375271,1.845786313022004e-05,-0.4949483704851686,0.7660658853730719,0.000382088819377391,0.001049103900034519,0.00046294924692912855,1.4609328641930937e-06
-0.49148525833225376,0.0023679712257528296,-0.49299687923828234,-0.225726250070433,-0.2755449252481532,-0.3638149836676813,-0.22804499915782803,-0.6059523676395149,1.0103494055446811,0.0022087704187640027,0.003213365856238665,0.002319647322445763,2.0585150589377157e-05
-0.43298801259347935,-0.4296681602323573,-0.15844350886001657,-0.38825112120378447,-0.09394588311782476,-0.46117791072525516,-0.2060020047235385,-0.5608018191223759,0.8205462042442643,0.0009578821254743549,0.001298595155858252,4.0962915587352956e-05,2.605565505575202e-06
-0.4837853633156004,-0.3027747374854351,-0.049180612877508245,-0.43007876331215167,-0.49724974960033824,-0.2493154754998505,-0.16706099383713557,-0.5638109392086205,0.8811398252646534,0.0002129494474793779,0.0001860576832766339,0.0001654491389464122,1.0733834626614975e-07
-0.0185275703515278,-0.1273213492884897,-0.4600728050702029,-0.010972422795289871,-0.29569727578904514,-0.17330190160700054,-0.06287448662751612,-0.626459356732393,1.0198802460194236,0.0006965840778281503,0.0007218044627785979,0.00017089061504750805,1.0354346622821105e-06
-0.266578866447174,-0.2722572588215487,-0.3804775383311232,-0.13065350211380888,-0.05713726727652135,-0.26396744563803465,-0.13924906966727232,-0.4258072365860765,1.1021830997164548,0.017198306494400777,0.014539397176527349,0.008479046983168856,0.0005790700542749442
-0.40875315230693543,-0.2289562596894698,-0.38535241959378996,-0.159502625785156,-0.3409523495816,0.018347916363753547,-0.14196574974304157,-0.452596993122917,0.914243058096482,0.0007245617182848791,0.000722075139108749,0.00010790721222813536,1.058026156573704e-06
-0.44337583633440664,-0.20671630039576688,-0.4045444047593965,-0.3463702674213812,-0.05261215564071875,-0.23933652414838735,-0.2845904477984681,-0.628738988032859,1.025529968608615,0.0009758987338512586,0.0021573402315448074,0.0010272700525450608,6.661778974230226e-06
-0.19643041628742852,-0.2741234965295425,-0.18753112505115566,-0.13400331199261684,0.014520367425663205,-0.21003499436354134,-0.2035274258623792,-0.43698314945977196,0.8749336389254997,0.0031075029100999297,0.002786136242409161,0.0017457500349828368,2.0466772682187947e-05
-0.4537139316525592,-0.12112168634585418,-0.26906857330808776,-0.4570034618845536,-0.24803035194492662,-0.26832550262586846,-0.2332195120055363,-0.6327224243609001,0.9163314324807675,0.0005524116923743266,7.685466566759106e-05,0.00025731703085850696,3.772773718765827e-07
-0.27087894896787834,-0.1297358483930724,-0.02479331130302237,-0.4880357431144372,-0.4812485706687912,0.008208127793276065,-0.1907502474681765,-0.43667064035627207,0.7344875683381865,0.0010404396645169551,0.0003484928135770983,0.0003784540173867994,1.3471893798912442e-06
-0.21607555106399112,-0.47307613711129765,-0.15660605583422205,-0.4498056099606159,-0.4448052226909853,-0.2905787601606905,-0.09526951789106317,-0.5122873963568997,0.8615240933875602,0.0003595087943563486,0.0075340776506489715,0.0017680997598798816,6.0017749380115156e-05
-0.15487467119768455,-0.07353732409101343,-0.05598787538761657,-0.2988748354589718,0.009694585180484605,-0.42747797079884564,-0.5074428986880661,-0.5643078612069486,1.0174317900531304,0.004343304134008743,0.006032392127987729,0.014942130101348037,0.00027852129755191697
-0.15122889924124422,-0.379552944427284,-0.1317191441228146,-0.255943212628406,-0.48424755810696185,-0.4767778788680205,-0.09001807000286902,-0.46851071751127366,0.8690059986059405,7.067939459631346e-05,0.0005334967094667724,0.0002562074727679418,3.552565849345107e-07
-0.34613057417519344,-0.4493435491935694,-0.1422006697239811,-0.26040830278160176,-0.16511170372054312,-0.15336738913753156,-0.11888046132662734,-0.5075416867435254,0.7207813418696036,0.001326010862137392,0.0019952955318024283,0.0003893772080198248,5.891123675862398e-06
-0.4753016347773498,-0.2844158540967765,-0.14490074832458893,-0.030379896410931695,-0.008080682603219425,-0.30099239984876386,-0.2693180832571649,-0.5964044269353391,0.8413401377772577,0.00011150366232310958,0.00046576652344941787,0.0005151951516692312,4.947975653811053e-07
-0.20029959486915283,-0.014310196519046914,-0.4765074014241356,0.007617824438707399,-0.26350957413814724,-0.05833888620168709,-0.04920231739570545,-0.532292031587302,0.964732481946789,0.0007263079754466298,0.00022179594041141877,0.0013385040832586102,2.3683098952803402e-06
-0.4127278355396251,-0.013361428724774804,-0.09728277829406978,-0.16047682375087646,-0.4100075203110935,-0.2720983727929588,-0.14615747918371103,-0.5030598265289761,0.8602618578451489,0.00038986836879303867,0.0006872283138083102,0.0009735933340426396,1.5721640803774208e-06
-0.19544148070810657,-0.2909862830860518,-0.035707477278072275,-0.21359072682763314,-0.453692290525921,-0.04482504170301027,-0.027166297268917994,-0.41353521068678883,0.7177068183408977,0.0006796935243975745,0.0014830727175858878,0.0003276795488549282,2.768861859493357e-06
-0.3381201360527165,-0.4107831450157293,-0.16570229416282423,-0.07985373683307628,-0.34904165540701826,-0.24656001225827362,-0.08678153267195673,-0.5083578918196611,0.7482592873092824,0.0006508881889233312,0.0022985271895355147,0.0008159111921084766,6.372593748921799e-06
0.0033503268350462134,-0.27017998326468906,-0.30601211165576414,-0.21378062473527493,-0.1323182066627775,-0.1655201052254457,-0.10907659375386643,-0.4583044257534933,0.8746381539993504,0.0020135629016849363,0.00021880595986441343,0.0003253444052211442,4.208160589122745e-06
-0.48273799878470525,-0.011374505223943454,-0.26156965904957735,-0.13380509747029679,-0.18869582113749633,-0.4146007910531111,-0.2201823731288647,-0.600014859051073,0.9200846492157819,0.0004997957253731527,0.0003897421565500097,0.0009550818768919625,1.3138761072610014e-06
0.017265438055660387,-0.09069878638622736,-0.15018328068835507,-0.35975804770831554,-0.40043479592226905,-0.45338684820209435,-0.11449931923765545,-0.1739071959958546,0.8832502222886932,0.0004208035348483191,4.787442321965812e-05,0.0009862210330223717,1.1519995013151695e-06
-0.21002878834239652,-0.3902274391330546,-0.28112480891056985,-0.10425481495625616,-0.18458405135952033,-0.3348947188442575,-0.03996110275930979,-0.5485826980525669,0.9093250238536741,0.00010824536151119487,0.0005170544620970873,3.653998411131054e-05,2.8039754550205235e-07
-0.4517232497206423,-0.33974830764896785,-0.39740188028770185,-0.21646162837445593,-0.2803501711698396,-0.31342271345783557,-0.262657161234027,-0.44920811486739126,0.9111261678169745,0.0007896201121611105,0.0007767612731398169,0.0002602075605285451,1.294565971535331e-06
-0.2990876279873558,-0.2878440872853208,-0.27836866524236525,-0.3298907140600628,-0.10496371053422238,-0.2248305223487917,-0.27197220231427965,-0.3901729824059629,0.7498189690485001,0.00013439798479853633,0.0003911179876311422,0.000650848809952493,5.946402719831182e-07
-0.49412805322349973,-0.28645873181004966,-0.38299948343899054,-0.19036829729404808,-0.06352271444295965,-0.11344922318164052,-0.3779879244784215,-0.579381459304803,0.8917694634779252,0.001126526788025182,0.0007495229001228716,0.008231380272253867,6.958646836839709e-05
-0.4360362840846156,-0.23973896578092002,-0.2579324062107271,-0.27141480500690557,-0.3080892658123001,-0.1429178984268868,-0.2630387972273003,-0.5890799118028656,0.8658150221097677,0.00010742069855175478,0.00034492840157933,0.00041878566888069695,3.0589624515327134e-07
-0.43672221815608614,-0.47405728528747026,-0.1653930222434477,-0.395721398564314,-0.31350655249303183,-0.020529027866658056,-0.14515838938686848,-0.46570448422350896,0.7320590343196671,0.0029369194737871944,0.004133869459754317,0.001704114973369394,2.8618380548261678e-05
-0.42621308950306025,-0.058109037129658536,-0.2890081440398389,-0.40029346221388884,0.012139782137781552,-0.1840147664511521,-0.25652025773758386,-0.6058193237497121,0.977323040460536,0.00022800950452646771,0.00038997617200688676,0.0012126300361589245,1.6745413534823448e-06
-0.3844366376287565,-0.10302402981118403,-0.30732253626750894,-0.22322565887564133,-0.31458628833949676,-0.4149732825695454,-0.2114624746678579,-0.5563610819777899,0.9775443124422181,0.0002383920532546124,0.0009900994403574334,0.0003245081065702113,1.1424331840808363e-06
-0.06946716985452134,-0.13254128216714517,-0.3644902492467305,-0.22560245956930974,-0.49337839887264434,-0.060689100214524005,-0.030973937600979187,-0.5000750177308176,0.9000311037415727,8.971450384700413e-05,0.0002778789256271295,8.863645816320904e-05,9.31218112239202e-08
-0.2024538627476154,-0.09952811411617785,-0.20536479884461478,0.017198651421657662,-0.19276880537431212,-0.2813749287579903,-0.13286143335987777,-0.37963210276421655,1.0981745538792362,0.0018419174365628794,0.007257966234600767,0.002275397208610671,6.124816616267243e-05
-0.38438689103063145,-0.3400021942760644,-0.03686421411464119,-0.39779893720763904,-0.14827635488462854,-0.47129554860005995,-0.21767325751023395,-0.5400067463896935,0.8229857271819598,3.85276293847518e-05,0.001832831452679858,0.00019353588404714072,3.3982116505724757e-06
-0.3460751387119039,-0.17057387788756878,-0.12547077247610594,-0.28786052240583343,-0.005731317385870294,-0.1423347110751645,-0.29337093553952454,-0.7218825628153537,0.7703010135836043,0.003857829368443214,0.0034667843939329116,0.0009310286614007266,2.776825583838937e-05
-0.18299572962179939,-0.3493653556563795,0.011446705705098759,-0.373886150445123,-0.2433390693567048,-0.261005739546817,-0.1583813895138622,-0.4682826036815281,0.7965510118753358,0.0018784195736395873,0.00020544224976871728,0.0005091862363966467,3.829937235958142e-06
-0.25551683072253234,-0.3124167708832351,-0.12931628235725873,-0.07622623982661686,-0.42950393894130495,-0.4787812245282191,-0.09353573565950485,-0.5062862431262287,0.8109178325298375,0.0003310656470627838,1.013618008898776e-05,0.00046910587203421105,3.297675239888737e-07
-0.2688389394497657,0.019769769475750487,-0.15317506549758358,-0.18295795071820925,-0.2675904415980407,-0.0854442065738531,-0.14751989751092529,-0.42600723124528794,0.8054836737381424,0.0008342943959815774,0.00025996276921470016,0.0006056676893886105,1.130461130513379e-06
-0.4659544535022482,-0.17890748982530336,-0.07646746469079363,-0.3111575055184507,-0.2657660085787847,-0.34259809486907133,-0.20740443311795015,-0.5446045491473276,0.8905067232107269,0.00042670175769180777,0.00019251645079011528,0.00044556086349784155,4.176614569230433e-07
-0.2627802725286821,-0.15785095386742287,-0.4998033958612818,-0.4781980073640524,-0.22850621733885268,-0.3964990924599578,-0.10639385422423929,-0.6064211410330619,0.9922456263497703,0.00012601200419529946,2.7111316479921888e-05,7.128505293018055e-05,2.1695607453849294e-08
-0.05924237520862463,-0.1990197233012806,-0.43190616022839834,-0.27459835224463636,-0.4659168176105312,0.002716288141041745,-0.038849771410653065,-0.5045524869876388,0.8970245735430395,4.1711229179915105e-05,8.835085407578525e-05,0.00048423330785751637,2.440275964942524e-07
-0.38405164404791364,-0.27210977887662136,-0.2118702128860565,-0.11393986538052708,-0.39597084919721376,-0.04882644627326449,-0.15848721183795472,-0.5111854076927222,0.8223504490432466,0.0005338834267458605,1.621465301479541e-05,4.550671702596345e-06,2.8531513693923757e-07
-0.4203590805415844,-0.04328033001606668,-0.22684486875326182,-0.3355947232037189,-0.45831772190731246,-0.20624245292653598,-0.17319318261701688,-0.5754489206499805,0.8851108636312955,0.0011340867422436895,0.0002692228326003064,0.001164778074494914,2.7153416353503163e-06
-0.2954482162499691,-0.4383673871369826,-0.45782707809702927,-0.2557091983836012,-0.42930904916393275,-0.36109480371420966,-0.008686395565712502,-0.4539437496540711,0.8732673655630205,0.0001430543814874442,0.0004433281122735994,0.0005295604671804069,4.974386595951591e-07
0.009972100484589297,-0.13243401896564294,-0.12387597798886557,0.00775241537740512,-0.4039813137834231,-0.0325597564777767,0.029194434855632053,-0.27814616897523703,0.7285727568154667,1.3884798244803968e-05,0.00042663549508505945,4.476565679374559e-05,1.842145973169481e-07
-0.4573642733048091,-0.14749997517198266,-0.35637313538831206,-0.06276417578301002,-0.029603430629272065,-0.22686951530535232,-0.2758855565215001,-0.6879176193522168,0.9307264274598782,0.0013657555129962667,0.0007300838268083387,0.0007211172966447917,2.918320670967097e-06
-0.29671640484452644,-0.31441251430192285,-0.010901529986584613,-0.05324586381744367,-0.046182292238103106,-0.14865156903468896,-0.17391360560761138,-0.5131959193203769,0.8262824032724974,0.00023727591285394666,0.0001708318782350094,1.2023380006895229e-05,8.562795110876496e-08
-0.49029876208735196,-0.2740447121605656,-0.020785325905261,-0.45271101119641316,-0.3112703797902364,-0.027988706466308744,-0.22165015839247618,-0.6287470686645332,0.8205091597988506,0.009200701498323461,0.004053869235413889,0.0063564088624555445,0.00014149069746579015
-0.3537383443669701,-0.09455859929899108,-0.34870543177622526,-0.2807749955011644,-0.40674117296749523,-0.04167440505864717,-0.1325542680377183,-0.5186276055025963,0.9155915567630538,0.0018535348462222297,0.0020969392691163715,0.0011182224218350492,9.08316710921701e-06
-0.014537292402547142,-0.1662831005773449,-0.03809706357086895,-0.3078128898338042,0.018356361090715367,-0.06548904042167941,-0.2551271701734921,-0.42894325584118714,0.6593665514625796,0.0003870399572854346,0.000415557978138463,0.00023125214943536327,3.7596591834851384e-07
-0.12304118870378111,-0.46443452324888174,-0.03143886817395025,-0.06651255639560977,-0.32150426591854975,-0.2506378794025592,-0.027631242475473394,-0.5347668660920313,0.8542875847552416,0.000219443151001074,0.0006744578600572221,8.818248974884302e-05,5.108248530125524e-07
-0.46032668272937277,-0.3445121125471785,-0.29410880842287546,-0.303144537358215,-0.09895789469968586,-0.03477118099183568,-0.34908106159063823,-0.5703956161465223,0.784002321623802,0.0002755804654101779,0.0037208082172513783,0.0018588450935796271,1.737566346440612e-05
-0.29204814581470223,-0.4244795454443575,-0.1819292237437321,-0.01917222890392245,-0.37440113785918794,-0.007469555730169164,-0.030067151360525405,-0.5300999722715526,0.7125947048146013,0.0010146259391028082,0.00023454099852743236,0.00030447883585648495,1.177182637775021e-06
-0.28123987105125026,-0.4150926167527471,-0.02892027044110318,-0.425327536411731,-0.1837066554705098,-0.23079611371868464,-0.10564194283473134,-0.5463049951571038,0.7843755140660397,9.360269510496353e-05,0.00046658342716135627,6.252521316619755e-06,2.2650065305536417e-07
-0.22794035047053707,-0.1302515386713825,-0.23109603715175275,-0.4147592388124716,-0.4575048548652698,-0.48224104763127734,-0.1918276693572623,-0.32143456514851504,0.9477464399749975,0.0006767755639064853,0.0002672512678024199,0.0005187348896109743,7.985342897426516e-07
-0.4760037126180349,-0.2668437514818113,-0.31896312764012086,-0.12750977581578815,-0.29107318247742753,-0.24618946701865968,-0.25054280306875387,-0.5298053410643552,0.8790415909938993,0.0004891047945568908,0.0009298109810739632,0.002620492746251946,7.97075419374333e-06
-0.4927460901500197,-0.07543330709542201,-0.1782571631326506,-0.18458698045675848,-0.06541400181353246,-0.39068437345272156,-0.2578604697205918,-0.6070893457510195,0.9591605105918867,0.0003477705991180016,0.0006556031105657181,0.00019809520131522636,5.900015369784586e-07
-0.4297365641691203,-0.12603028321698634,-0.3410345475333794,-0.10292790845558503,-0.14437330155329187,-0.16555738166607592,-0.23102767911027758,-0.5941823778248422,0.993776046111341,0.0006219155371453555,0.0025717478399091545,0.0003247971164821744,7.106159054295338e-06
-0.1913520212283491,0.006440622373283689,-0.06851164649364944,-0.02165973423391976,-0.227730475474006,-0.4604859897967628,-0.06926856059854283,-0.5069377434718869,1.1494079778114008,5.0933324923960135e-05,0.0001724492841113391,0.0003648942249884471,1.6548075460824245e-07
-0.15546322634732374,-0.06935147875227027,-0.3510246243237857,-0.26055916680032865,-0.35260314073284305,-0.4063787974942764,-0.08971548187026253,-0.4501664199451258,0.9829460487511498,0.0003834047943058952,0.0005711337370660273,0.0005065038114258245,7.297390929006387e-07
-0.006147923876533901,-0.07997786302955223,-0.13526255022201422,-0.05394370265943438,-0.324709486760232,-0.31312238624027827,0.01978501291303455,-0.25431316992820235,0.7289172710330883,9.242368908919344e-05,0.00040067267298285686,0.00042803552964938365,3.5229514382231156e-07
-0.05656588311648969,-0.14716574201136706,-0.22063863748022738,-0.0691576889046141,-0.372096924209913,-0.14943715237225824,-0.0039890626340410565,-0.3380160047301111,0.8223535463691493,1.5685899491558267e-05,0.0014065873706839288,0.0003544078107487437,2.1043389751301055e-06
-0.49497120083574786,-0.13911301366804774,-0.0516521146059043,-0.2815214811301524,-0.04023222025718787,-0.07109781827494271,-0.23044190200233144,-0.6503755109498284,0.8588415278654656,0.00013374440670136962,0.00017942016504157547,1.0369969224579472e-05,5.0186698209166244e-08
-0.10107299443731688,-0.31096961327245914,-0.09024816284953269,-0.18082714472981498,-0.0043995316136115625,-0.4254751487179134,-0.26131036581904055,-0.5170779873444987,0.9979713548849317,8.641106345939778e-05,0.0010637589998240787,0.0008176154528318861,1.807545110304398e-06
-0.051247611786133074,-0.3016141929699061,-0.03447120399357484,-0.336883161683329,-0.15436204437096984,-0.31019466404069784,-0.2004495429872559,-0.4452657029519675,0.7889846870352568,0.006039338844151561,0.0024298097486524207,0.004500920485852606,6.263587430909192e-05
-0.08623680657269678,-0.27173740455515505,-0.3681555583120437,-0.4837218444037724,-0.01696407603555833,-0.4781377750180419,-0.13010521494656546,-0.5334777962699108,1.0167448096210123,0.000651824656647547,0.0007566754616529197,0.0002943966633456752,1.0841025326704183e-06
-0.3257615617526986,-0.16370380052085814,-0.09672206459178584,-0.42654124115313674,-0.45609105349146195,-0.3764661245459539,-0.1825437111379433,-0.43412340377742764,0.8684048142847083,0.0002633190876846691,0.0007369467353166982,0.0009064781220482627,1.4341300183851715e-06
-0.423954342040654,-0.3736390596115528,-0.019837591933889342,-0.028655252737993797,-0.17868116588593547,-0.02866068914564468,-0.16831826042171175,-0.5046237897734653,0.7912378903367183,0.0015092441232940313,0.00024450464420120284,8.86577953447431e-05,2.345460549408916e-06
-0.26199233414908407,-0.11288814173911216,-0.22588790349788673,-0.4530590012433495,-0.11844007906643117,-0.43365048684795476,-0.3488582483875947,-0.4240768164429642,0.9516704628783488,0.0037649015051138992,0.00678062913797848,0.014650579520920278,0.0002747908951488204
-0.3478197819725547,-0.4510294094921783,-0.3098222352942199,-0.04260605846852922,-0.4853256774889805,-0.0450123534054484,-0.012543097765268412,-0.4403868559386106,0.7594899838601018,0.00015002171676394127,3.9056741215955584e-05,0.00010762931738133021,3.5616014495181454e-08
-0.00858586089689628,-0.23392787403633242,-0.1644297211402288,-0.4924587296907001,-0.42863710728969984,-0.07494882704626316,0.0112699726786716,-0.41374494674132084,0.7477103835455272,0.0004934214957774206,0.0014422297047752442,0.0002957395018077061,2.4109531467607855e-06
-0.46976065892974106,-0.47817124836614777,-0.4549662416775096,-0.4093466208686201,-0.10968295545935786,-0.15412213775968264,-0.2251199553757576,-0.44689194081652556,0.8059759062805263,0.0007947342847846035,0.000620178485323669,0.0007502755681519189,1.5791373652361396e-06
-0.13392657335252212,0.008057399060958703,-0.018009899047566946,-0.018043991877079057,-0.2866079547168016,-0.22142605522440528,-0.07607698449571686,-0.22615793403479897,0.8028848391795024,0.0006545900053700991,8.097692696280336e-05,0.00010450925824220561,4.459675228891015e-07
-0.08879544549770801,-0.10385611889619772,-0.4663228889040109,-0.37143875626700884,-0.017072489512348188,-0.2215675576341149,-0.21630348327665702,-0.5222266119895834,0.9912333315100397,0.0010881085742908579,0.0028421434361604113,0.003696013718287206,2.2922276986922214e-05
-0.465063305476234,-0.4751835848952668,-0.22205684817126192,-0.38037942455849505,-0.31678026712751617,-0.37031376124019083,-0.16208052843884907,-0.5070357677378144,0.7688515973813648,0.00027940174535896983,1.8326614060449848e-05,5.451808601911278e-05,8.137342179574665e-08
-0.2572340251338108,-0.017796784085029826,-0.3802363006283125,-0.4575947183158967,-0.004304064070431879,-0.16869485784584387,-0.20256826005136286,-0.5324285060694999,0.9383688873904877,0.0008863367337105009,0.00028501764845240406,0.002515555296465096,7.1948463150275376e-06
-0.3074420929532983,-0.23848729786479622,-0.4496162948513253,-0.3382328776612336,-0.47991243583154397,-0.42195691907506583,-0.15652726790660645,-0.5927763559012185,1.057341524387413,0.0002180031718635096,0.001277314496760673,0.00010497618129279765,1.6900777052163403e-06
-0.25334656285383494,-0.4570985618060211,-0.3318153909827658,-0.19206659614736227,-0.05167083796934058,-0.3811631369111646,-0.0701848251815912,-0.5449940331935513,0.8862674975603109,0.0005184928567696812,0.0009487270053575652,0.0004853241499563982,1.4044573037468197e-06
-0.3113213594173897,-0.35582140079135316,-0.3511046659174439,-0.0007227821814200786,-0.2747959933124431,-0.07909884572454601,-0.004656295947159237,-0.39940817455612837,0.793324504710711,0.0004021382646596002,0.0007107381940093462,0.0009752070842907506,1.617892821577969e-06
-0.42212406433185945,-0.2600755741945342,-0.25686063537526826,-0.1763889023606064,-0.15017671743101813,-0.295979848292247,-0.28734181810517895,-0.5935756859205801,0.8391665991169537,0.00042408761280078843,0.00024160813867493466,0.00041072971214131616,4.069236924407264e-07
-0.08360775643539603,-0.1408273757979413,-0.188035575767193,-0.491959628353953,-0.2802725234977612,-0.21287552396034737,-0.12111370768766748,-0.2953171070662077,0.7778799056785438,0.0013520381171939157,0.00023547690355595698,0.0010626310584764145,3.0126412088922757e-06
-0.39689107703112136,-0.00873553389676568,-0.3073763025230172,-0.43502679104864395,-0.21830896947449296,-0.3924133731672058,-0.21577034962569674,-0.5668184231266976,0.9755450455184618,0.0005349431251042408,0.0005882641066201247,7.960967638780582e-05,6.385565068084363e-07
-0.10281061531110558,-0.32272612494765474,-0.013472589724154271,-0.26784850637700625,-0.4551863560582394,-0.2732801513401686,-0.014390134823996504,-0.45906371706090404,0.7935706429819694,0.0001503582657509985,0.00016105810005791803,9.86667643898631e-05,5.828245006907898e-08
-0.06261223493906448,-0.40219083784178383,-0.3323050435734797,0.008318825801879925,-0.46181438329120583,-0.3237772602643816,-0.00014878175048638984,-0.48208143039001367,0.8113501616297075,0.00010877572567842566,0.0021488433250184433,0.0004382218889931163,4.821398217965883e-06
-0.27152183998600854,-0.24971906506977565,-0.21481723991820834,-0.14377629957646926,-0.29669033233397035,-0.48206747394617494,-0.11765999100937953,-0.3852560193202789,0.8960573904808675,0.0003043230071394433,0.0002824500522611333,0.0002786374237794398,2.5002933862715373e-07
-0.3238692387356698,-0.48894851744323936,-0.23953466345947272,-0.048050145207095774,-0.4562144782163978,-0.2884887253487999,-0.015247960494111673,-0.5838683412205155,0.7829602259772402,0.0003070453686306121,0.0014775715101568196,0.0003317550551242952,2.387555842625136e-06
-0.025206536317556316,-0.06824207535590887,-0.11607963453354542,-0.13047481267149325,-0.49598721557241915,-0.2734064229118811,0.020592789824172633,-0.23448111120523,0.7222436289548883,0.0001410607839625822,0.00015032763740897896,0.000513565331529994,3.062458930906163e-07
-0.03747308542956429,-0.1244490281265897,-0.3169914282163788,-0.2084899915404918,-0.17802711398543497,-0.0509027692348224,-0.0788162372707834,-0.4159602100499143,0.8398569711540398,0.0004023632885058644,0.0002911487548620109,0.0005121699715347441,5.089818931368535e-07
-0.21470284937665546,-0.05573307377073583,-0.11685158024938042,0.018290944215069938,-0.322573020536214,-0.23184290074885566,-0.09956734505366782,-0.3582585505058801,0.8305628973380013,0.0008189596977257013,0.00033781768226805945,0.0005106274990110345,1.0455562156981996e-06
-0.12493004927391599,-0.15148432030521775,-0.028694828561642072,-0.25818490525679216,-0.12972109023071715,-0.4066636312515731,-0.3263353312804714,-0.328863284047741,1.0104000583192638,0.0006608377315408913,0.0039263271038005,0.01457223363873347,0.00022820274425530183
-0.17187111921804876,-0.4922621447844554,-0.21963609750137952,-0.25556693970179956,-0.35506943751543263,-0.17987966098147762,-0.0426864571480996,-0.5026537342820229,0.8393442791500828,0.00020238642012886232,0.0014365591357072438,0.000205652363405015,2.1469553080105884e-06
-0.16050144003794437,-0.4313593136451955,-0.08609069432618932,-0.07777267029062435,-0.4275788170450633,-0.019028605336825766,-0.015424951651862525,-0.5162590586677074,0.7970604298013952,0.00010598574932366786,7.407081554276005e-05,0.0001226805375189529,3.176997906080816e-08
-0.24564866623084286,-0.025119374200833433,-0.05017431256433641,-0.31623010149472836,-0.12092828235067299,-0.041605970659391645,-0.27876355947604237,-0.48401357556373736,0.7396892270116638,0.0009988607179514692,0.0003743974017805035,0.0005169812164057531,1.4051657264428884e-06
0.019449914148060077,-0.3682393546791838,-0.08972792618179593,-0.29874412610525025,-0.4646154485665237,-0.3539862588982999,-0.09077581984963044,-0.4632863975575295,0.8615535957236692,7.016076815530292e-05,6.975604500825658e-05,0.0010345262172619758,1.0800329334057093e-06
-0.4172064481943422,-0.1244766386699232,-0.21644320514127424,-0.4209671838669782,-0.18557161530100502,-0.4163678764198,-0.2291622269094836,-0.5999930128213545,0.8849117397380196,0.00027683183150215604,0.0007841037201602706,0.00046672553950094086,9.092872361244582e-07
-0.20252706506089874,-0.32116649533024777,-0.10555346584658176,-0.24334013708201374,-0.07157285041108363,-0.3170417525293209,-0.2545032539101406,-0.47810337850195367,0.8796571440442199,0.0007472978427454973,0.0009202973513745881,0.0024569857477337647,7.442180245286005e-06
-0.2894229031144695,-0.3580184411814302,-0.13927946647441408,-0.017572324949962304,-0.46331143903958266,-0.19636340276689146,-0.07844097238247834,-0.5571010512553262,0.7362867993219123,4.771969229454365e-05,0.0002560413172571186,0.0001283500883906905,8.430807036534443e-08
-0.22232478520370225,-0.062084907095710185,-0.25206345745998443,-0.17198079678409312,-0.3450125195347925,-0.17926525824559564,-0.061923891907099814,-0.4061226912789222,0.8667643524286264,0.00030919447922691623,0.0006589672184122501,0.0006664147969220507,9.739477024830402e-07
-0.07325113458555915,-0.4382688159571195,-0.15072786469160687,-0.43901290342593347,-0.09398686893594438,-0.22865178378958523,-0.1759937617457435,-0.4756719689996009,0.8076931010071541,0.00010735264330894721,4.509737838954298e-05,0.0004494481680150347,2.1556201929509855e-07
-0.18390585020413924,-0.29264164362257744,-0.24960995127999436,-0.4077579830740747,-0.07373651169395462,-0.3717765850937881,-0.1371908148247343,-0.4295132142236654,0.8629731468384814,0.0002454289457492174,0.00031751536463446014,0.002950321471017096,8.865448156535014e-06
-0.18675058476589712,-0.14366473261893997,-0.3461904420644867,-0.43730455302933935,-0.41734475199055265,-0.4258807975211181,-0.10330206166901348,-0.46262187138116495,0.9831703524278421,2.063967706922637e-05,0.0007754542130036022,0.00045482785711380115,8.086236123412907e-07
-0.25168572804957984,-0.32133701552242533,-0.4231309161368789,-0.035660982567168764,-0.3664346415706932,-0.49982871728979855,-0.03783700308224955,-0.3934515276220196,1.0566554445263816,1.6933263067212882e-05,0.0018740576383480445,0.0042639016266325545,2.1693235848848498e-05
-0.3361829811214201,-0.36595906744372525,-0.2940642449199038,-0.3769535384666216,-0.3242037772612817,-0.21071571571883452,-0.09453362453811315,-0.449970608164329,0.7172197240224968,0.0026776841677520987,0.0011384871187390348,0.00032687421780962694,8.572992176033611e-06
-0.46496136134678256,-0.4645003654048015,-0.3674694771990412,-0.27081603508018304,-0.22594849676873568,-0.3418565256369143,-0.16477309175248617,-0.44384251267077257,0.8121624352849615,3.016550492813783e-05,3.5671429349880286e-05,6.935406037308317e-05,6.992394249666272e-09
-0.4850117302902743,-0.03952649604661013,-0.3517373561644823,-0.23966901417008385,-0.44976088038367595,-0.42573255836029705,-0.23927246987266979,-0.5991968935910946,0.9642757485009366,0.00017967071771430242,5.1602591369344266e-05,0.00016189202457230314,6.115342186012327e-08
-0.1494449045797825,-0.37604779872913485,-0.18198045979848143,-0.22692853043758893,-0.22351780901360785,-0.03203562491062034,-0.04785328964195938,-0.5465294038748869,0.7864230038951516,0.00022886617118282078,0.00021080839408605659,3.725675566402033e-05,9.820796917163486e-08
-0.2540676680020476,-0.024837387584188964,-0.18730474048147605,-0.11401066558409428,-0.25508416682846347,-0.1701552492338576,-0.08147258704339252,-0.4046006599645758,0.8535503149285985,0.0007703267058618572,0.0004036385562710358,1.8881605372550053e-05,7.566838328939912e-07
-0.03249131058454757,-0.19321669781623035,-0.137197899922183,-0.3991432051820235,-0.4591305640612462,-0.004502935946182562,0.02107661041652936,-0.33387600371336856,0.7199721540336558,1.7875888240474005e-05,5.016559153655517e-05,0.00017470668357266633,3.335855923955819e-08
-0.4047573174947975,-0.3370333436627489,-0.2880560328340423,-0.07514147738026744,-0.34573920173722994,-0.4182654855585123,-0.19187072557880286,-0.4994284194850819,0.8542523778887464,0.00011843087318223316,0.00023838067470797564,0.0002692594532788121,1.4335187097694067e-07
-0.277717899038593,-0.07090927379872719,-0.47710012851753064,-0.22252397561238163,-0.13389900318554832,-0.2574139202006731,-0.14067578091701935,-0.6426807055300469,1.01703810552128,0.000670437354471751,0.0010128036309332777,0.0006454966297212068,1.8919233400841474e-06
-0.04628233595731368,-0.3017552180627541,-0.13237818818282976,-0.41223960061414616,-0.42911249755111175,-0.17030682936363467,-0.030910282264030763,-0.4530504973786294,0.7592381228692654,0.0018498200390287347,0.0007301344625742363,0.0004179400082903051,4.129604360760539e-06
-0.27637032668527145,-0.21922872115777375,-0.17936230267203718,-0.3537330953414555,-0.24587316180468688,-0.0626689286920778,-0.2713923717461483,-0.4159235328134295,0.6898620541669142,0.0007175841369575306,0.0004368512048096159,0.00026591955840016496,7.764791802964357e-07
-0.4529245221100745,-0.20296231339453202,-0.06932032220127521,-0.4892211283020913,-0.12796052634101873,-0.3950439856629136,-0.22506666325122546,-0.5540566387803777,0.8765921577274298,0.00010602871026805957,0.00020558794234856387,0.00010890728926577486,6.536928709544368e-08
-0.2763616685986299,-0.24287908543739778,-0.3517625314772461,-0.013608558259038006,-0.3970635039906464,-0.09487418056284608,-0.03429770441828437,-0.4076026682268863,0.9315832601487746,3.477621031620035e-05,0.0007969995484151186,5.7597026878607376e-05,6.397350824831149e-07
-0.3271915087717312,-0.49804374524047357,-0.32261048191496944,-0.06567553903376788,-0.4583044612057418,-0.023236631775823524,0.00922774624084277,-0.4528401320153745,0.7639663670637381,1.5991831297090938e-05,3.569730943283932e-05,0.00010967743688895356,1.3559176731508892e-08
-0.2262961045457827,-0.33607715540462,-0.1472558162440235,-0.08769047541727293,-0.04310828864109301,-0.46773792766322164,-0.1670517739830757,-0.5194370703297643,1.0140939360747319,0.007965019508210106,0.0006230820686070829,0.002144051490673733,6.84267238250475e-05
-0.11988143665072032,-0.31324525904998407,-0.19482441060591138,-0.21331326059048678,-0.0756891568161176,-0.15345301002676415,-0.10404555214343882,-0.48371863504292106,0.7641526591992147,6.198296161770783e-05,0.00014295168850004218,3.293749249046983e-05,2.5361951187475086e-08
-0.49039908768383905,-0.3588120553255536,-0.3289124053189506,-0.3605352004341441,-0.40179021021153266,-0.35384110751777154,-0.2554793484181869,-0.5508809231454017,0.8157198878957821,0.00010607626755561101,0.0007689461509896437,3.374493390194321e-05,6.036690782243641e-07
-0.07267253380341326,-0.2125437670024624,-0.4742101379456964,-0.31131715228546597,-0.3566270913515481,-0.39178324551947374,-0.10288745015745698,-0.5399848216930503,0.9862758428476095,0.00023433018970571838,0.00028273100298107496,0.00026539522060066846,2.0528208097188012e-07
-0.1620482158348348,-0.06922860387669627,-0.09730776134281771,-0.3407850964621453,-0.2639505539781135,-0.3468603821120991,-0.20391224289127102,-0.2021622634121861,0.8385702670743387,0.006644685692675375,0.0010699866992870005,0.0018360505678248803,4.8667801178706e-05
-0.30929610825020737,-0.2662978625365975,0.014393354399146352,-0.45802321016139624,-0.2874790113465007,-0.023766371866500713,-0.21807579850015096,-0.5400707637655636,0.758346791709472,0.00018755248968325503,0.0008269651827202208,0.0006049050654391417,1.084957488011808e-06
-0.199233950706883,-0.31340695241549654,-0.10637084503750499,0.010158946984546446,-0.10995617261564167,-0.026135803090479748,-0.0741865081868726,-0.5604571922616497,0.7580570450948533,0.0011474480613675704,0.0034523161883114506,0.0005661872244343205,1.3555692090726147e-05
-0.20665950823580853,-0.34349966692368883,-0.42980469584921616,-0.009835587109884358,-0.3989442686075171,-0.08636112136293983,-0.027132119819909827,-0.4034633799760577,0.9115655776315031,5.034103012292579e-05,0.0005944490997920163,0.00029923017678172765,4.4544265025419975e-07
-0.1911794840505634,-0.28846537673645417,-0.3403188540152677,-0.4915449507325293,-0.028986546408362124,-0.2072323265146706,-0.1820103278156278,-0.4934386849341682,0.9163515465354284,3.331991390535493e-05,9.920979369782233e-05,0.00018235619043313356,4.4206580017509996e-08
-0.10042709894396451,-0.15712221417810418,-0.03613162852126983,-0.4462565486499392,-0.1400442102583746,-0.13422348900644082,-0.19951984522401986,-0.336753069550735,0.6119358066637529,0.003122409172248793,0.0005965679493570397,0.0012252297200556104,1.1606520224051005e-05
-0.25514743798255557,-0.3996728700642013,-0.2711227812566913,-0.49001505925667377,-0.12608589752718197,0.013427333642889838,-0.07307690619555167,-0.4935112168766812,0.7418689890509165,9.204157800297855e-05,0.0007230884658249629,0.00031839274970571577,6.327025245555438e-07
-0.058220553000301656,-0.2425320244309619,-0.12871282663379346,-0.3331199526672118,-0.3206053191407814,-0.30105780208923383,-0.06920112111165547,-0.34276569903919696,0.8233245966404077,0.0021583724899392987,0.0008919764438499188,0.0024239902727742173,1.132992262421394e-05
-0.09490407724324273,-0.3158914513491409,-0.18678655976397046,-0.08714353363665983,-0.016311324890639745,-0.1366172001729265,-0.09574914115904018,-0.45888076860813715,0.8432093314736655,0.002842107427871177,0.004524929083002893,0.002770254901102705,3.622687005484947e-05
-0.22020140102911528,-0.0758680333079918,-0.29726226285831303,-0.25731398832833596,-0.05536250557205813,-0.4698665125157976,-0.26730600335994714,-0.6501776981041066,1.1349683498953134,0.0031300644915740234,0.007601581900582662,0.003491448358824265,7.977156275501509e-05
-0.06440794138835099,-0.09373924915193887,0.0049312617198327136,-0.34964125099069193,-0.1922140967816074,-0.03540365052128919,-0.20903501246088657,-0.31133815799303266,0.5335224451915382,0.000555579759422128,0.0001580774137128594,2.6586216434064904e-05,3.343641647099752e-07
-0.48799443133899384,-0.0719282407694905,-0.07583909055225413,-0.16166243707327027,-0.19932001425987622,-0.002393202551243756,-0.21674804384906798,-0.5283651466450103,0.8377137937168925,0.00010827337152492707,0.0008669889211884902,0.0005687373022076357,1.0868550313673768e-06
-0.29443572195384865,-0.2966467192671208,-0.310918895806638,-0.23805980888722555,-0.1335252458262554,-0.2715304275056687,-0.19790828591223864,-0.33996508692358746,0.8499174064354926,0.00469276247827637,0.002199240923052297,0.010817930402534405,0.00014388629850922466
-0.27476950807278333,-0.4021118510079205,-0.21424323745540108,-0.38909937562793423,-0.1764563061845989,0.00951841702230427,-0.10414411608433499,-0.5139381087308711,0.7344244599215423,0.00047246537461216516,0.0007197237517420711,5.3583323802826733e-05,7.440969816188546e-07
-0.26835426325307976,-0.4208321708349201,0.01612628031817065,-0.2971436191648981,-0.24009642160175693,-0.04576615493930114,-0.02692634853458647,-0.5494966683887667,0.7441820422374439,0.00013271234789228223,0.0002705270641983492,0.000601391174230297,4.524688041889554e-07
-0.13162025183966314,-0.2580229892105893,-0.0512674063618368,-0.37082079875716956,-0.40552016457092355,-0.1609999914954811,-0.036577335251836963,-0.3974502600260879,0.749453255907111,0.0007028501794815232,0.00039986705010894394,0.0004938301445936228,8.977602442693965e-07
-0.3013209515764287,-0.22187939956590824,-0.109346362384034,-0.2545190504260203,-0.011317668541319825,-0.4235267076094453,-0.27974766840539533,-0.5429156481845838,0.867340883992163,0.001693815359393181,0.0008494979730353865,0.0007765400567094051,4.1936717375817275e-06
-0.24769385272709166,-0.11234347791648142,-0.051990753170532644,-0.29532591392116403,-0.06469941342171565,-0.0775863758523605,-0.3418868426402091,-0.5572457190641866,0.7397799000962048,0.0002810756931551839,0.0005582973876466916,0.0002753336966980247,4.665081628731873e-07
-0.06371507651893982,-0.08974114448459908,-0.4386200367133265,-0.21335602690420102,-0.0923464433688273,-0.2843039174874453,-0.162836131640808,-0.6028986103813062,1.0640842458214164,0.0005155078498755432,0.0012160648241718,0.00039934553907594535,1.9040388594511534e-06
-0.43831609520554227,-0.15220430376703836,-0.07163699792089911,-0.06473705656106632,-0.28255928189603374,-0.38793111167437927,-0.1793007624909516,-0.5081734748322124,0.9518431634765651,0.0006031221064577937,0.00037936765257718936,0.00033677182679170094,6.21091354440633e-07
-0.4111882939687178,-0.05665719644666012,-0.3265680806231641,-0.08097475278460914,-0.18371818086740926,-0.3870116193025421,-0.24131893934843474,-0.6410292397060905,0.9667727805551501,0.00020000264946857298,0.005076047713548478,0.00238369365228768,3.148825687797178e-05
-0.2817589528499811,-0.08048937706025755,-0.04753676639882337,-0.31656183443110814,-0.09415412909609544,-0.4702289745223196,-0.38345442586261697,-0.4947278779910272,0.8893381673919142,0.00038549923208223963,0.0012030905509410443,0.00196277449224992,5.4485202391265525e-06
-0.22504174518314207,-0.42802774309179664,0.00047781700791837967,-0.1368474143653507,-0.3156621805999944,-7.830006286618785e-05,-0.007499680543434035,-0.5765206026890705,0.7788870670341044,0.0006752689537610859,0.0003679443160816884,0.0006876816812086894,1.0642772743204225e-06
-0.44789961017063595,-0.26643078832803213,-0.33954541083610756,0.016064146250124645,-0.45399821229116677,-0.22564969925657535,-0.22357517043319344,-0.47083399864655845,0.9090491444753518,3.357804197665351e-05,5.25004713093988e-05,0.0006742308310359412,4.584709979101109e-07
-0.3841259872299063,-0.13835505990652397,-0.25526558919321224,-0.056472858351377,-0.1276177258417343,-0.10413205764302352,-0.25553561041748896,-0.5351985307143401,0.9472662622229865,0.0015426067165453879,0.007109327326626574,0.0007218708306296737,5.344326801516428e-05
-0.33634805087530495,-0.4187157372298592,-0.29911549144523175,-0.48052967472527713,-0.3733909542668124,-0.1805698546212457,-0.04089057948619954,-0.4781497869613185,0.7297799147775386,0.0001294592879175332,0.0005137156841397301,0.0003409747919480169,3.9692732010325905e-07
-0.3950558576813196,-0.479895379234755,-0.20704532028663875,-0.0941356779550826,-0.40164374960619437,-0.019969315201720406,-0.06275910684681965,-0.4514973818890941,0.7497965313105125,0.0008231657855683683,0.0005533281659923715,0.00043036764678992237,1.168990281214366e-06
-0.32230032965515465,-0.2242113283667207,-0.17084907012333977,-0.21482538530664463,-0.1970664270180419,-0.4462013447818415,-0.24835280792515096,-0.48310492230021834,0.9113208074081426,0.0029583354137192193,0.0037693315438839105,0.0037660709527568793,3.7142899128982644e-05
-0.23985373186668318,-0.11008466444255016,-0.4264353765278347,-0.01706192564833292,-0.46700874516021973,-0.09440417348712166,-0.048220593446497796,-0.5381415578330393,0.9799938086740878,0.0008792968989372715,0.00023496570902559687,0.00021208305452463208,8.733511429151019e-07
-0.2987828829748387,-0.34730474016177226,-0.05824035243366593,-0.07313175781071513,-0.18434722226903805,-0.30176483514756614,-0.1086540543469266,-0.49502472019803884,0.8379930240893948,0.0008582650388594577,0.002082355232489943,0.005405943398963553,3.429704622400427e-05
-0.0894057881692355,-0.42164335012449017,-0.29201250873029766,-0.28093812925197864,-0.4173097958516319,-0.29031312168818124,-0.04311596971793077,-0.5837816585907892,0.8518772140061931,0.003560176965556962,0.0005176510863070911,0.0006445192011819569,1.3358227673929514e-05
-0.3088273487628117,-0.4254383366066946,-0.42289552379001005,0.0020695389774880724,-0.4642464444943034,-0.4355827000612025,-0.014758105933933167,-0.42069714142477965,0.8793198516383632,1.024966984158525e-05,6.642936025950118e-05,0.00021198201900840603,4.945429201922833e-08
0.0027263619580819576,-0.005830112944715915,-0.3255870750798422,-0.44654951293726924,-0.18349666505281564,-0.2721894468786319,-0.18980152918272797,-0.4259925127453833,0.9008481476733895,0.002764654360577381,0.0003933925829888252,0.00238052409791965,1.3464966438586312e-05
-0.004930342587905312,-0.43326560642565726,-0.09532725951528881,-0.4870860705409564,-0.3920204664980815,-0.34372511217321056,-0.09047825060453274,-0.5057665596875007,0.859583528002577,0.00010386198001941324,0.0003452148148446502,0.00013672666906748394,1.4865476131606845e-07
-0.414497807290863,-0.08661539790251321,-0.4097340943518827,-0.26041191037097533,-0.4327421070859596,-0.0964719253118857,-0.17152129676570238,-0.5421727107084622,0.958966966887869,0.0004030105606123069,0.000766786308308395,0.00020938349839045222,7.942202039724875e-07
-0.15093894601132768,-0.47451876196807735,-0.40658263560145746,-0.1751362137915642,-0.2802967453819084,-0.342901926919259,-0.002111479929807384,-0.4985555982503965,0.8304737575549432,8.80015715434222e-05,0.001096486066988596,0.0004492456927108901,1.4118476641135188e-06
-0.17257944360679256,-0.040175100579364964,-0.25582218871386825,-0.3839120722240732,-0.2223609363244342,-0.18998601879960159,-0.1617809740397901,-0.39055292944290704,0.8469112652126447,0.00023467442594777625,0.00039983442102880807,0.0007613660747843922,7.94617950265953e-07
-0.3910204846703095,-0.11928359751664608,-0.2179909048630821,-0.15849403676330237,-0.26440425242769283,-0.2718826312437994,-0.15368558076687855,-0.5302795031608869,0.8865791052262132,0.0009637820671327018,0.0011395483431658395,0.0005279297679981276,2.5061561392771505e-06
-0.39072952238113423,-0.03635716524960114,-0.39737430410231667,-0.3703274798127729,-0.31095646839619706,0.005987533607169526,-0.1958362965376374,-0.5575355713178797,0.9539573334211459,0.001434440357810827,0.00128042979835075,0.0012346012962010451,5.221359969202296e-06
-0.213021363525548,-0.4239934321424589,-0.06344336039426374,-0.34902273351831087,-0.48910679315157407,-0.11921277206171116,-0.058957460853126815,-0.5027293102266256,0.7808402242210335,0.0003271706296987356,0.0002037184181340539,0.0001585386163623895,1.736763077026093e-07
6.582684864586685e-05,-0.03469450106854244,-0.48039233005061077,-0.2598164960940253,-0.4007436035625424,-0.3422808165023658,-0.09961454216254224,-0.5479023214029228,1.0016813217761962,0.00020076726492687113,0.0001538080035251474,0.00018739745721122207,9.908220358384003e-08
-0.4026086030318357,-0.09229810818381556,-0.3542771957112865,0.00224908023792203,-0.22704041853018653,-0.20252315952882394,-0.19789257411392544,-0.5438478832590163,1.0055500916296651,0.0035921012698728882,0.002414911009575639,0.0011004170540654952,1.9945904410070225e-05
-0.09032344750627502,-0.14605376162479455,-0.05161559347153555,-0.4337851644779951,-0.24230872383977503,-0.2153118666049123,-0.15225534981295835,-0.26855630347994713,0.621137698138048,0.001617637723474337,8.777038779350729e-05,9.988741796540218e-05,2.6344329416484512e-06
-0.4432460936480092,-0.11903754645563014,-0.2639241166765631,-0.17752038866703435,-0.05104783288860726,-0.13161394240267704,-0.253170575033402,-0.6632575351289289,0.9705192869653391,0.0010061599523311052,0.0027521891289846593,0.00019685817227646092,8.6256559913683e-06
-0.09901038696112358,-0.347735743971625,-0.26742233881482097,-0.019934650588724345,-0.29770959040696,-0.2549809704337106,0.004664944345184454,-0.452103179049738,0.7924528869661973,0.00013065866759644717,0.00046824326231770615,0.0005479084984521312,5.365271628000761e-07
-0.43235805245470715,-0.15206322495870656,-0.38235113787773134,-0.41444760244229123,-0.04788338863355207,-0.4080097015529511,-0.22129466222144986,-0.6921444931683118,0.9981352016261281,0.00045821440310316237,0.002147698217784845,0.0012662985596159685,6.426080115972863e-06
-0.1935950443355745,-0.36159137582388623,-0.24836710743871127,-0.022958539735043082,-0.09748380483226005,-0.10076620459865077,0.00957710591170124,-0.5450310316936137,0.7750309720459719,0.0002343295573557452,9.401756451684406e-05,0.000494627991661033,3.0840649402284536e-07
-0.45186562956259807,-0.4443460376186851,-0.09915709783657911,-0.25115081474012524,-0.05973697898858993,-0.3047423234079589,-0.16462618836929382,-0.5671450010686839,0.8350471656760341,0.0003564352831393491,0.00022098632197021967,0.00014766690768964636,1.97686581191176e-07
-0.17281909157860326,-0.360857756589274,-0.29146444821826,-0.24089475330436982,-0.4091165001736205,-0.29893986726703636,0.0040993142227408776,-0.4587312215098661,0.7992371498809352,0.0005395535321559707,0.00047665050820351157,0.0015172046354594653,2.8202236268923383e-06
-0.31497274453487983,-0.3748376342448228,-0.10520848190131377,-0.1846065192108809,-0.2746889157251831,-0.20142196273813234,-0.08385334707111224,-0.5174828941698909,0.716098545608473,0.001035447669056719,0.010878484358713837,0.0004850318929692492,0.00011964882975533396
-0.2673331633652535,-0.3273002838326178,-0.38490038810438626,-0.136301696497092,-0.4930684617544838,-0.44719265475557957,-0.033861118928982144,-0.3545582693474523,0.9453719589922579,0.00025219325185093757,0.00028567871746096356,0.002138249311648346,4.7173238846539174e-06
-0.20502329138401798,-0.3496052439619738,-0.35064053988964705,-0.10027855725856938,0.015603644138769024,-0.22335716178952664,-0.03674557882481128,-0.41525086731245675,0.9644328338055963,1.5182923567137662e-05,0.000473972498991827,0.001134247432049947,1.5113976880805015e-06
-0.4986565469338365,-0.18726995464120333,-0.1069508740965916,-0.4056970670447691,-0.37368226593196685,-0.39161870383814035,-0.2008204550777628,-0.5444672247118416,0.8911170413326185,0.0001986774243820446,6.46952386499928e-05,0.00014686540676812874,6.522764056823046e-08
-0.09222378080753058,-0.015835830658197325,-0.08268429021396972,-0.30040030868440354,-0.09382652054297752,-0.21618132098230236,-0.5071405145727648,-0.47964534290136523,0.6736997537861455,0.007208915255304861,0.013528677311316658,0.00407769568311949,0.00025162117103603266
-0.28694976758053614,-0.26267771477689417,-0.4304389966492228,0.005321596522917749,-0.07177289753985294,-0.39156804999542383,-0.09813074060799701,-0.6939440354671258,1.155610614046161,0.0008172322896222032,0.0015554136478783253,0.0011347048608796675,4.374735352511252e-06
-0.16464460721885849,-0.44528488081431195,-0.45051274861979534,-0.4237893176050693,-0.20344359723130268,-0.3341168197394821,0.00514372030721757,-0.5623472904513733,0.9790731584072554,0.0007204425249075553,0.00023121860837922755,0.0003202496416590033,6.7505930953872e-07
-0.06506782282342116,-0.18396274152233866,-0.0548047906092729,0.0008686377314750526,-0.4411760033397619,-0.33112788223229095,-0.010575107715539774,-0.2698461343352195,0.8415285032560633,0.000139729847923869,0.0005646318455254625,0.0005301261215336881,6.193672561146681e-07
-0.29194298675595365,-0.30975688255397466,-0.3756373599324242,-0.13223982772674808,-0.4069477055942793,-0.13371927690193258,-0.029399277764767546,-0.38485192505830507,0.9091512678510691,2.5478317440177767e-05,0.0004952513542898755,0.00017166773838697976,2.753928609884387e-07
-0.2978171445291387,-0.2244744882860552,-0.1586536037861324,-0.16287118904358783,-0.3747994056235535,-0.2576704938050332,-0.09783643560404962,-0.45598868945493004,0.8152580988992117,0.00245262591709547,0.002680150680344157,0.004033642074693818,2.9468849945297882e-05
-0.3248608137448016,0.009127351577961296,-0.1728701275013375,-0.3277762768444543,-0.3701127357960107,-0.4931588486768946,-0.1898098992260027,-0.4489074196554799,0.8858812756083635,0.00010084645303932394,0.0003163311744929126,0.0006464782300654105,5.281695209951841e-07
-0.45857297897556726,-0.07769389147355354,-0.3753042483579775,-0.1660521957221407,-0.005437574441748194,-0.43715889935791075,-0.17837483603175802,-0.7034276014475614,0.9261966394692365,3.8485679109859034e-05,8.924295688284829e-05,0.00011241506476307931,2.208259963542827e-08
-0.014219090416586588,-0.4014114666513478,-0.03967259856892702,-0.12110618425996222,-0.07302481687756457,-0.31491736868417775,-0.11862823354493011,-0.4690738660849149,0.938044499206615,0.005318829290116681,0.0012200323070735426,0.0010208453681352949,3.08205491133496e-05
-0.349356518205079,-0.1923162227789062,-0.17853930089170705,-0.05289248995640555,-0.4366666710268976,-0.28944751022439996,-0.0955703440850637,-0.4885704263143484,0.9037830256594965,2.3854060175313377e-05,0.0005296112467565454,0.0005798276668244754,6.17257212092985e-07
-0.3829727174383555,-0.314346370309559,-0.36293566840893976,-0.43766156651931654,-0.34120868415337613,0.017346412702521685,-0.18035138043788884,-0.3912885018439425,0.8456985000619429,0.00034800483221255376,3.099787885046283e-05,0.0004518092474839226,3.261998278485041e-07
-0.14005693739746283,-0.19313247249529486,-0.08391738226688455,-0.16514777647847712,-0.25868384642784326,-0.23149808158703505,0.003926286811226644,-0.2947429375897876,0.713355347794955,0.0017752001017565223,0.0004520237113228741,0.0007436551290875853,3.908683787892744e-06
-0.4748197855500646,-0.11331369779075418,-0.3142535802030168,-0.06674870528291876,-0.28538855757958204,-0.14552183299016708,-0.20461080777735977,-0.5045397782725971,0.9124905247689393,0.0007674824219015134,0.001456031613792731,0.0022822781064070164,7.917850683276473e-06
-0.27321267740527877,-0.4191723722381977,-0.23001110204026876,0.0017208780203201712,-0.37210465828363776,-0.4005728090942794,-0.03248114324182669,-0.4900812514633712,0.8839815812978619,0.007743852797937678,0.06518011689863082,0.04421915011318354,0.0062637481318075635
-0.06155565588511125,-0.30228534582949595,-0.2343956456348661,-0.20779916083852662,-0.19759474149057216,-0.08037376415703146,0.003909713850568245,-0.4295245860747236,0.7947241754053509,0.00010801875172126311,6.701937645141784e-05,0.00029091996937152445,1.0079407612248548e-07
-0.28791412383708903,-0.23669821310830086,-0.45692487215151323,-0.0441790001939808,-0.1500257917213042,-0.32646236422592306,-0.12763265189133988,-0.6955185243655785,1.1359335456798443,0.00257105287084605,0.00040072636584007076,0.0002858097814184973,6.852581716119596e-06
-0.4077346481013185,-0.22487105928498974,-0.40912960112873803,-0.3098995161005238,-0.21427763193558536,-0.24529416079173283,-0.2349703755024478,-0.5896418003413334,1.0101101088940199,0.0006016621410850565,0.002051698390641946,0.001290872486260503,6.23781539396218e-06
-0.21158844713424213,0.019205643908935865,-0.38800979847148953,-0.26840711315104226,-0.47207245078574755,-0.07898388837255033,-0.11671945179929147,-0.5588536142381366,0.9493375487974347,0.0005956423103816875,0.0002302179897112815,0.00023357844242227041,4.6234897346795234e-07
-0.19550858597507897,-0.018480994631067893,-0.15802019509562726,-0.2524261816125123,-0.22448479788321618,-0.26528610050773554,-0.19900040723128562,-0.3024398019531074,0.7780275069708683,0.004172635295019056,0.0008571749860208341,0.00281422523129608,2.606549791436205e-05
-0.3264274208684216,-0.18563790848955763,-0.28318461714173015,-0.07332672604956253,-0.04851668361866607,-0.32428836564401203,-0.3688922005006607,-0.562239355319157,0.9946613796569821,0.004594677554793275,0.011167248915531301,0.007361708521559849,0.00020001326253036306
-0.14031598506305143,-0.27599694613155523,-0.3734268934703112,0.01448984217655691,-0.3761798517620163,-0.15664660277020998,-0.023019101342059124,-0.36741702079016647,0.9044616989888118,0.0003937858499063892,0.0003539496738591619,0.0014579127242408934,2.405857178715008e-06
-0.103524153286845,-0.13864980023585394,-0.45404715627217057,-0.3512478693629727,-0.14465007027204396,-0.3673025589139225,-0.14533055263751243,-0.5438471608482494,1.0251400571829272,0.00024948851743984875,0.001127574593988584,0.00034816122941283735,1.4548852270091112e-06
0.0035131561096971575,-0.27010738904156817,-0.2128774595647726,-0.238041625464329,-0.2756327688387844,-0.25796074329294294,0.001461648054844412,-0.42294287872398684,0.7956062086369454,7.255545731433267e-05,0.0001698381321580864,0.0003126113222662573,1.3183512433009733e-07
-0.02305925110379836,-0.4878227965976766,0.004283280845417958,-0.4404040381456542,-0.2761332308646696,-0.13985049028110413,-0.08824489103659075,-0.4940346106255854,0.7722439013084524,0.0004101233241608478,3.904110177407212e-05,0.00042278285737599086,3.4847069313948475e-07
-0.0838600671412632,-0.15784798608384754,-0.24510014262290386,-0.037020297560168725,-0.27393977828948246,-0.37134631239099125,-0.02422188994691539,-0.3252597530942388,0.9033442529797981,0.0008485298897170406,0.00018153511179995103,0.002958844357004076,9.507717899534298e-06
-0.09395991434542972,-0.20646757124564785,-0.43017839866886776,-0.3284949967187454,-0.45357084836442935,-0.21854021386896993,-0.07079295712672584,-0.4949499739436566,0.9420201747909049,0.0007221426661776209,0.0003146871300091916,0.0010194521553754748,1.6598007172072458e-06
-0.4220321867295992,-0.12773741221238855,-0.21113615717919043,0.004960633857623797,-0.49394656859723346,-0.12762207295414713,-0.13563327442475356,-0.5453994523309121,0.8423128615769687,4.89108750514142e-05,0.00012267162818100082,0.0003918479216003743,1.7098539572140589e-07
-0.39408640902145503,-0.4820705853781198,-0.17335112850459078,-0.21622801309344436,-0.34276963752105494,-0.236188379348028,-0.0758157730953542,-0.48502236077955707,0.7396657673756655,0.0008448151432018295,0.000379478395248376,0.0014356963753037158,2.918940560703639e-06
-0.4713527475206983,-0.27786688918308344,-0.20003387601482014,-0.04515061833184797,-0.059466120812594,-0.08544793931811007,-0.24295059233993918,-0.6321600802382242,0.8168475090667525,0.00036275832334558503,0.0005051140835199691,0.00017933900464860522,4.188963171150708e-07
-0.0205633410469776,-0.2825966013530572,-0.2664942328670927,-0.4952179453856094,-0.2621845837468831,-0.23527074594049918,-0.06381616643459176,-0.43273897206734674,0.8693862068614155,0.0013173816682503284,0.0002502142963528091,0.00012070610554177238,1.812671617856412e-06
-0.2113055624042673,-0.004066738141756565,-0.45722829010901217,-0.3384905556594606,-0.2784948313208959,-0.06993844342937161,-0.074963847183307,-0.5335269791985275,0.9159212776477912,0.002274585895198571,0.0019135377482365986,0.0024817252906339225,1.4994328126734712e-05
-0.16035515124520866,-0.0815591698157011,-0.4467643812961188,-0.3278237043085577,-0.4906753852383947,-0.019774395002777556,-0.0483836496087869,-0.5311660683293441,0.9171704605814212,0.00016654556109997734,0.00016169221491176857,0.000426340459230932,2.3564798346242185e-07
-0.12607781685328168,-0.3127037353833375,-0.2374691552959609,-0.49493165137106193,-0.09257452455479964,-0.02257406204418838,-0.04954475217091497,-0.45930286905586765,0.7964885907767324,8.255338141358631e-05,0.00019726905417360435,0.001256053183968738,1.6233997414753695e-06
-0.36624814946686357,-0.1351054514052335,-0.2335377011428395,-0.15327860654299114,-0.20229994599046097,-0.22687504090655813,-0.21777526154565605,-0.5421515511635789,0.9192709377704037,0.0007195469696258917,0.0005069759361303432,0.001489225253730637,2.9925642976621218e-06
-0.19277763070355747,-0.44437196731567147,-0.45403922644521666,-0.33710415986709097,-0.4537805327357563,-0.30322538876113236,-0.012422790986321373,-0.44538013099799156,0.8869913873315753,3.175268856034193e-05,0.00023616538030563224,8.726059352406117e-05,6.439673126788541e-08
-0.4575785707609127,-0.4136084548956847,-0.13314753889617065,-0.48744217795927397,-0.1937755064867257,-0.3184024559977218,-0.23113124754283212,-0.49697051332180436,0.7560760958169135,0.001228200328020099,0.0011925965990476307,0.0019096190418185128,6.577407578684508e-06
-0.10908042399973311,-0.08338541504255836,-0.4397836888069009,-0.2921352220991035,-0.31567233724377564,-0.16846146377006566,-0.06052083467163058,-0.5086945440453492,0.9436884595936331,0.00038162147294274325,0.00044275391859933705,0.0006567825404598988,7.730292864990158e-07
-0.3315010480291245,-0.16371122665581,-0.06708605825216302,-0.3252952911554166,-0.19387088067270192,-0.07534662176995405,-0.297437283557526,-0.5841141478296975,0.7669294981250273,2.8677764018726997e-05,8.779532226815572e-05,0.00012128408564346367,2.3240262191654137e-08
0.011341759251868977,-0.04843752490027842,0.006726177382352705,0.013857520474626739,-0.466498291708218,-0.18945217639742246,0.014243795996198093,-0.20836659638305335,0.7227709648548812,0.0002633118279216328,0.0012912869360137877,0.000124535215729237,1.752264089800034e-06
-0.49397236262663924,-0.451252222472165,-0.4222677714398291,0.01071038080256903,-0.1529430151581468,-0.16715179422862741,-0.1352667065248097,-0.4162318082945375,0.8186822001947821,0.0027845844978093325,0.001449969468547058,0.0030069701840242137,1.8898191972769307e-05
-0.47405546485862277,-0.273784019485534,-0.08573261746116212,-0.26571969433905207,-0.4829750861141581,-0.3103783415410071,-0.15756000466992562,-0.5752105137307404,0.8882812138347567,0.0001248207257364044,2.1555537300196752e-05,2.1743419761346313e-05,1.651763106458098e-08
-0.4844977806536785,-0.3614693488855226,-0.051391011803879394,-0.13279645079649482,-0.3615198199142356,-0.21395632948856158,-0.20166872329097132,-0.506621321491984,0.7926032542909395,0.0007792976781058678,7.849845125477231e-05,3.4830049450822537e-05,6.146800102953418e-07
-0.29124150319246483,-0.13481392403198106,-0.2691657895905099,-0.046173708886246,-0.017831592847271205,-0.05457249388815516,-0.28300807025162006,-0.4474493442077102,1.0017950479021887,0.0015208887296376157,0.004126642822381833,0.0023851153493496063,2.5031058741157312e-05
-0.43321897736624965,-0.3532971071238595,-0.029594780350408356,-0.012007201630169384,-0.005334641888372238,-0.49385427352500555,-0.30001464387969473,-0.5062540289859727,0.8967278032071246,0.0010157356714768618,0.002790137863394206,0.003174321731683346,1.8892906707293703e-05
-0.3209132466270621,-0.2720164946131849,-0.2912505265497594,-0.4851140234678371,-0.37261258017470256,-0.008595853393381148,-0.1896073206745467,-0.36316259181576344,0.7907659208648735,0.0006310656503948975,1.5294269973825216e-05,0.00022162839326434153,4.47596914503301e-07
-0.027301095090323302,-0.43239402828136453,-0.474132535366402,-0.12992408622496,-0.4083767779578748,-0.34520373072367533,-0.019038243405021586,-0.4280521004279253,0.9102321369396039,0.00039850672816494747,0.0004844597988929757,0.001394616917071869,2.338465254519198e-06
0.01946734914557713,-0.04079282858833311,-0.41930998144057474,-0.3067333456205821,-0.28823613723832253,-0.46922994242088195,-0.10332856230903512,-0.5022725317275368,0.9914736398090725,0.00011279502976124884,2.128290260769483e-05,0.0002485656650566508,7.496057052730476e-08
-0.24558542396179023,-0.4004935159383985,-0.07511474501239068,-0.038627962217287704,-0.1773195667304192,-0.3842757691699715,-0.04616471689312972,-0.5476104092921191,0.9136602610141079,0.00013798018038741863,0.0004584113819664909,0.00029364747546606427,3.154083651437654e-07
-0.22902890904245043,-0.2807069479753127,-0.019304886827768042,-0.014530911111387768,-0.21870686331322625,-0.36480928340976426,-0.11220594671649264,-0.506814244058666,0.9277536206245574,0.00024943999460976635,0.0004558812214921951,0.0006847561919575377,7.389390414443242e-07
-0.3706640440839272,-0.398528644152174,-0.26824940250427176,-0.12409474431936612,-0.4823083834860747,-0.12902184399083388,-0.10589928271896758,-0.4558602070788397,0.7362374907526612,0.0006388641003911535,6.073726865911693e-05,0.00011695668932381107,4.255152217503542e-07
-0.33552713473569273,-0.3120711491084071,0.019774277154797848,-0.4034499891716644,-0.10881199453947288,-0.2966161814276178,-0.215762367357938,-0.6198404819636956,0.7144877051751786,0.00050976432832752,0.0015997952228864712,0.0008503905392088902,3.5423684947815683e-06
-0.04857042132448347,-0.08323028548441075,-0.39643597805833836,-0.49470201970108146,0.014053170998274522,0.015255912973219155,-0.2778367506715781,-0.532063406449395,0.8546574640309241,0.00031915869133748086,0.00021116119527687192,0.0002432621682645446,2.056278031557783e-07
-0.37295231738385837,-0.370256370224892,-0.09896610105797676,-0.08171720425807871,-0.271820998920339,-0.11876749543464266,-0.14145793782777974,-0.5090967656604896,0.7867918403825175,0.002120258880055397,0.005454518628591686,0.007389094440912015,8.884598784482433e-05
-0.0033704469768170986,-0.08169099755790121,-0.2672527209677258,-0.04991033864458866,-0.33209001079222267,-0.46787967432361444,-0.035640811025802785,-0.3422273432855944,0.9273007783514217,0.00019327087937594465,0.00016364556563285083,0.0009786577280785384,1.0219044526938932e-06
-0.4964346585786154,-0.08655065144201246,-0.3689734341010421,-0.28879673400572925,-0.13738075500269403,-0.4880947053601531,-0.2588554062464796,-0.6525960822940086,0.9811675785219189,0.004029141481683342,0.0006243824150631885,0.0006928083849290279,1.710381793788954e-05
-0.23236362971873264,-0.4369660457752472,-0.43495677278184713,-0.20335094433338174,-0.12006766785984274,-0.3119848215062878,-0.031739840822698345,-0.4492333018818798,0.9395118055409287,0.00027213171257736685,5.9556356179173805e-05,0.0003024214476137057,1.6906136052840056e-07
-0.388547408956351,-0.256448965355043,-0.2869616626294059,-0.24305783686341453,-0.014427757854111878,-0.16859780451397172,-0.4073147749844736,-0.5984217738146848,0.8138117659920333,0.0007446200473852716,0.002330929006742776,0.0011473703443711054,7.304147756585173e-06
-0.4502855251098853,-0.4360465461106664,-0.4836977763674554,-0.1850832002332583,-0.09832942257144978,-0.2452879839448135,-0.2068801033092451,-0.41678652078871975,0.9649840691883944,0.0009605431393491168,0.0010878203802283531,0.006920312307506207,4.999671873561272e-05
-0.28702344181335115,-0.03708368079277041,-0.4846857874473428,0.0031292962236485478,-0.16631830469788628,-0.07061974944375093,-0.17949664361921397,-0.5323290884706907,1.0141816224489237,9.951889038366477e-05,0.0001503795414433775,0.00038041011463851285,1.7722987134720287e-07
-0.09983048747311163,-0.03981320895601759,-0.4458620919633887,-0.33357781068425785,-0.18908751517144828,-0.34763075073536565,-0.12802151638357043,-0.5226380495083387,1.009396929483926,0.000714198388540387,0.0006795978689084356,0.00045344289009185127,1.1775430561934243e-06
-0.1919553697959362,-0.031449811282849016,-0.1499384409807717,-0.46793039736281267,-0.43597965975272407,0.006226409527362309,-0.2005011830327474,-0.33120053156394663,0.77076122970603,0.0009428102066081716,0.0023601223056476267,0.0019202594114601918,1.014646459060145e-05
-0.46336708694067297,-0.061915487634397026,0.013053076742549963,-0.4156626174597515,-0.13388818108838124,-0.07982710103160262,-0.23327082989898998,-0.6621156088415528,0.8671357268155494,0.00015500375272919163,0.0001794136935951668,0.00014749960020366717,7.797156886983444e-08
-0.005252670882772759,-0.06159043495936184,-0.11064483706243794,-0.0994130566461735,-0.09538091008481059,-0.45262138316741113,-0.38248923284609493,-0.5884876566220317,1.2480932169994428,0.00562730315333254,0.005340630108570235,0.004855864180839617,8.376828767883448e-05
-0.3243526109395214,-0.05531656940908797,-0.1162915700457336,-0.005169771726270367,-0.06254942913305617,-0.16094058865573402,-0.21454501024463518,-0.4461468111232319,0.9355250692669549,0.005158173637384021,0.00625868643128587,0.0013316107849475343,6.755109840115396e-05
-0.2226586202402765,-0.44392384221084735,-0.2744136874420422,0.0002125393334951875,-0.47586200729796624,0.0014340235504085586,0.026702535967117746,-0.5419774202736676,0.7375974504142546,2.669245814230963e-05,0.00033486983952750476,0.00017389713361820052,1.4309050982748204e-07
-0.451234036171467,-0.10191063110455717,-0.4325354624456421,-0.3355209488247972,-0.34073534225507096,-0.3153488961986127,-0.20380124257442223,-0.6163330243838758,0.9912171458122017,2.6604748169561713e-05,6.309980756706999e-05,7.695733970200668e-05,1.0611830474177119e-08
-0.053459634578863546,-0.40594165471691823,-0.046899148556765746,-0.30498914935988464,-0.462799284625732,-0.04336222946978402,-0.029877493787833078,-0.48116942139978275,0.7838284316919216,0.0007038418949413633,6.167795285464638e-05,0.0001397439001000779,5.187259405581697e-07
-0.10108895614311503,-0.2674836682370964,-0.15995929531263192,-0.14782999007823838,-0.2920610432767461,-0.21488581651102012,0.02251479984931641,-0.4316560961597497,0.7207409612763104,3.0422532686231707e-05,0.00035166256531686774,0.00019340582194318377,1.619979023018036e-07
-0.2900354748200725,-0.25092529647610606,-0.1342676735020531,-0.2841727393477273,-0.28988499466155354,-0.09865535066543163,-0.14447178239739158,-0.4776909374223156,0.7386990551242503,0.00014194156082120407,0.00047746419823230257,7.97134411963275e-05,2.544736999893355e-07
-0.3480297507336325,-0.32016198086681147,-0.2776072490407929,-0.3815184202609899,-0.047085914696541276,-0.2919038282317771,-0.2833192449646295,-0.4690398316633895,0.7200712791078258,0.0033647570682235482,0.0019629111323864923,0.0029665555275222126,2.397506193967974e-05
-0.32927427728709635,-0.46767000640532863,-0.38371277614808963,-0.18603703853015108,-0.4749295944066747,0.005088816655625994,0.005867016332130297,-0.44346324927009256,0.7933963961120902,7.516614318933297e-05,0.00029484515585103885,0.00031941348611945464,1.9460859012576575e-07
0.017772051916834175,-0.4265727972618516,-0.47383450919718434,-0.2817075675066083,-0.3617907588708352,-0.414042145870167,-0.037041018416228685,-0.5276284440127404,0.9854931168206581,0.0017826799167538093,0.001780862231405837,0.0014965906646919236,8.589201590488157e-06
-0.44649661831400095,-0.2463299219129742,-0.044055054944016014,0.012706567653219758,-0.3238207410620658,-0.2936766094105809,-0.1186560990861064,-0.5172639672758634,0.9035760944600494,0.0016163120323540738,0.0012998930554332254,0.003914539568043109,1.9625806571271208e-05
-0.16034682572454362,-0.30027063776310187,-0.02916945156330858,-0.08755742718792464,-0.1927489048550452,-0.15733427160730112,-0.01995845873996104,-0.5431391978279198,0.7816254329885909,0.00033757033637555565,5.55356619128684e-05,0.00011114412643933332,1.293909585867687e-07
-0.12934282009850362,-0.15635610570331165,-0.31750669421084243,-0.21883248464115407,-0.3463211455212437,-0.3524623445651546,-0.06182684749147911,-0.41779673039881143,0.9948205477269924,0.0019167434934794462,0.0012100512422177547,0.0014652303179672854,7.285029513279035e-06
-0.14948717086420588,-0.27777845319374017,-0.06280407047090125,-0.38556679972331787,-0.3643653129230837,-0.05018217287855781,-0.027950715361077186,-0.4293567028218599,0.7581610433941729,0.0008937040968932051,0.0004444368845233951,0.00036372138699721494,1.128524404487739e-06
-0.3138023726628091,0.005587566799769794,-0.4312143228594627,-0.054281876272359864,-0.21271625301319685,-0.22092656568640168,-0.18686790255083754,-0.6037930258587466,1.0085426902557062,0.0009718000502753251,0.0008562176366881134,0.0014690026308057202,3.83547270840503e-06
-0.22262127054585584,-0.40513857184242413,-0.09671537108809197,-0.2901398219017741,-0.17434676188962234,-0.16632004155069896,-0.1413021316330717,-0.49287491249605836,0.7914275929122783,0.00033875158602529864,6.14519804747802e-05,0.00024721428205913906,1.7964388419294372e-07
-0.048801739803657984,-0.018089825603056775,-0.22064608798513585,-0.3928459862088905,-0.22680678089544798,0.01953395170859784,-0.1001906531428634,-0.3704182153088164,0.796550937407994,0.0030702348867058227,0.0038650118834016433,0.005856214510109682,5.865990750680064e-05
-0.3481007422491206,-0.3770393765892686,-0.11504429986786863,-0.03693321566361879,-0.39843550696530994,-0.12932668388559743,-0.1128953943627625,-0.5139881364091953,0.7478983080504122,0.0005603549402560131,0.00011489735457511324,0.0020960173579642424,4.720487826045081e-06
-0.004172927934061266,-0.2069818818940003,-0.03989416304395316,-0.14424045295927762,-0.15280659047500045,-0.42968468700709306,-0.18548899273463595,-0.3965912838742736,1.0760102797742093,0.009739973498868982,0.0007916130706816823,0.003582549992363674,0.00010832839946012917
-0.38231026368037996,-0.3752525428024901,-0.3066616927622937,-0.43357072368090954,-0.3986965621420634,-0.07483006273179438,-0.15882560413524152,-0.4057743725412998,0.7445951977638836,0.0011641942622359863,0.002914693053315507,0.000750971431791325,1.041474196663558e-05
-0.3633270373903132,-0.4694390790349512,-0.41170635425669877,-0.37152018764319483,-0.41982326565305367,-0.3276348302810459,-0.018817100472103814,-0.46984685609481136,0.8304833481418687,0.000332657917526972,0.0007047139622749109,0.0005492032887915458,9.089073111380362e-07
-0.34597265406309585,-0.0931305983939959,-0.28587003320580096,-0.10593208185313813,-0.12794707626691232,-0.32493584014273214,-0.24334558582948881,-0.6467922078568503,0.9565308025135945,0.001681315927591866,0.005079335376615908,0.00306618210194365,3.802794379879555e-05
-0.37028732774131745,0.00199060859476341,-0.15767897140757242,-0.44622866155066704,-0.10062074911796032,-0.48450025837349614,-0.2773273263952528,-0.5737026825486099,0.8782861174358741,0.0004589404197123862,0.0008965522805159735,0.00032471190172552735,1.1198701196663826e-06
-0.17888961378141893,-0.047207206066949,-0.47309789346689146,-0.20935368339029176,-0.4677819869709017,-0.07166377766508841,-0.03802004857401246,-0.5380125117838517,0.9132395950248713,0.00010927869244917564,9.232267762731258e-05,9.173251194239625e-05,2.888016317494007e-08
-0.09754998921882324,-0.422390723838629,-0.32941010117900216,-0.3582102594508213,-0.24407469358455075,-0.22362210932510662,-0.012079911414413858,-0.5823293673459681,0.8528575104494954,0.0006022545638275279,0.00043332978263712604,0.00013255705964176106,5.680566342322942e-07
-0.35609843705559346,-0.13064634388529867,-0.39911973825389413,-0.4738187481078483,-0.07998997703947708,-0.4165304432864393,-0.20346275398014899,-0.6657461174848147,0.9933423765526231,0.00047767208819107765,0.0014455746522174602,0.00036881805409283295,2.4538834559952804e-06
-0.0040330247174379386,-0.1464414820951333,-0.3168864551831238,-0.369863014575346,-0.2757389258516195,-0.4007878344958009,-0.10510925425662589,-0.40613326559335927,0.969636134236056,8.076279008324659e-05,0.00017183635506320938,6.448485464764928e-05,4.020865766236837e-08
-0.33569358236496405,-0.4004084009605351,-0.4897557108686546,-0.25185218872557735,-0.11305762025054705,-0.0772195876175315,-0.08051563639202548,-0.4050561564449507,0.8584739640030894,0.00018862773479803445,6.934266565820262e-05,0.0002773063512650133,1.1728764006753786e-07
-0.35137084371420746,-0.06809553380107536,-0.12252132559347795,-0.13266565132072433,-0.25748861583985516,-0.22450541129686663,-0.13699924658094437,-0.4635039227570775,0.8276086788843833,0.0010037268940111161,0.002421889286209189,0.004214924491348672,2.4638603860186925e-05
-0.43348096548268933,-0.05434524434888205,-0.1590279450712606,-0.30782750980291396,-0.29331910816352413,-0.2790599784267069,-0.2119885239491741,-0.527222885046543,0.8712169523781851,0.00037604245290289107,0.0003546954288364349,3.8257108094944985e-05,2.6868037994247375e-07
-0.28258404904196144,-0.4107716101909062,-0.38073800636388916,-0.4145709497612169,-0.12394587483606506,-0.47649864072054415,-0.014224325803158825,-0.46159276392340826,0.8758500451517305,0.0002098773073499725,0.001420430060858183,0.0011875140242043015,3.47185959961195e-06
-0.263760060183827,-0.3136726859227096,-0.3987941459856077,-0.35468777526216855,-0.4261340324226688,-0.18976392335375647,-0.035285620201547706,-0.3868687418176009,0.949231990113617,4.183993718388557e-05,0.00014724636684981115,0.0009644704659202677,9.536353525264789e-07
-0.27536687038624086,-0.47754043114841926,-0.42472000482934047,-0.29011504506744235,-0.3754898704650975,-0.4025759688901487,-0.0020492560814895674,-0.5007550239654028,0.8343219799927262,1.699542001523213e-05,8.895630331001056e-05,3.507346220959219e-05,9.43221595144444e-09
-0.2720839659014649,-0.2207252799225895,-0.2019192027613076,-0.04908570856135974,-0.31917893560482524,-0.2091137922939036,-0.13839265450158383,-0.39182107336355193,0.7997746694651409,8.878670583955784e-05,0.000456828299026774,0.0006208509165890761,6.020310345550317e-07
-0.34474843644331365,-0.3475641768891279,-0.29159142075649597,-0.3166262101537276,-0.14237919368157792,-0.27996828761505643,-0.20504768269493895,-0.4337510510077608,0.7361917410181935,0.0016521646834312962,0.005167278423484339,0.006495292726172142,7.161924204564916e-05
-0.047214629088671856,-0.1819073830681911,-0.12077230288231683,-0.42179348184331134,-0.37590456522442345,-0.28932031591173457,-0.0175086842427878,-0.25254702602641627,0.7645243075386414,0.010141961396016684,0.004819717375419617,0.008688802464168144,0.00020158434479854878
-0.4739812977773437,-0.4998707962830312,-0.279727013485491,-0.2868721333011126,-0.19005455743496208,-0.3227996953306068,-0.16113438570299837,-0.509021468549221,0.7695203565910075,0.00033401056171204497,2.8903310151158246e-05,3.896842233373711e-05,1.1391699461207031e-07
-0.1821496419009287,-0.40767459375292253,-0.09363238914824884,-0.3303170726241125,-0.1096746100539891,-0.1548021550272859,-0.21863388891896593,-0.4934752944240107,0.7942808224257776,0.0010823760938535607,8.563339781624243e-05,0.0006719698932190072,1.6304146247600109e-06
-0.4533691131285677,-0.14977282948627768,-0.08475755043591326,0.018417795393936176,-0.3237178983227166,-0.48134709228794026,-0.16422112262869012,-0.5055976213677211,0.9398669582391168,0.0014703906679123455,0.0003417345503191864,0.0008314256583309044,2.9700998444965485e-06
-0.31358519483904557,-0.1957271789061057,-0.21874587493138598,-0.48373635382290775,-0.4837906639480101,-0.2715515926816805,-0.23770314720410146,-0.45555178845695976,0.8798614502440948,0.005161633756763558,0.005327240925435776,0.004350765209225297,7.395111682240414e-05
-0.04356853925981913,-0.46287577827939347,-0.0686136029700638,-0.22121087570270348,-0.04097549982593002,-0.31467863722125755,-0.16197526688074468,-0.507742474490145,0.8671857488895235,0.0010176463971792702,0.00029659381913543634,0.0009943352984265606,2.11227476893833e-06
-0.07567773242702619,-0.2104149571272535,-0.418613509363435,-0.39543757605233704,0.004591036087180145,-0.3417520894072307,-0.19180698261666668,-0.5118734328694776,0.980808448429181,0.0013900358529690526,0.000706242750444787,0.0011816246676759662,3.827215350355557e-06
-0.47742703693640637,-0.27064660975539134,-0.19693976231490568,-0.14059230271320883,-0.49969484560494176,-0.4015387607684331,-0.15663934545099906,-0.5719523152682878,0.8917675506258607,0.0001085424599969727,0.00017565412657026175,9.545630212282879e-05,5.1747743418320716e-08
-0.4968982952790937,-0.39134308699277387,-0.16822419892219698,-0.3411664449166558,-0.39889542544820794,-0.10347684823331904,-0.2237065740608637,-0.5163541428670927,0.7578175650157761,0.006456979040706839,0.00840459343240215,0.006546759202327036,0.00015518982514935853
-0.22264413422138174,-0.16836153349014,-0.08219341408329883,-0.3764267678170796,-0.4693152459557956,-0.15496889789122598,-0.13068036139456451,-0.3688755155289807,0.7209142148441703,2.4513522215528857e-05,0.00037751053832354374,2.1822384570650212e-05,1.4359133578509242e-07
-0.08613252573995994,-0.23079656610679122,-0.07943608374354583,-0.3121186832797094,-0.1281179988763222,-0.22599473213698001,-0.19062391253922942,-0.40625918547705214,0.6999471403996337,0.0010550464161600411,0.0006806962416169514,0.0016020798335242609,4.143130106588715e-06
-0.32972811654116646,-0.15135035113591938,-0.4362189279738853,-0.24161810829462976,-0.13944592289484947,-0.1274611674038344,-0.21128254307514593,-0.5417989975576547,0.9903271857040431,0.0005245509741809553,0.005339770898205816,0.0054633509202131015,5.8636510247233265e-05
-0.20383583406292427,-0.021754392902027297,-0.4740071286587351,-0.12968936136019,-0.14773389234851558,-0.17534173847587903,-0.11578673536835529,-0.6038002892291146,1.003740177662016,0.0009074933062909227,0.0018630112973064598,0.0006608171680961181,4.731034524504902e-06
-0.4374225482970572,-0.11343468038625132,-0.4434981873928054,-0.08534825975325905,-0.15641714376968746,-0.3758414415971654,-0.20558420800785634,-0.6815048940612863,0.964898963573426,0.0026113858079733526,0.0025508141452939806,0.0029729861248224934,2.216463514030356e-05
-0.1727959900459647,-0.33542022555853573,-0.48837485082581783,-0.2996823163445541,-0.05262940849982822,-0.2287048303888683,-0.0973127133057517,-0.5725145702121871,0.9684874054532757,0.0005363620569808038,0.00019122665834013419,0.0007037300182693014,8.194878296419245e-07
-0.3579884412311847,-0.37990222841944316,-0.2280901861167033,-0.07677213023458979,-0.47785840024209986,-0.4557134680071918,-0.1398564855758148,-0.5081859207086896,0.8158464023288302,0.0005673719683686495,0.0003340425827540861,0.0007089229111665827,9.360670915604389e-07
-0.24986131159499902,-0.09768649860065376,-0.1515420453755657,-0.16570787751478083,-0.08469969248381126,-0.3899130338985465,-0.3872463156023952,-0.5554347317018571,1.0427378136489895,0.004012281963335366,0.004259483013582997,0.0012741445412956854,3.586504640842198e-05
-0.21316446059826594,-0.2821185806772074,-0.07707330905504911,0.0027995352988667843,-0.07036365184544557,-0.2064747817712586,-0.10578585847956304,-0.44867863868958147,0.8486851751468144,0.000902944085213824,0.001716988794863006,0.0023375700312657207,9.22759219377937e-06
-0.022180747547114466,-0.4426995901062941,-0.19871701214503806,-0.03546716525148641,-0.16224351216190813,-0.18969050604119414,-0.05540950025191679,-0.543573937180344,0.8974197758566993,0.00019230592712808357,0.00016613327539162105,6.580030445533319e-05,6.891151486735451e-08
-0.23604372280356334,-0.4548045191911991,-0.4339539191257359,-0.10845437323349238,-0.37479813013181423,-0.08400605226461738,0.00741774358021638,-0.4370312635794539,0.8087341792427046,0.0004338317723367856,0.0008091297187378186,0.0012642741996846338,2.441290160421839e-06
-0.4509455176431097,-0.09883501694424607,-0.2694112151446214,-0.08199797790178359,-0.4923985335567227,-0.10969383549497458,-0.17103856339587034,-0.5105210352858616,0.8765944106117973,0.0006499920269227076,4.811981182811631e-05,0.0011514046133664086,1.7505377350349117e-06
-0.28613774039031836,0.004118301428921112,-0.36920963435259113,-0.28878792510128176,-0.1540342276890681,-0.13297986808261714,-0.2026205271069921,-0.5288440907505552,0.9381554605854058,0.0005527262137568346,0.0003381070500353609,0.0003506337755867073,5.427666892397697e-07
-0.1423101491804325,-0.06770524158312674,-0.012821019067012662,-0.12425248081242585,-0.23301477029110912,-0.11174639595724001,-0.08627855860672073,-0.3346490736384021,0.725393145024721,0.0002630189522382837,0.00028251152331783155,0.00028403616766913697,2.2966827458805639e-07
0.010339421958638129,-0.49794223140734295,-0.10262872025118241,-0.2750494002024102,-0.14441192996870095,-0.38764135510726766,-0.09456783148381716,-0.5345893415642472,0.8732216937215624,0.0005916399769411917,0.0004550274991698161,0.0013267801111865028,2.317433350755779e-06
-0.3810310950674096,-0.09814712386706825,-0.10450711947124086,-0.15474348141620697,-0.47712735862581057,-0.27210051559443554,-0.12795646406021371,-0.48402748005110685,0.8552119065103994,0.0009332986214009048,0.0008531182684940388,0.0011935863918488556,3.0235055715538663e-06
-0.36357218564919547,-0.46787506961189806,-0.39504617792402996,-0.16982508977704647,-0.3358337246583662,-0.0553188485615827,0.003418370486268372,-0.44421637140899867,0.7954379194102855,1.153854551739667e-05,1.641510308987498e-05,1.0860567914458783e-05,5.205455775328295e-10
-0.12895643787551664,-0.37946115015524134,-0.04626563730761246,-0.46954608146540144,-0.3103951270032563,-0.20664570873489185,-0.09763566321700462,-0.47116213433533244,0.7896543466442246,0.0004071670778364418,0.0001436676061277215,0.0007122010318215826,6.936557200520642e-07
-0.2010935786982218,-0.45313209522505327,-0.12535979361012156,-0.0069592439243512105,-0.12475411126062541,-0.18924700410775908,-0.07066718094813988,-0.5541766485036882,0.8836308552660531,0.00014043493312830189,0.00014433730846039194,8.946572282560644e-05,4.8559344617049184e-08
-0.3552404397350478,-0.3161975702577981,-0.48466135444084124,-0.3586808138175087,-0.1938224803364706,-0.2299564918942547,-0.1237668059227502,-0.4655457723748925,1.0487727158272446,0.0011009133448993394,0.001500319602547144,0.0017877055758556079,6.658860328709904e-06
-0.4359765021419804,-0.32046102829755807,-0.2133049473421455,-0.22683150307325112,-0.42861157830437846,-0.06792829254520505,-0.13491467019450848,-0.5408359869018163,0.8304132634638965,0.0011987542068391545,2.3065015670503127e-05,5.2654167845545325e-05,1.440316104753958e-06
-0.05435038961172389,-0.053667831812123146,-0.16786207621898935,-0.10331541420673185,-0.0891219983051677,-0.24123423668178212,-0.2875263807007567,-0.4366838250826905,1.2244667065800734,0.008998595750114462,0.028675672143691367,0.01141677811822992,0.0010336117209673484
-0.4141712770201311,-0.2963967528652848,-0.14530210884775946,-0.11502330926716187,-0.44204457204103,-0.43949730039094737,0.002084506397403325,-0.4811493070949218,0.9808130736349362,6.194416039024715e-05,0.0012065826308756598,0.0014089989528186292,3.4449567731812738e-06
-0.3255672615285782,0.011110696221605543,-0.42711160393468217,-0.4772600342552039,-0.3947934318354622,-0.11235131668273451,-0.16691231703193024,-0.5374660387138045,0.9556213336842333,0.000553141811835122,0.00013860102011260483,0.00016078733210946213,3.5102867294337473e-07
-0.010034698222441796,-0.481993638144036,-0.46037791390488986,-0.10714004939564498,-0.2739020421405311,-0.422968110786881,-0.01637469766608419,-0.4355643904158988,0.8981622031496793,0.00015455769767188174,8.232847912961714e-05,0.0006461510538737298,4.481772448075603e-07
-0.0749014742731236,-0.4388515040538158,-0.2617934951878805,-0.3808089141232559,-0.056205999269978046,-0.2692547556590626,-0.13794158593319186,-0.5548007511738081,0.8489881442455471,0.0009568442043519225,0.00041284453311528813,0.0003468908825572123,1.206324724326365e-06
-0.009664936515295208,-0.1496167157254979,-0.42938014784290973,-0.2497119116065884,-0.06607219604459091,-0.42724157660759965,-0.18997218653626785,-0.5759996484324369,1.0420414796621522,0.00013545333492327456,0.0012358510509636001,0.00036270254895687725,1.6772285651294876e-06
-0.09293362169170943,0.019409760754939387,-0.3609422519389216,-0.40489571129230734,-0.16307505814123058,-0.44472247953389443,-0.14923925801457408,-0.4542441444808826,1.002927240104245,0.003220845306567287,0.002388309365437752,0.0059380434384778595,5.1338225991124186e-05
-0.08834067257354083,-0.4064680506755798,-0.2027550040315998,-0.4855907992642972,-0.3995814123545649,-0.13816903753869125,-0.03673768087077558,-0.498006023414955,0.7923782810394244,0.00017251887664272714,2.3354461909847096e-05,0.0001551123618168374,5.436803847756448e-08
-0.1832835141455924,-0.42652446615876033,-0.40113107742074994,-0.11812533623183064,0.019397053700427547,-0.3629531505943042,-0.03797218861132531,-0.46902870009792785,0.9649707598490135,1.6305997290293242e-05,5.697189384036106e-05,0.0004911410002170501,2.447311643295928e-07
-0.08761207181998282,-0.470657887950449,-0.2548508465843106,-0.01935905831041468,-0.18927278365358857,-0.3182949600220401,-0.08112733503541965,-0.5385185250336733,0.9699660087725213,5.073131526362572e-05,0.00012427018845419905,0.0007183444935602961,5.340355575152179e-07
-0.1259114082695741,-0.20379026137441741,-0.2374356287937685,-0.07746753672122042,-0.09451921286593395,-0.27035725744091166,-0.04391822650684101,-0.4103724097977842,1.0807763787814906,0.003946795376258997,0.007983084319074673,0.007995720646050922,0.00014323837763720028
-0.15213308159153466,-0.1939403231621099,-0.3243385112653444,-0.4063753958923982,-0.2122556850633781,-0.3316892460006061,-0.12640724433501777,-0.4190800619081903,0.9331231289736298,0.0025869389514290774,0.0007338072466355344,0.0036233606024147157,2.035946826876693e-05
-0.10288234015099351,-0.06081845123925511,-0.1568985401708312,-0.3639288240169409,-0.24656596138850662,-0.013395093134640934,-0.16099741783577395,-0.2938372095035723,0.7458778913879561,0.00026312755199586844,0.0004299632420588882,0.003368387130521163,1.1600136359201729e-05
-0.19793058002735758,-0.1838046335112894,-0.09712994089851257,-0.2786687904607943,-0.2339378857949312,-0.43737358625556944,-0.18757457213171075,-0.30306972528279175,0.8356353220829209,0.003458413067094324,0.001996295642413678,0.003909781624515605,3.123220958596848e-05
-0.2760283697123251,-0.3494611646653003,-0.08782187685262688,-0.0011498593364944742,-0.19986113448354392,-0.1818719661742081,-0.10743695673174761,-0.5390973487279743,0.7444614835669562,0.0010628844323831439,0.0012808701925983617,0.0013845190779684044,4.687244844147882e-06
-0.19975428368359432,0.009322289721488408,-0.1463989840846584,-0.19068769058106894,-0.1673118112544829,-0.3112469775824541,-0.3181795717699407,-0.3746753889626635,1.061900294749029,0.002856647952576409,0.0045661724532422,0.005657985546647015,6.1023168843773396e-05
-0.23339158183887965,-0.05541134095043443,-0.45586932406425523,-0.028089523696149088,-0.4280166024018633,-0.2638827073897756,-0.14804702103532733,-0.583893486140267,1.0377594820523552,0.0010103129215214483,0.0017629464227402114,0.000858108875004651,4.86506313020746e-06
-0.05246989902432131,-0.31460208853471916,-0.03376254986850663,-0.23914470648509806,-0.4685965898912407,-0.04489994946176634,-0.010246945692688449,-0.4341204381769365,0.7619976379648075,0.000446549319729885,0.0009103367079205271,7.837054933777985e-05,1.0342611597423113e-06
0.003924972781422786,-0.008285536317913955,-0.354560333458633,-0.4706586747212618,-0.3869295947305542,-0.4733453438504265,-0.09723380379340277,-0.4456101992295237,0.9713484710056051,3.6068304999018216e-05,0.0003758230222638436,0.00029986782100759036,2.3246457676487198e-07
-0.07343666003975047,-0.0029806695066617594,-0.473784773377765,-0.40038422287063197,-0.18619322972068453,-0.23358840910165912,-0.14526177096591802,-0.5101436195138327,0.9614916112279853,0.0009412036359199034,0.0006554339508099108,0.001631299181710548,3.9765949683926384e-06
-0.2612878147205123,-0.04806251472738282,-0.08270888517037511,-0.26461514917831375,-0.38607125185697916,-0.4844302957592113,-0.1915215921257194,-0.3704977419075165,0.8770480901545865,0.0002562917459208614,0.00016293660446079752,9.295498796199155e-05,1.0087442588739171e-07
-0.3186360366249733,-0.09546614634528883,-0.45792447074084336,-0.09106797465958805,-0.40180399306275855,-0.029806299984656837,-0.12548274629932846,-0.5288066786041765,0.977576032938203,0.0003028178105564803,0.00039907574391943916,0.0003439693884389183,3.692750159581176e-07
-0.43592693627494394,-0.33273758905485173,-0.3342522636086922,0.018777356012129154,-0.31321033152477695,-0.11314994715172855,-0.12152449967152247,-0.42530538884181207,0.7877755568632645,8.66259519931256e-05,0.000329039523197252,0.0006078185109293999,4.852144056130231e-07
-0.32097449678781076,-0.26129420549653803,-0.16643652355869148,-0.23432846859777606,-0.3827376285152169,-0.41319969934448564,-0.18132246332757843,-0.4693635507752855,0.8494165774089677,0.0007378576647680961,0.0005077358934641984,0.0015792949993859182,3.2964023660542844e-06
-0.009278443476291864,-0.18703291756128276,-0.2645651046338561,-0.27762549104310236,-0.026664364009780117,-0.37758018688763234,-0.22831097748902618,-0.48829432450358035,1.0660772543729655,0.0059548474201457655,0.0034268801436175473,0.006852150539104938,9.415568232649302e-05
-0.3849083953946739,-0.13047410838548845,-0.3150174803713641,-0.20126669145796477,-0.38207742982514004,-0.017503700901799202,-0.14611432756939782,-0.5107630413845646,0.9244354811614762,0.0003633918380247545,6.879459294456808e-05,0.0002237147757977456,1.868346248716538e-07
-0.07095553672759619,-0.073585560475188,-0.4780653454885191,-0.48914148955801945,-0.4630241224665995,-0.32101010772778515,-0.10547742225794453,-0.5419451349374161,0.9951702149928661,0.00012054748098650618,0.00022320901332357755,0.0002581650581263259,1.3100315603844633e-07
-0.3309940593807361,-0.057462266944314555,-0.062034448626023087,-0.06590935510150536,-0.24882638336662644,-0.20935706207792992,-0.09407459193277146,-0.4435350893227483,0.8728338755017185,0.000796981111457962,0.0007863763715450185,0.0012778995082162329,2.8865938428443664e-06
-0.2730685659615262,-0.3079185823899794,-0.45584474477336134,-0.08321454218542024,-0.19834081978976764,-0.21637898782503356,-0.010687223970761394,-0.5972173934902449,1.1187668674091105,0.001224682064942002,0.005877187622018246,0.0016353869750758635,3.871567106284285e-05
-0.22498635305756592,-0.41614133131114206,-0.06903496652788482,-0.14847375632377235,-0.2678690416737397,-0.3155856693549586,-0.04268064256539997,-0.5491488695094404,0.8931830542917161,0.00032837047569924034,0.0020072231353591183,4.0530240395377066e-05,4.13841458481834e-06
-0.46265302041671813,-0.05133679712597139,-0.17574152862618864,-0.1021833414067777,-0.05147409153318,-0.3172664103119879,-0.26132876190631077,-0.6168204011936829,0.9525545240972983,7.072917796963033e-05,0.00015997558104560204,0.00018019939871709477,6.306662644514011e-08
-0.2888205835060762,-0.02401972399783514,-0.44384338380274624,-0.2672436364696382,-0.1652048782630699,-0.4273494236043342,-0.17165170989705164,-0.6490975602337585,1.0178887326569852,0.0007775088456984941,0.00176236397878657,0.00023960228115839092,3.767856052000139e-06
-0.32536891522287326,-0.36270249584200465,-0.007623012179646227,-0.49940175891491456,-0.39546109287440045,0.0115903878947482,-0.15962284870717228,-0.5506523707482367,0.7140219746804873,5.448380150864829e-05,3.278171570635367e-05,0.00038613762462786993,1.5314539066473973e-07
-0.3477625330134603,-0.39382828953221305,-0.07440145711897389,-0.09637843417325209,-0.2964828912979318,-0.27288896037947624,-0.11692782559864341,-0.5140712207372737,0.7591039956073006,0.0003772057052318762,0.0010471504943799154,0.0020493335406094088,5.438576262606274e-06
-0.3306643561073307,-0.06714527150354932,-0.4165977260501808,-0.23165971839243238,-0.32434444605949325,-0.47778187926371135,-0.1909570070121314,-0.5682413979443953,0.991721139885686,0.0004061690650469345,0.0005000964765229767,0.00035474613678974226,5.409146167990436e-07
-0.03587330181947751,-0.3123432384880499,-0.22627751407526586,-0.3274517232133931,-0.4072305002558376,-0.23269536571211924,0.006457247972212412,-0.45702690828591563,0.7747144903649151,5.766920928764546e-05,0.0004386031940882294,0.00035569760169218976,3.2221928341383497e-07
-0.2577788990144678,-0.11465353716139748,-0.08632293064858071,-0.16541379060214878,-0.45855572848698034,-0.3703426404555008,-0.13449605055722957,-0.3678526582522252,0.9200195338971641,0.0002215141921807229,0.00032939474802726984,0.0005753054175819963,4.885457608646218e-07
-0.4073133802810648,-0.47310422454485423,-0.1250525160684401,-0.3280960956636374,-0.23123965857411288,-0.24455092503644005,-0.11449553163948091,-0.4901459708074464,0.7400561329342334,0.0003710220227180473,0.0006268522494700446,0.0016711588178436629,3.3233728784640753e-06
-0.2743058691795338,-0.017219905390586654,-0.2207624484109758,-0.4281557396984208,-0.45282235376644986,-0.24987360931714575,-0.16772524017303733,-0.3929976245606938,0.9012566736952056,0.0013564701525846578,0.0012773505096188792,0.0013708842902906476,5.350959336642348e-06
-0.4416069147513149,-0.18658245710199328,-0.23784532662063318,-0.06018747428497173,-0.16232399513002627,-0.027647414921103175,-0.2767289012260019,-0.5069214989866376,0.8651255377650882,3.6334230642196654e-05,0.00032427712711832193,0.00010457198016306517,1.1741113052369716e-07
-0.15686003742752064,-0.0736184716838777,-0.20817112605917154,-0.2520414736777714,-0.0820003094091235,-0.05148583050408906,-0.23434959363286487,-0.3951045037412358,0.8254659069399313,0.0005937325145123895,0.00026036389915486114,0.00014692997810202587,4.418960772373894e-07
-0.21703697741010558,-0.03450469402432277,-0.22577305433445238,-0.13014402956401655,-0.3452114208720507,-0.07437775612553099,-0.06982929556889016,-0.404162540879797,0.8323285283282243,0.000549659880561499,0.0015353863606876984,0.0011921416653282032,4.080739011096198e-06
-0.4672544496993188,-0.16162467430125688,-0.0594666745307138,-0.41169663637068354,-0.41688155736890553,-0.49982416976845295,-0.20219939695344308,-0.542710697956191,0.8919828686475957,6.826938413918724e-05,4.094898927684172e-05,1.5508077895507683e-05,6.578029013551941e-09
-0.29940771763461405,-0.32748434664990145,-0.031092930509687366,-0.029010043156984022,-0.1555085512116312,-0.17271265403467062,-0.14038248465205408,-0.4836119913579247,0.8151340833817163,0.00042134999720450214,0.00039716768834012294,0.0008064253406579291,9.85599822860928e-07
-0.042656136720914284,-0.1572647824124664,-0.4243752777410402,-0.40043599720642253,-0.33174654794630953,-0.06687183046633721,-0.04788650188902225,-0.5007424044856073,0.8966748281474516,0.0004427012046767967,0.0002863950887562979,0.00020293609317583488,3.191895613994861e-07
-0.03796224880368815,-0.11527710717512374,-0.0932675426141919,-0.4508647422313352,-0.18287836268486568,-0.19304860604125645,-0.24298108319583675,-0.24726741697110535,0.6441854159775193,0.00032636424377507537,0.0003867867234943424,0.0001351975829391702,2.743959755189596e-07
-0.35049586115007947,0.01589199923673512,-0.4921969661023824,-0.3274949033850034,-0.09564032078124435,-0.3320892924484421,-0.14607625919355074,-0.6269638137325166,1.0571176419295707,0.0009597190105547615,0.002454671746210184,0.0004227897011936507,7.125225092298185e-06
-0.45948872755067227,-0.1611931811515857,-0.28191633747325784,-0.3567464058793494,-0.4372747927290629,-0.008045012519138417,-0.24039727464440994,-0.5637781973151531,0.9165017193328506,0.00010489053594177832,0.0001274038953286442,0.00024773194082230304,8.860489157865067e-08
-0.1388345874032637,-0.01440870610512085,-0.013592312053932576,-0.36415994871399915,-0.4584098040125376,-0.026848369358918933,-0.1157905177389447,-0.24132584222325904,0.7199173009255214,0.0002101633034370498,0.0006832919418945809,3.2423054480222204e-05,5.121077464314684e-07
-0.17132905981300584,-0.3496325286376147,-0.3066654787431361,-0.24574512161956252,-0.18170760204367692,-0.4628461139615811,-0.05107609702746927,-0.5262491491896351,0.9015199452303465,0.00014110416477210646,7.781360880560971e-05,0.00015298724908991597,4.9370441415486214e-08
-0.37862789089884585,-0.43151684774511406,-0.04367812777410146,-0.2577648531624248,-0.10924707910966569,-0.13031660817407992,-0.16428352897499587,-0.4952059503513682,0.6996597356687534,8.914927061867692e-05,0.0014688218498775673,0.0002518721031945711,2.2288247754972574e-06
-0.4004360824623231,-0.19794748770364035,-0.4303037050623127,-0.3685582344408528,-0.12012125907463944,-0.3391759053454499,-0.22604086805215984,-0.6488842309823605,1.0190658080830162,0.0001319214705224711,0.0006120440431384503,0.00018672672446352773,4.2686805475495066e-07
-0.12339916688416319,-0.3791156190341098,-0.06281201139934683,-0.14537349972339852,-0.10011623439453193,-0.047340355754974306,-0.10979068147783802,-0.47751002584422797,0.7665740282222011,0.0003727119462068266,5.4611138268857175e-05,5.1076329084086746e-05,1.4450536266100664e-07
-0.21127222577741095,-0.3659580400276644,-0.2579262508880777,-0.48720095328693186,-0.26838368856757855,-0.29137018932215475,-0.06417465176069206,-0.5140714507219051,0.8381123236541418,0.0013094245125277644,0.001092889240797514,0.0016842063308347345,5.745550411483339e-06
-0.47500119131031376,-0.44981776540362417,-0.16621501026613156,-0.47146208809197054,-0.2968608403048255,-0.3384683940762886,-0.19865597263344198,-0.5059613608730203,0.7794943928182854,0.0007927612642265307,0.0002532021799154904,0.00037638007319914564,8.342437254733976e-07
-0.4949213219042921,-0.46131742078750443,-0.06994164112018203,-0.11653610670060938,-0.36102820476048886,-0.12767378711369248,-0.15714653497480358,-0.4881544357687303,0.7612257003052688,0.002906714339408737,0.0008498566861677117,0.0003480691450850862,9.2923967677086e-06
-0.42737060252506576,-0.12079727066515461,-0.4363759666701881,-0.19175911691965225,0.018804251884775747,-0.011046249542474573,-0.18856285754234534,-0.6488337179670827,1.0269611237478982,0.0002040093998875706,0.00014870954450101168,6.859787433736158e-05,6.844003223178951e-08
-0.4579019819415451,-0.19109906793618386,-0.2524294745964234,-0.47325389016936265,-0.13371439750541858,-0.23702863905166788,-0.2679142736064846,-0.6602614642424457,0.936033415758882,0.0006279996272619081,0.0005795168532952767,0.0003927725726900433,8.844936089519101e-07
-0.17430207484641674,-0.4293401592286846,-0.39959369973788716,-0.12911941379873726,-0.018241404869692834,-0.31488764522674495,-0.03821898982339365,-0.4750276069025597,0.9598893147833838,0.00014456909123998905,0.0012276496430854702,0.0006465110529366157,1.9460004098790497e-06
0.011657345250558282,-0.3860907158146527,-0.402225203180798,-0.12122271165888515,-0.3661563807616267,-0.0037613078842466674,-0.002157832490030659,-0.4114273904149108,0.8233726704498484,4.026253325144238e-05,0.0001597619828677326,0.0001667318835614825,5.4944483749612946e-08
-0.47547119942268656,-0.20462527695083482,-0.08274571363143401,-0.11460738674909349,-0.0009397601441198944,-0.38102023300398746,-0.22019220708329032,-0.5714816400382118,0.9083673632831087,0.00019847433712758247,5.4238729987850825e-05,0.0001992758651713968,8.204477276873698e-08
-0.1796057176517506,-0.4323066233165093,-0.42432977817274137,-0.11515061616704525,-0.1383774971128558,-0.09699056887880447,0.003733100144419656,-0.4220729655291033,0.8249342583731397,1.0023671087056189e-05,6.789194499414968e-05,5.282829172492536e-05,7.500618583723947e-09
-0.046023968069663856,-0.40286328990377873,-0.12811918445986104,-0.07806979953019766,-0.37362598560911486,-0.24556561339781197,-0.013135204259296544,-0.5196700703539396,0.807473682232782,9.230339619529008e-05,6.311064304698168e-05,2.0180004493928656e-05,1.2910102796363202e-08
-0.3336810258300754,-0.4488854320886174,-0.05264598166291151,-0.1088597467296249,-0.49438059510506865,-0.2916930550052482,-0.05939157069250884,-0.5178968723692039,0.7416946132681748,0.0001586129564816648,0.00017521190806412892,0.0012968004350020685,1.7375486509128815e-06
-0.07468399525088182,-0.0015393860439302798,-0.3725216271383355,-0.004982705800986753,-0.2568806407816365,-0.474244014161216,-0.060045825532219745,-0.6588432179575832,1.0462134648906265,0.0008933824754425698,0.0009146553405899064,0.0010366693205607286,2.709409919689375e-06
-0.4923610270566065,-0.4500609350731795,-0.21330684060702187,0.0165426706736701,-0.06805440366458915,0.002378467127800654,-0.1736404589784848,-0.49318397893017746,0.7226426712021078,0.0013731037770535446,0.0009118898943059914,0.0007454992378107099,3.2727262754724527e-06
-0.016201561780295026,-0.03427810260995218,-0.07707907764122485,-0.180384430508213,-0.13959172974409373,-0.008104972575105118,-0.08634040528577765,-0.19150652687448816,0.7634478418947792,0.00020205681028461031,0.0004012129831242464,0.000524626342956891,4.770316121341693e-07
-0.16345803005221832,-0.45527113451558604,-0.22337914427596933,-0.08868679141186842,-0.44117757526849555,-0.4594536007876323,-0.054662076599367525,-0.554639460828143,0.9127575102416738,0.00015329129391531578,0.00024718049072035644,0.000427439821789223,2.673012170341906e-07
-0.058486500875416736,-0.4535596886290186,-0.4200141004822594,-0.2312870251442587,-0.20598148363992358,-0.09132343508474572,0.0009059109824718075,-0.4406968112314433,0.8329912771773724,2.0195148340455122e-05,0.0003672659529897917,0.00014402542763935385,1.5603544804869168e-07
-0.12310330418172216,-0.4612747899844772,-0.20818027993037364,-0.14240680606247474,0.014413363518434363,-0.08514954892298765,-0.08065279295619084,-0.5052859317537203,0.826604471081226,0.0018154728194055795,0.0005028591428803812,0.00031723925002099396,3.649449617332717e-06
-0.03212868450296291,-0.32939211822595704,-0.2286324637451912,-0.47160069937756494,-0.08391285532988224,-0.1915687459575363,-0.12026988488425053,-0.5018407842794662,0.8006898630168673,0.00015026354734126805,0.0008167991381630386,0.0009396493046621378,1.5726807815155032e-06
-0.13716242358305314,0.018740112547451893,-0.0752404635473104,-0.3828782748966802,-0.4541579078807396,-0.32356582994962935,-0.15426445662098426,-0.17750606639029057,0.8616692595137401,0.02045199123636337,0.002164146980702108,0.015795969971942995,0.0006724801450408907
-0.14817243973814354,-0.47955299642634713,-0.08361337642338501,-0.18854415860002743,-0.06816541970232382,-0.3224141094152634,-0.14983651707445508,-0.5057798899481665,0.8781518704617108,0.0007617890646216341,0.00039032430865256753,0.0006168965373412809,1.113236982685872e-06
-0.3316091563372291,-0.43865543408163504,-0.41834234758511984,-0.3486200345821033,-0.32997535365757674,-0.28463485640543473,-0.009947644673991653,-0.44342586718119226,0.8665387379822072,0.0002900447712605209,0.001061655196424258,0.001845007996264651,4.615292231710699e-06
-0.2594149715083246,-0.009651337592704312,-0.023596305130976325,-0.45202792293324756,-0.41018014253490714,-0.21410261257021734,-0.1536670128004489,-0.4081574835963152,0.7557570011463159,0.001382814623385253,0.0005244499363320495,0.001076908175795136,3.346955237461196e-06
-0.3545270558164192,-0.3257635475491028,0.01875405401961361,-0.001420015439479616,-0.4549348611405257,-0.15581558004078283,-0.10629773466612291,-0.5321316135370704,0.8423228486202846,0.0017135905716370902,0.0008234547656513266,0.0003785183139508498,3.7577465122736045e-06
-0.003955774546479385,-0.3979483683634557,-0.19943519139121496,-0.264952233796648,-0.4110550579018183,-0.09948949432538762,-0.0242477746806634,-0.5566873970619939,0.8169028809208003,0.00024261453121166815,0.0001403951575019272,0.0008076615439466245,7.308897805752937e-07
-0.0519561609565003,-0.050926089839615996,-0.23901835185894577,-0.3518002333406949,-0.30240746259789725,-0.27638979959730536,-0.06814883866211362,-0.3265131051532315,0.9093576947335296,0.0036250667612982342,0.0011534892614586407,0.0009072969981503697,1.529483434302234e-05
-0.2089942850819529,-0.14738372072744482,-0.23853848784035037,-0.057517459038997076,-0.19761203580323877,-0.022056775568856823,-0.05489530888372608,-0.368794608730193,0.834022774218921,0.00030279348636990695,0.0006395659750288676,0.0006999280502721886,9.906278073604966e-07
-0.04992608191283404,-0.3814077801919246,-0.37576155170114844,-0.200126819574526,-0.1183007967488166,-0.3576395113260741,-0.03237162287189811,-0.5219634490382471,0.9660099753653424,0.00010214124503150999,6.840558323086565e-05,0.0009825778367137069,9.805713629547299e-07
-0.01956539891786846,-0.2899628719072491,-0.3104712944653869,-0.07573360957871417,-0.4353165479627993,0.017978348177633885,0.010096902691322804,-0.3554887168268651,0.7840044794906823,0.00013767653353799215,0.00038122643700814145,0.0004315557025651554,3.5052874857746504e-07
-0.011771135831567914,-0.041152816490637734,-0.24492234914382366,-0.04009778556812338,-0.26733409077962567,-0.4256715507577332,-0.03652801222648242,-0.332568547918996,0.9472625434450817,0.0002660347750205585,0.0001358761605947132,0.0005658500773791809,4.094231426082243e-07
-0.05038370864905661,-0.19757375607599126,-0.3982030622373,-0.3680908890935731,-0.1909374204596168,-0.346174894435923,-0.12366709766835954,-0.4726104642390154,0.9658769410265542,0.0003897794527603585,0.0015329245465932582,0.004351075447356956,2.1433643235934846e-05
-0.4074928894635478,-0.343569777565353,-0.45361292407170384,-0.1530042905230956,-0.12777415603611347,-0.36740692464508207,-0.23374860712876983,-0.4665592045036742,1.0808123490629387,0.0017234505374058037,0.0010429279876707546,0.0012276521807944934,5.565110419360798e-06
-0.0780997552427724,-0.025200499911700758,-0.026398571463951748,-0.15446858246968564,-0.26815113395628964,-0.4706016928787849,-0.042635196149662505,-0.1758464685375013,0.9932703862446595,0.0003185053686247396,0.0005337863203912078,0.0063001481110714986,4.0078239727117326e-05
0.009140920051295187,-0.08167821655311491,-0.3705443803014405,-0.08400975774110714,-0.46999661323292513,0.012637547738753141,-0.030934788068348238,-0.4746196253301429,0.8889717912156319,3.48533841761169e-05,0.0005912155490862646,0.00036292794061630493,4.824672739498937e-07
-0.43604884582830866,-0.4463158193761832,-0.06483766892583342,-0.46399414868206323,-0.3332810209830225,-0.38532675741964534,-0.19369662383220712,-0.56563049661317,0.8249013776674387,0.0007763337029921517,0.0007349046447162685,0.00011551523379954447,1.156122624466815e-06
-0.3729765381518973,-0.30716899397936537,-0.1886221204437023,-0.22689482389464788,0.011363206744387178,-0.033163441454090226,-0.2363979659465777,-0.6717557221194256,0.6901078355463316,0.0010877327882934497,0.0009446955571568637,0.00028085006457408276,2.1544890732118255e-06
-0.29048276812056406,-0.1691311241408444,-0.10387204058768085,-0.4443203872362766,-0.17760889438649102,-0.12173410243933352,-0.3594477139986427,-0.6575083675049126,0.7066533043824769,8.344675576892241e-05,0.001028935469996406,5.2914699674090145e-05,1.0684715279066825e-06
-0.1403638954442359,-0.4836808605362651,-0.008282763716441988,-0.4994999936986629,-0.4502433338711415,-0.38641492983988207,-0.08490520063174807,-0.543479882265012,0.8610284457760305,0.0001935965236228687,0.0007025512396815346,0.0007204244405259788,1.0500692328440907e-06
-0.15932365090382533,-0.23898989761934425,-0.4901202409864952,-0.3391428317294235,-0.3967867639409599,-0.14169141890123793,-0.06774177811651813,-0.5329715088802328,0.9255289154825356,6.675435785882533e-05,1.6944566187827087e-05,3.470622704174197e-05,5.947784811910712e-09
-0.038294456294524604,-0.10209524700917738,-0.14515539318260912,-0.2260823829250257,-0.027561379206511916,-0.45281624023251643,-0.3907847798166272,-0.5929456916329937,1.1537750913047558,0.0012858644358540979,0.0009019567027870409,0.001632382613860888,5.131646239132154e-06
-0.04910404976626748,-0.06149600447806841,-0.42456591165117474,-0.3249520969929626,-0.43261936341592605,-0.05471812250827329,-0.04400188203326672,-0.5075127723470664,0.9143108225294049,0.00013196372861858934,0.00016167768906326022,0.0008757131663754121,8.104276505750072e-07
-0.061881629092963686,-0.28379818096695253,-0.16891395881308235,-0.14557596513638482,-0.28124774165566696,-0.42259687893114906,-0.03689005087129059,-0.4126023431962633,0.9328967919684985,3.376152278385341e-05,0.0002446241101107776,0.00011706180255135761,7.468426128474756e-08
-0.14336787682315533,-0.23657908434764746,-0.2656181169780605,-0.05067511243981754,-0.032258379232566026,-0.38852603926666834,-0.13925626356345427,-0.5030537515472245,1.0999151942900192,0.0020500063010939857,0.00016976898273930247,0.0006170062851614066,4.612044097954061e-06
-0.256735082219479,-0.4075846755072268,-0.19965882941567892,-0.25935513197187865,-0.13628671156745492,-0.026258635299932,-0.06178309165664567,-0.5395717593039573,0.7522495814618075,0.001029710086397613,0.00032677394441580704,0.0005880069189634801,1.512836209526969e-06
-0.2650959099806029,-0.00023653832147318976,-0.37217517018401136,-0.05775507347095932,-0.17975301674294236,-0.3161578027019416,-0.18113253777181854,-0.6047074395944232,1.0383806293812954,0.0015438507665584344,0.001249885750666984,0.003330005835815216,1.503462844568682e-05
0.01200661842081685,-0.13718354135889954,-0.03469427197936098,-0.49804701766062753,-0.4785810854754307,-0.20244097480467477,0.019589557060160346,-0.21843701702116383,0.7188813592467718,7.008703837085079e-05,0.00019423575014271695,4.512351249585396e-05,4.467585096106457e-08
-0.45045306473970764,-0.21502937924307752,-0.0400586925601365,-0.2315155591816293,-0.38585847649395544,-0.28803971853509325,-0.1874607238804692,-0.5311904306376406,0.8865260149675697,0.0012642962502161664,0.0010441269148297372,0.0009665227191471208,3.622812189210068e-06
-0.342637529680735,-0.07592032940110205,-0.15764486689318247,-0.285640927783368,-0.18904089940778018,-0.07975277374298739,-0.2526467804563569,-0.5416926104112201,0.8267904362548113,1.673268538899974e-05,4.81981390569447e-05,0.00022492139774798182,5.319267853378566e-08
-0.2101764504771143,-0.46801969028967505,-0.31024554813262917,-0.2746861666064213,-0.34326476759358215,-0.20755907811001484,0.021835345139835132,-0.5348145108842358,0.7805087770264721,0.00013682089340698596,7.549676201876825e-05,0.00010757546689783185,3.599219902629086e-08
-0.13355252891623137,-0.16743797725446208,-0.3272973088080664,-0.08031550740969678,-0.20180758347707972,-0.24444010976957825,-0.03966004892736522,-0.4983917344414484,1.0709159366973353,6.203936497497592e-05,0.00028008697770328213,0.000281113470765996,1.6132238133156162e-07
-0.40299371207103135,-0.005555105837598384,-0.42681758920372853,-0.33045808345814137,-0.16424481155846316,-0.1201747194830659,-0.2401475747558872,-0.5594771059004248,0.9727134869121989,0.002128401464207285,0.005192968011107784,0.0004981057178330105,3.174511886336638e-05
-0.4350329943987473,-0.02176682288670878,0.0036328650499045656,-0.057745236524097354,-0.16969528690355307,-0.21684072023132256,-0.22313191712421843,-0.4997309680992543,0.9298685094739053,0.0017099959978528472,0.001296492260711498,0.00177262591044396,7.747181113134839e-06
-0.00245737834874743,-0.1365647682822526,-0.038496825519199473,-0.13580495247590707,-0.492161460713579,-0.37600064543698875,0.0073675104892409376,-0.227225958173473,0.7511303599997418,0.00025061827306249756,0.00018605824830031646,0.00072845998493817,6.280811402095296e-07
-0.173767289913772,-0.06378106987875026,-0.1250652823613133,-0.19937650037594928,-0.43979140735247224,-0.20937590377063986,-0.05891717981460604,-0.31656476150573926,0.7378508262924252,0.0001315105468224341,0.0004422211147775684,0.00015402386168133776,2.365778882478829e-07
-0.32102513665495747,-0.21256957276807492,-0.22438659136723438,-0.09134715637104518,-0.05265891120119842,-0.49927027591846035,-0.30882565099560505,-0.49923859815503646,0.9470690868353112,0.0015266384672012088,0.0010177830817194688,0.0020445178045371405,7.546560464042204e-06
-0.25919038672420613,-0.14418165061616867,-0.3155018949934847,-0.08875610793851807,-0.4962758770023274,-0.41427201862761365,-0.1266152220664321,-0.4988529548655263,1.0634329207485007,0.000430810460458108,1.892847810571011e-05,0.00022878251878398465,2.382973810246697e-07
-0.21729708422750854,-0.4682160410936625,-0.15159969321603728,-0.020347966672671414,-0.06616870400996805,-0.13596320840219328,-0.08175625913787773,-0.5368419795131317,0.8578322690422049,0.0010859276669466658,0.0014140714375812926,0.0005585926873718827,3.490862718808794e-06
-0.02489309299507747,-0.12416144868318368,-0.13705444007882,-0.49820114958288947,-0.4010581099941103,-0.14910783984260567,-0.06415306253469279,-0.22185902176400804,0.7446834085069283,0.0002929381856214284,0.00028157491176667397,0.00014139700650695998,1.8509032498071397e-07
-0.09088315565173394,0.002845347796696096,-0.09440527353515854,-0.360858287512811,-0.31467617511912527,-0.08525125590685484,-0.11547582999188569,-0.19090349296353057,0.7273438116932217,0.0008649873496334818,0.0001970370883615044,0.0014544335473336378,2.9024036728254443e-06
-0.22260152991463922,-0.37517619314313394,-0.3273616410023117,-0.3208219620525027,-0.25463375627771345,0.01248628750626457,0.014634849405830338,-0.41942190875589097,0.7795311725896164,0.00032074093110132096,0.0008937122598552104,0.0006234683491152786,1.2903091306477808e-06
-0.30689331143965737,-0.3596857666702744,-0.2962161885583533,-0.0785022685819926,-0.45982981515379595,-0.10836603419163426,-0.03497470886962769,-0.4012361688833794,0.7646675256177129,0.0003540706630415084,3.8661450435600895e-05,3.495081515843109e-05,1.2808230165667672e-07
-0.03406808923691568,-0.32984985725928556,-0.005858598405673432,-0.034188629346312505,0.006512073380912309,-0.0001431094930940957,-0.0856851005316101,-0.4199466174105004,0.8079039541816773,0.0004510027846614623,0.005363380513574977,0.00413431755719033,4.606183570886036e-05
-0.33521696700373527,-0.012115902670900569,-0.39003598316868937,-0.17621977978326864,-0.18884433352010405,-0.3548040129275175,-0.19981570082683628,-0.614515699231207,0.9984507198714048,0.0006008030139846769,0.002930524855868182,0.00023843640273858125,9.005792110625216e-06
-0.0699903529393559,-0.4613544170224461,-0.021181762557469175,-0.44927664529975964,-0.016735098460416653,-0.46282421258649775,-0.14584981929270355,-0.5036241093579567,0.8473590130541503,0.0001773765661577012,0.00024846708979112,0.000560583545052879,4.0745225191521897e-07
-0.11888580738618038,-0.4230963854451648,-0.4356094799008724,-0.31899317447038905,-0.44149887188329306,-0.48350738659114595,-0.01753663363673678,-0.42648211806758524,0.9056751700546202,9.210144179203653e-05,0.00029451965151859773,0.0002738043191133089,1.7019330587591094e-07
-0.446436556653352,-0.45646922162923487,-0.016516677362070742,-0.00841839790626775,-0.3798934036627745,-0.16021316707816913,-0.13810744660110025,-0.5354711267208114,0.8274533946200009,0.0011482429533649942,4.654078321250093e-05,0.00027828193343719295,1.3980687589319397e-06
-0.46028273474715337,-0.2643471683672971,-0.1820480688876156,-0.08405787119379593,-0.0374538418557005,-0.4560051198767996,-0.24781355272532055,-0.563832055003893,0.8787946672378613,0.0006360121685166727,0.0006648266004547557,0.0005156082949854033,1.1123578010312624e-06
-0.22147148577091497,-0.07936025580113332,-0.3660138231996004,-0.38575755932576056,0.006570928721348346,-0.13758100945698015,-0.24861558373662554,-0.5215763591880908,0.8814469113021693,0.0007918919071843846,0.0012081501796176997,0.00434323589012174,2.095041764641598e-05
-0.4161332651514303,-0.3942964121366423,-0.18983198050791883,-0.09283373250671112,-0.00431117137907755,-0.20987472175966265,-0.2294362912161809,-0.5353530248114062,0.7459561109598515,0.000884210318935052,0.0012744237238446852,5.3026108215621384e-05,2.4087954841618763e-06
-0.3722215136151522,-0.36905764045803213,0.014401213017674275,-0.03198498201834904,-0.20925524203976875,-0.24335009145491582,-0.14999887322494163,-0.5102458515076806,0.8351004475697541,0.0002605422632359479,0.0001667474845269225,0.001591477868095299,2.628488799165325e-06
-0.39957753708308164,-0.26301120811695855,-0.12694574394399077,-0.38464950475656107,-0.31874502772861907,-0.32464611863447346,-0.21578418325910337,-0.5165283332560173,0.7909715324359461,0.0019605301377010613,0.0006096721689614807,0.00033988476359742345,4.330900226966015e-06
-0.4699624623991972,-0.15745167265912963,-0.3853473953890284,-0.02847715490506386,0.013718297955474412,-0.4756297695146581,-0.2656923435434264,-0.7284176688465085,0.9362364497508471,0.00019294536715836158,0.0003444543194338777,0.00014933677189713697,1.7817816432518834e-07
-0.07917916809206865,-0.3496275342610242,-0.23312834988020614,-0.12904223777702112,-0.13923881638521335,-0.16025096276700956,-0.004156749253559994,-0.561979331585867,0.809125279092621,0.0006030845585522078,3.343578255869329e-05,0.0005829688390314403,7.046816036010889e-07
-0.3738593869598581,-0.48135955650280055,-0.0648989942960792,-0.3002474103649475,-0.04970806227980967,-0.14020557584838544,-0.1271937323586637,-0.5001241029234973,0.7381327586359492,0.0005172741113747768,0.000437594163119695,0.00035644735764725765,5.861158766687032e-07
-0.32401277310954996,-0.33365927416258323,-0.28088715976650447,-0.1791273663819165,-0.21164685804545108,-0.09940820636772452,-0.10628885098295189,-0.3901584449199526,0.7153205459468908,0.00021459562467596863,5.490814285170891e-06,3.614585868359684e-06,4.6094496402583174e-08
-0.0874289196621903,-0.33345708622233716,-0.3574292865849902,-0.23307589792742572,-0.3907703924640351,-0.24242230853033597,-0.007425241063393176,-0.37728222891414603,0.856555479981231,0.00019281914399787262,0.0025309166173887406,0.0005122101219830681,6.705077355528445e-06
-0.21455631352952392,-0.39037158831180113,-0.19388560846682773,-0.16649637060820277,-0.44087013983511214,-0.07090786145114258,0.011791901431774287,-0.5577675104877415,0.7379032078234498,6.397817638471615e-05,0.0003956416622872046,7.10324515422082e-05,1.6567114116299252e-07
-0.25589926101392124,-0.31194109133003484,-0.2097724167731661,-0.4399981725150148,-0.2407301348489076,-0.4443743518666483,-0.09364372680064455,-0.4430046343989214,0.7882062223720401,0.0003237150910338855,0.00014466748605812004,0.00016845212904051388,1.5409626146373503e-07
-0.4478656408229151,-0.034398201815421026,-0.19428211379032306,-0.11497135067456432,-0.4223358192491204,-0.4700902966599128,-0.1713428310224328,-0.5188259434077238,0.9163207742673236,7.664018547865129e-05,0.00012824013420410514,0.00011259552537640151,3.499700238567686e-08
-0.26008309111705313,-0.3388696488305353,-0.45630023461411223,-0.40948968030452526,-0.19262907007466806,-0.4596452477359364,-0.04187643730451928,-0.5860184582705394,1.0182667793756859,6.249607024288495e-05,0.0003999294852131951,0.0004159641413861904,3.3687551885784546e-07
-0.009917244983847051,-0.49434721123054615,-0.3092190746080482,-0.28769056316845043,-0.39864691260257623,-0.13109584773665262,0.016453179886139535,-0.5443445914059171,0.786639037019215,0.00012817770922860338,0.00021524109408140716,0.0002830722795983341,1.42888169201451e-07
-0.004929571628686347,-0.32921524449371087,-0.4585206810539235,-0.3452559427203913,-0.4323655212933375,-0.05895869894669942,-0.05154572599471557,-0.5520250895574758,0.9338860248366184,0.00018167336627626985,0.0006498752226530886,0.0007722297213275044,1.0516817595341085e-06
-0.3510540490136568,-0.18738868299750322,-0.36695694174013765,-0.4803176834149737,-0.22880008325622864,-0.10539878687002158,-0.2284957607221763,-0.5489459437950523,0.9481590000021358,8.33835897898703e-05,0.00030459937778235164,0.0002570066274202721,1.6578601052958367e-07
-0.06920788384396726,-0.40469317835924845,-0.2152201869197541,-0.2094910755681766,-0.3005733244146225,-0.19852361740296653,-0.024830947149607534,-0.5610697989697447,0.825571335815406,1.8177970143563976e-05,0.0012841647809479356,6.277997145217837e-05,1.6533509480411358e-06
-0.06166511369351291,-0.3439936268888075,-0.46195549633087807,-0.36315562602070023,-0.24919908055928475,-0.03379520974516287,-0.07375985209620924,-0.5637629213643891,0.937656258082061,0.0024741701682894426,0.00112398397933272,0.0018065540826278264,1.0648495660909295e-05
-0.015603897875362371,-0.44436659129294676,-0.011682332248667326,-0.2207708929313434,-0.12361537368199804,-0.31740561436468284,-0.14479857641140773,-0.5118222690151646,0.86095583790494,0.00013815975542282976,7.71035652797668e-05,0.00013141529329598327,4.23030571094167e-08
-0.47467313388394966,-0.39450251919078494,-0.40381129053890813,-0.24750965266280534,-0.24854414945030695,-0.17976776516913068,-0.1905695526336128,-0.4330051073635535,0.8025868558595092,0.0015929522586425292,0.0003452667281962818,0.0006585622068024364,3.090410192142195e-06
-0.21800805965534575,-0.03308321552365795,-0.07156073871352736,-0.06608471311982755,-0.17004575707888292,0.0035684402343378885,-0.13050943650934535,-0.42295403826333344,0.7708417166215469,0.00040174597112653434,0.0004195136796130127,0.00014482659476384334,3.583662952497421e-07
0.016014704612660968,-0.4989886409930918,-0.23962651145314656,-0.4074546982359322,-0.01978650338090082,-0.3687424281311728,-0.11011384587927474,-0.5398582329702545,0.8711037379533911,0.002607549160219595,0.0013485978302311013,0.0019805573544780532,1.2540636165043052e-05
-0.06734660470363829,-0.29488160390923646,-0.463762636795261,-0.2711220413575748,-0.15320500814045684,-0.17495817359803784,-0.10787454678820142,-0.5469398266894155,0.9162479995430998,0.0004042375695337918,0.00042701567995522856,0.002284648698718052,5.5653700801043e-06
-0.23809634934997342,-0.4125714470214735,0.014750798900439066,-0.14876983062940702,-0.14754315126068723,-0.41627772508116523,-0.11193068340389711,-0.5214077200974082,0.9400490357848078,0.0014674621928551601,0.0011185692926050893,0.0012430559118112574,4.949830549707242e-06
-0.04678025219530102,-0.38199213140376304,-0.23107285920356102,-0.4683356184189867,-0.17307180565916275,-0.15015872721765627,-0.090245422817479,-0.5308344541375163,0.7841987061039117,0.00019705179004185277,0.000604813458020854,7.828285081118192e-05,4.107569316929673e-07
-0.03762962685811072,-0.13403582374111195,-0.0658386525165442,-0.33206677859520384,-0.012720278412439279,-0.39833117329792583,-0.45478080657741005,-0.4663029050451121,0.8619477688636575,0.0003347465850728018,0.0007351486408353132,0.003824690016913544,1.5280752525818036e-05
-0.4889052215228365,-0.1176510019896041,-0.0823894245165947,-0.05823227931773406,-0.39920778358003994,-0.030294086383805152,-0.0903150298679138,-0.5001904563160721,0.828393318525292,0.0006056413217967363,0.0003373304271084035,0.0001524631014324669,5.038382250192425e-07
-0.16933881363906939,-0.46388857832404323,-0.008963083420418905,-0.3187695296323383,-0.40273159670618747,-0.2968523900857161,-0.0817551624521434,-0.5280758187146772,0.8599672080393892,0.0005148266079275838,0.0018320321457810757,0.00015247022861547704,3.6446353900194903e-06
-0.11689897254280701,-0.2022374647262789,-0.07368752406783469,-0.20100694120330526,-0.04380639264140368,-0.3775596535210545,-0.32259923997570145,-0.4902758132820688,1.034603486682769,0.001951362150818135,0.001897950337326818,0.005649598448131919,3.9327992351739144e-05
-0.2723159434500527,-0.22681593983093717,-0.44121070704531556,-0.13646478059553635,-0.15225878919538866,-0.3440866918502092,-0.09703272182531683,-0.6616383826274741,1.1156739361543004,0.00029316778926027025,0.000949614602046814,0.0008150722493572683,1.6520580167525991e-06
-0.25340730124244165,0.002155876210839347,-0.1440573063171871,-0.17333531310297734,-0.29080485340198936,-0.23687488795581763,-0.08501721034293162,-0.41260662039020146,0.8227999171273521,0.0002652286894119836,0.00018837252391754825,0.0004772061307148187,3.3355615664607434e-07
-0.01927999871574365,-0.15894744294116303,-0.07997021979926372,-0.1558720840704187,-0.46453405053730196,-0.412546776896497,0.00648689760101094,-0.23451269738095298,0.7765961243181377,0.0001652161340414096,0.00080759117873786,0.0004541086465641223,8.857145458070937e-07
-0.4710779814427015,-0.38700074475343804,-0.4707528113661836,-0.08332365239109829,-0.007097201576715784,-0.38073373741657746,-0.2585694483578906,-0.4906759258659109,1.0813911418251039,0.0006998509044638531,0.0013320023410048109,0.0009938337505711414,3.251727048695472e-06
-0.43926532668810836,-0.27797979488068125,-0.2452749975176921,-0.09187767449172002,-0.29223274263726906,-0.06261950201630562,-0.1776141793684544,-0.5009960285134639,0.8006400086819861,0.0004360048863654722,0.0006124577814529651,3.982082726153103e-05,5.66790493280649e-07
-0.0008423933613879164,-0.30211811681349565,-0.006538935069733354,-0.2909610439062799,-0.10520040826864663,-0.1340672016957365,-0.15598577211380615,-0.45785433047789886,0.7495749511530237,0.0007897327308128994,1.9338060013013707e-05,0.00011071394141278202,6.363093235054192e-07
-0.35781903304593776,-0.4793751598341641,-0.34936206677991505,-0.4418499311557454,-0.19463371461908252,-0.49093533543528073,-0.03433716326281444,-0.5020201112496241,0.7971052496913503,0.00019842710241659692,1.1744083925806429e-05,0.0001332695016086552,5.727199853972237e-08
-0.13584586078656063,-0.20763729408433484,-0.25871579773444286,0.005590851265768748,-0.07525296283177363,-0.494244748987139,-0.034361383788267925,-0.5278024091406323,1.1557148029727433,0.0008298642992759657,0.0002625104131479398,0.0003040724459713085,8.500465246228662e-07
-0.4721963970729559,-0.17795208346880426,-0.11898552799459555,-0.14911424999555034,-0.4375310573288029,-0.12416245169146989,-0.13287329384527644,-0.5138340531442763,0.8287117654495061,0.00038854266891236915,0.00014809349458465456,1.075089707386627e-05,1.7301267049173472e-07
-0.0669266796232787,-0.17128471840335352,-0.10115566934953568,-0.2878884221743018,-0.406055879575017,-0.09665348788980971,0.022396369924007797,-0.28043291000742593,0.717057988405571,4.717784177588209e-05,0.0001930071320549358,5.279110165162968e-05,4.226440219229427e-08
-0.4480275518488401,-0.43454698297107325,-0.09608932191413933,-0.4894793555880115,-0.4119734128107099,-0.16416230210933241,-0.16464173472468993,-0.4883607521250405,0.7437096802657767,0.00039437865281220005,0.0016671603235506682,0.00227672409144592,8.118430654785783e-06
-0.2298970829294577,-0.12685639256466996,-0.3388235471715681,-0.07761709122678956,-0.13062661580959944,-0.21884161766028076,-0.1941122624098264,-0.5344681264281709,1.1079980190784005,0.0019117303619245276,0.01304808324254741,0.012866908637771525,0.00033946452717391014
-0.4056707540332978,-0.3173930915278653,-0.39577774479184435,-0.180562268641072,-0.07280382227680865,-0.36936487317388,-0.3321147836903893,-0.48101553563248156,1.012515582462805,0.0022059099341366134,0.002383870822527638,0.0014714033290212786,1.2713906492676097e-05
-0.01946820664433646,-0.19122401456573618,-0.07653143789129302,-0.16391784026350242,-0.35765642324520674,-0.016997967703669903,0.022614405918961408,-0.2976090090829643,0.7167781362485862,4.598418826501936e-05,0.0005076160224178872,3.920812371377956e-05,2.6132584875090487e-07
-0.022445387780831993,-0.2844834770396871,-0.10554848111184562,-0.08451570425056631,-0.19755165524624746,-0.23733494744138262,-0.014138745670088876,-0.43046712579910307,0.8438689565782893,4.534536630991753e-05,0.00020947440344538457,9.789280986539869e-05,5.551873016792345e-08
-0.29035555455630135,-0.21298884344812458,-0.34035452911400266,-0.3867924652735272,-0.19370206111526822,-0.47727893808052874,-0.21106784356805547,-0.42989505392987254,1.0369400617886089,0.0014458428632204792,0.0013970483952274325,0.002122187932995311,8.545887426684052e-06
-0.2355742935040479,-0.06441376188202963,-0.4847294520545041,-0.06575802454845758,-0.0002866347513119094,-0.45004697100458685,-0.11081557269226089,-0.6485243614337101,0.9840944588699972,0.0005301956238224043,0.0004062242096264188,0.00028950672026395734,5.299396490850302e-07
-0.4622471245686817,-0.4842430528382006,-0.1974270212872818,-0.28922560007603304,-0.14975922513135626,-0.4047248938947483,-0.16401472458851613,-0.5092021060430162,0.7684189122828868,5.470675047128503e-05,0.0004550656022890868,0.00013633457769369556,2.286646480087751e-07
-0.136334954312665,-0.2794465111801152,-0.006369041994349456,-0.14134641476356485,-0.1958551083630029,-0.22326481863003844,-0.0035380722290186367,-0.4352891458412544,0.8015791937443856,0.0008137216037175483,0.0016860945229448807,0.00237747833828631,9.157460837682017e-06
-0.2844646254787869,-0.442863043917459,-0.0824368330109258,-0.16312201178622593,-0.39338745253160917,-0.47977958716656804,-0.05724406537177952,-0.585928391252415,0.864677760733861,0.00019836861109767803,0.0007120862743866486,0.000525296014946674,8.223528713575352e-07
-0.4449567106020128,-0.4923300525484657,0.001968462661151582,-0.19436783337663915,-0.28388509681769636,-0.3063337317605592,-0.1329179007325876,-0.5097399023189028,0.7667957816427208,0.00024384450046737087,0.00013989104945415424,1.4708974410385703e-05,7.924600005377162e-08
-0.07336468446952243,-0.25818964622759477,-0.016042281237706846,-0.16061263997667663,-0.38872015047325975,-0.04049607841139741,0.00782358055024912,-0.40114561473298377,0.7476558552060644,0.00021805086813023888,0.0019773501495124078,0.0008431485298467063,4.668359238251753e-06
-0.11554522335630124,-0.39205590794745115,-0.18153028993389048,-0.22636957595249702,-0.4110713918570362,-0.23488077477344327,-0.027656205273131788,-0.5222787937708928,0.8249892590428654,0.00017135771361842373,0.0001291264928062586,5.840557872461334e-05,4.944832878713548e-08
-0.037429263744203245,-0.07447676930898772,-0.0416004245133047,0.008128040963308103,0.01877633038492388,-0.10562609915289811,-0.10819560595746974,-0.13076797572163035,0.8303329462723992,0.0005224765191548789,8.61531814842155e-05,0.0003431526737631819,3.9815784125887144e-07
0.010584823796166876,-0.4273107539614016,-0.2661142928501592,-0.4337528374887652,-0.2693126667389879,-0.47414651031991956,-0.09726614215680335,-0.5491677386510628,0.8827078485223879,0.00010590035105154585,0.0005451498187357796,0.00012710889074039455,3.245598793257476e-07
-0.48969028228802935,-0.23818379131620987,-0.28451266895355276,-0.09458339820301248,-0.39667870583146136,-0.4317674262856593,-0.209735848878243,-0.5831571079006314,0.876542515339266,0.0006115233839365028,0.0006917104777473438,0.0004282765571442222,1.0358450435259186e-06
-0.43399472378302956,-0.15780128293285822,-0.40715915756737786,-0.3548292178732093,-0.14457636911313398,-0.24665023493633764,-0.2186866261593117,-0.6191656927544511,0.9927703101429425,0.0003820599121788456,0.0029703978446704283,0.000586537319260981,9.31325915900269e-06
-0.35935176480389663,-0.2326010579578695,-0.42210886995009944,-0.33406861274104516,-0.07698372821281169,-0.040591673380326265,-0.29911674381463527,-0.462222540715434,0.9185738444782108,0.0005412556324054608,6.289958432020557e-05,0.0007368010806198212,8.397898497208265e-07
-0.00641679163986586,-0.3067925109961091,-0.3609550120844509,-0.48127292393514265,-0.17661152236352545,-0.3275910081702027,-0.09411826439615052,-0.5070088101272093,0.9668639287596487,0.0011888112155424655,0.0007765802179132186,0.001872290623615269,5.52182112033135e-06
-0.4772103352459579,-0.22081851165796973,-0.41094831108669416,-0.4173492418515302,-0.4746208216867416,-0.027039191794207107,-0.22037220225245743,-0.5381458342402322,0.9631109859399489,0.0005476344893352659,0.0010269169225050737,8.126914061106736e-05,1.3610665728524504e-06
-0.21614502492579596,-0.4341719455506974,-0.42343410521907315,-0.012315549309369844,-0.4606761350485302,-0.17890050352352682,0.009516915439779327,-0.448578760094923,0.7918020778462765,8.492520997894683e-05,0.0004501749577004786,0.0002924523664238745,2.953981704575202e-07
-0.4844523893051357,-0.3015275438202679,-0.009959927597247287,-0.30921425813191694,-0.2688260210839962,-0.46314042386948545,-0.23137766684094702,-0.5235571418262949,0.7857598366433353,8.440687209218862e-05,0.000495815399196692,0.00021251420890092964,2.9811971912175015e-07
-0.4627101216361837,-0.2016534809977889,-0.003942710034979147,-0.04907781426373009,-0.16176159251106648,0.00885331565660552,-0.16095217433533193,-0.5040069456325227,0.826834866613319,7.171082771313522e-05,0.00011063194881735057,0.0002619478090593201,8.599852558140585e-08
-0.275490123793777,-0.001957981573466161,-0.2274579082469343,-0.4670044752144909,-0.25843663551018237,0.002742838594018693,-0.21712723690031757,-0.42129547265177897,0.8485994959220887,0.0006147274957210709,0.001004093416750347,0.0006708236007697355,1.8360977869065591e-06
-0.2832903270409284,0.012423765501259565,-0.29775964839042957,-0.4159458941879261,-0.367643803312554,-0.37535750035454685,-0.1870346978767952,-0.4404621240641885,0.9690373902350022,0.0002780212884787643,5.6739608358082463e-05,0.0002536274601302433,1.44842108536139e-07
-0.19711915987542855,-0.4171095763929544,-0.31363721616601475,0.004660831807116739,-0.43992258728644545,-0.16069356391650425,0.02102295753963327,-0.4964492886243743,0.7354954372780723,5.329569993393523e-05,0.0003267943776231235,7.97835455826071e-05,1.160004110232647e-07
-0.3822365767583307,-0.28925419782004985,-0.45952724212805185,-0.10754634740848223,-0.058324427873954976,-0.10560560681581804,-0.2418054172590239,-0.416555043015313,1.0315261493296013,0.007040935933789223,0.003245570065942097,0.010051951782083459,0.0001611502385059945
-0.3291068392994627,-0.2186315715690672,-0.3368978122986416,0.009282562886295032,-0.2778817790964031,-0.07444248814362764,-0.1142477956015913,-0.4264652511722683,0.9509346107493091,0.00028466866491675774,0.0008521576351643835,0.0008676759401383077,1.5600704210493408e-06
-0.4532851674076068,-0.007529143409120531,-0.03969380457099542,-0.14086436519936468,-0.2493563338123747,-0.14665577102744876,-0.20512022948217398,-0.5269488836680017,0.8318364603585795,0.0004301674471577139,1.8323418860481744e-05,2.0141247407678907e-05,1.8578545012005857e-07
-0.06540544918620639,-0.43071461399197797,-0.14910172641992664,-0.21249851361971855,-0.1705025985355793,-0.36461708197745557,-0.11756123854654603,-0.5048521302725749,0.9001217147676713,0.0024330492100076992,0.0001876368172226809,0.0010550019823702915,7.0679652163017885e-06
-0.024301948749384128,-0.23514986464712395,-0.20156316557863557,-0.1884541019142817,-0.3928827065406486,-0.41894729109167933,-0.00738649284575742,-0.31507981072132746,0.8484807594486772,0.0005894404019876135,0.00032328414005166944,0.00107548586283053,1.608622463852597e-06
-0.1731355573547932,-0.39598019884668667,-0.422861998959758,-0.20501476906355787,0.002365629657858581,-0.04369349885646423,-0.03189545334245088,-0.47379034959700206,0.9189784466096131,3.777893454740307e-05,0.0004914718550742195,5.3457565264983225e-05,2.458295435096916e-07
-0.2375652294409744,-0.12894372193831832,-0.3832463535497925,-0.38035169428526316,-0.2040165803150628,-0.046819539593844606,-0.1249003196425527,-0.5263516765869146,0.9294087698259261,0.0005555901722517447,0.0002690557973591461,0.0005470727776720976,6.803600856651535e-07
-0.007348510280298093,-0.04692104288951743,-0.3856462730573092,-0.022921538063406355,-0.39169438313062593,-0.17946222696228026,-0.06093726824645738,-0.4485528731318392,0.9554234034153155,3.812718758687745e-05,5.1030705983037876e-05,0.0005717257865969258,3.3092819044628584e-07
-0.09085972991814595,-0.35440167560769975,-0.1309747049102613,-0.23136568649625172,-0.15981578871369734,-0.11233138317556923,-0.11124484890087305,-0.48223808848153826,0.7798344506473622,0.0002577326213106301,6.985912015785004e-05,5.737065619824234e-05,7.459779294949452e-08
-0.29010792161423415,-0.17541844914042226,-0.1720737839803118,-0.41285594237472933,-0.3199899225485765,-0.45690873775042035,-0.20651267075269833,-0.40770333409265935,0.8626376366360535,0.0005854299816959505,0.00030307078848850616,0.00010488330473595482,4.4558067391590086e-07
-0.10638133064875016,-0.20186437099298277,-0.30220387530504955,-0.48396130604433496,-0.21197653998768445,-0.21821024000552708,-0.16222860617838156,-0.43262101160148414,0.8414196466774203,0.0009720808135249941,0.00032613541501292265,0.0004212310756331143,1.228741036028096e-06
-0.26148795295879845,-0.06952145033560764,-0.4929575655189834,-0.020343898268282368,0.006331119136029573,-0.42229569745690815,-0.13970660045247568,-0.6794815858332346,0.9678248536715472,0.0006313353621676586,0.0004003521646750393,0.00020433476925293354,6.00618893209008e-07
-0.04725921393333471,-0.18033361002581183,-0.02660275015411878,-0.11150601452561759,-0.15442541527489284,-0.09330393853951019,-0.024693190652685486,-0.32520082206423157,0.7352263040893736,0.0002081442142434438,0.0003652114011352457,0.0006369839220118878,5.824518983438363e-07
-0.35359215663549026,-0.24111183136929049,-0.24556268372055023,-0.4173412844769428,-0.38080778264421467,-0.49165341914926464,-0.24671043380603389,-0.47565047828193197,0.8564003955383934,0.0002070129061085523,0.0006558955190656163,0.0003632314451165189,6.049903579472971e-07
-0.04059600713784184,-0.47582880487633966,-0.4514186642406951,-0.13698769526454724,-0.05015445135493207,-0.13762962724583855,-0.007557654598076721,-0.43009431476081433,0.8527150262579505,0.0008877302860995153,0.002746489813066007,0.0013827937590862073,1.0243389934301446e-05
-0.1293906021810411,-0.30566699777446793,-0.09245615575700589,-0.09798413833574493,-0.31292645576821165,-0.020541338954509214,-0.004483705725399745,-0.4751901420214252,0.7711012802698207,2.0496503007200313e-05,0.0010421823382754944,0.00018952128888945392,1.1224824517912215e-06
-0.2622880168265922,-0.15022490605312344,-0.2914016598013255,-0.20170986299638582,-0.45522688196371747,-0.28125734664607127,-0.10508173184186137,-0.42064906138443037,0.9346169653976962,0.00016646928519033696,0.00031282727945966554,0.0009527373511874483,1.0332813900335933e-06
-0.10331957932825403,-0.06377684543505474,-0.32273376572919843,-0.4714755065263619,-0.41223870273636015,-0.3528420928965331,-0.09628110584754074,-0.41821380410939424,0.9666423065857254,0.00011322860102767227,0.000299829766223584,0.00022624341681306634,1.5390468845562366e-07
-0.24268578782493888,-0.36315843160281636,-0.3074037712619019,-0.49107189756093755,-0.2846407590605199,-0.13786104614646144,0.011421517750977465,-0.4433152997995288,0.7855843415938008,8.491977017698686e-05,4.94378760818846e-05,0.0002518650369369316,7.309146778964195e-08
-0.26656984258841065,-0.39910970309872046,-0.01623001835577048,-0.40420207567765165,-0.04847004093060875,-0.4008573317155808,-0.17459423154897516,-0.5152633549592827,0.8529058084253865,0.004744773070847356,3.923835213418183e-05,0.0002894422042782963,2.2598187931733942e-05
-0.42153101160067935,-0.24636621999973574,-0.1566401610066161,-0.2644518713736358,-0.23576075386364737,-0.175797824511001,-0.22260162748025103,-0.606870953418515,0.82156519337926,3.025024062376505e-05,0.0006077326523398653,6.397746288512531e-06,3.7029498493541553e-07
-0.24866962037986068,-0.0024356057321007207,-0.42131317275112523,-0.2965040115560288,-0.4335825284083389,-0.3972702724560669,-0.1388592828049814,-0.5725282734186062,0.9925042743963658,0.00015991435681411917,0.0004069990487254886,0.00021929632128557514,2.3931170370811237e-07
-0.17757975691553868,-0.04939365003316076,-0.31551815950801,-0.055524802131446005,-0.3023261939935128,-0.13116511467382025,-0.04210802781448397,-0.4662970603574833,0.9603082798353758,8.340589052636426e-05,8.069832034670261e-05,0.00024474017306716283,7.336651379421969e-08
-0.046347340652506175,-0.0729202488829741,-0.015451668070298574,-0.3831408708291739,-0.26800928998533263,-0.07933000975075066,-0.1362105162490686,-0.1859936547815998,0.7198681474010137,0.0002466760201652997,0.0001452873917638368,6.922764991241587e-06,8.20054098052539e-08
-0.4423191871493137,-0.21311791910072364,-0.47990788279018265,-0.42567514136626783,-0.3417568071439242,-0.4745005263651917,-0.21120803542604832,-0.6170525392121117,1.0092241070779715,4.807344426295891e-05,2.7598096658954416e-05,2.3462260827989303e-05,3.6231886656614073e-09
-0.356381516452836,-0.16338506133439218,-0.3204656676138218,-0.3040148389442582,-0.14880628536117252,-0.011542442336569037,-0.22243012148416186,-0.5372540756940212,0.9382722532778092,0.0008280809256898898,0.0013932599670618202,0.000782136568839073,3.2386289676238876e-06
-0.07881658913084172,-0.3190163235498471,-0.46400765142917716,0.0038742765287749226,-0.3230835986317431,-0.12594095878263534,-0.027405876729227188,-0.39728707094776994,0.9148340600496051,0.0009757038710358942,0.0006594497414375516,0.003156535518498457,1.1350588484978804e-05
-0.4701650048979052,-0.49387232949334225,-0.16637173607654315,-0.05062863128276446,-0.2750415808639849,-0.16857352510295148,-0.08961410396903749,-0.46919800086208774,0.7476913285015254,0.000941492846519382,9.588457300641499e-05,0.00010904791363527026,9.074940788559965e-07
-0.13447385141494322,-0.058235904720473686,-0.45272251045650036,-0.22204241522867668,-0.27000724160184,-0.3230660496275365,-0.07664709616946515,-0.5618591300426491,1.031061893364648,0.0004652339182912089,0.0007685790974367389,0.0003660654275667261,9.411603250048739e-07
-0.30723925481156567,-0.2839673468152293,-0.4105431371009745,-0.05087683657026343,-0.349830721180126,-0.2921444031479492,-0.0730988958465565,-0.5019251511531938,1.1438417638988865,0.0003734129610406769,0.0001838544025286921,0.00020314973319356528,2.145094948989652e-07
-0.19589865469799322,-0.14315218180708272,-0.24492348822323962,-0.2698295507618994,-0.3093468398393203,-0.23785659722702351,-0.08184930741513848,-0.34094360407784424,0.8758786973668513,0.005628552882143012,0.00045261131912705546,0.0009860070394158039,3.2857674435059836e-05
-0.32533995339069455,-0.2774806486584004,-0.29604240014061556,-0.264397322537934,-0.10032134073982074,-0.22766252025439687,-0.33274491626305924,-0.40434515118738845,0.7930807720185091,0.0020484334309824326,0.0015053778836978638,0.00506264835381775,3.209265044830669e-05
-0.37868436135337424,-0.4894651244302402,-0.02411816152268892,-0.4019650583606064,-0.2917270657024347,-0.2199493065883888,-0.08392625600237284,-0.5029651344091052,0.7433589031112651,0.0007274883270656119,0.0004832021538835534,0.001385010254069222,2.6809769914113183e-06
-0.047828422302396145,-0.14944338983219058,-0.23166556507723524,-0.3270129472450344,-0.45978513512951324,-0.33730178704371344,-0.09082160885073835,-0.2947209356504072,0.9562845910784702,0.0006903968229162146,0.0004258324150367507,0.0011539073982314986,1.98948330248222e-06
-0.17665484370547496,-0.242970230665983,-0.43160164332276457,-0.20314699173354056,-0.34798440420180177,-0.3603327857519545,-0.07105739619827997,-0.555133400148873,0.9730533536080728,0.0002579319968744251,8.578105862550347e-05,0.00026929945646452967,1.4640950228263162e-07
-0.33940997293790987,-0.1427545070942321,-0.15471808123391967,-0.45607168882286275,-0.39189290055726866,-0.18863607767076784,-0.22665399740586128,-0.5078502868369418,0.7997557397962746,9.387089497140505e-06,9.44713666583868e-05,0.0001027780845705489,1.9576291235521587e-08
-0.4547434827320104,-0.10353410514080391,-0.11382302619264939,-0.40682377576949086,0.012901115092083693,-0.07924575881596568,-0.18645057274743967,-0.6437751628386185,0.885195183925672,0.0008796102422845322,0.00034843619913307617,0.00046369414714464067,1.1101342252943538e-06
-0.43931889650985506,-0.03666019093570333,-0.34939347039992596,-0.2536675280289814,-0.42763430001778957,-0.2675675245965443,-0.21567298022892054,-0.5867016591356026,0.9817042897922766,0.0001054403995892942,0.0007077339933342991,0.0002059274087205508,5.544111808488247e-07
-0.07371817979498002,-0.20590420443938678,-0.4614358953447394,-0.3336361450661166,-0.2173276925741653,-0.2678481589866238,-0.11578419098221655,-0.5207353681911627,0.9789983421600053,0.000959652365457667,0.0010128542637393844,0.000918564032444437,2.7905663038041306e-06
-0.24883189745762074,0.016597588652150774,-0.24294825530430142,0.010284915807692196,-0.46959927271932683,-0.03890713290447684,-0.052162644462927954,-0.45295267775782744,0.8800999985738094,0.003038894212540558,0.0005794139046420431,0.0015266644651209878,1.1901302896968185e-05
-0.28346641491066427,-0.05332542402903212,-0.021680236377953133,-0.21891191171597985,-0.4465749014459917,-0.30941957986729546,-0.14342625773581943,-0.4037156621307242,0.8419118501647047,0.0016492254570830308,0.0006605664630536678,0.0016453081683572026,5.863331629264898e-06
-0.46292185966017996,-0.07464941160261324,0.00921599968670761,-0.14661343517940495,-0.3016425808983011,-0.11359166856851671,-0.15929170384882765,-0.5153191654233595,0.8262797588563052,6.089967537945075e-05,5.07369421749676e-05,1.894277287572651e-05,6.641836406809844e-09
0.01839551524500671,-0.2547441486328038,-0.45006511278975103,-0.1921626458450736,-0.05481111475314199,-0.1401907183455517,-0.13459199076822836,-0.4843288830095863,0.9495732960544332,0.0008972488356007658,6.405797931099502e-05,0.00040610594158672247,9.740809334923765e-07
-0.08741045565556504,-0.25519037366854747,-0.0971739828290929,-0.1773328017093478,-0.4087623896109691,-0.06736279653262967,0.011005506315083452,-0.39243356375018823,0.7370264367303486,2.4065728239176326e-05,0.000766767454526674,0.00010754457571507862,6.00077324362733e-07
-0.3204426630425293,-0.14918073623998424,-0.27691025543008513,-0.02139015406856115,-0.3048913398912757,-0.42388626522968786,-0.15553576640645586,-0.5353340496091834,1.000203430445386,0.0011255360006794666,0.0004058313535001199,0.00037581408274115326,1.5727666010958419e-06
-0.3013611439710248,-0.40557974737566327,-0.047946355391094375,-0.27797127072811,-0.23945924899994298,-0.0736286504811961,-0.05220015734292995,-0.43766055163941375,0.7138238937118093,0.0028768062830316346,0.003426096066566854,0.00016420706791732675,2.004111260858917e-05
-0.035725427907999485,-0.14906908399843277,-0.19825083051481668,-0.1644961497126216,-0.07383298398357241,-0.31951398540061093,-0.2507860683984597,-0.45605898657068716,1.1284489388884624,0.013067033539728346,0.017764124888302056,0.0076894681002317375,0.0005454394182400593
-0.06205362261258379,0.015400562901559778,-0.2978226855550047,-0.08526916993400163,-0.07170011590361597,-0.2559696469396803,-0.18602351842795536,-0.5568448996880638,1.1268056697825395,0.0014789222737116084,0.01052522409369594,0.00526888132546587,0.00014072866373604089
-0.08674028373972181,-0.4714097049247177,-0.44803867797600583,-0.4810639388435468,-0.05304918988986079,-0.2943243993325708,-0.007369197134416886,-0.558179126077461,0.9487512060968403,0.0012490442117690005,0.0001144348274048532,0.0006528818226267822,1.9994614469932916e-06
-0.11834801431779834,-0.34614132060157143,-0.054647090090647665,-0.34068436067302627,-0.1417656311847465,-0.02834181655710133,-0.16897191859383015,-0.47559425452185394,0.766648985419355,2.493879154567312e-05,0.00010651642320335938,0.0001659538963664867,3.950838745501431e-08
-0.28344840629282597,-0.05915641255660753,-0.13718957747547889,-0.4457548827290961,-0.28576176899069083,-0.08315094440402643,-0.2537357777752155,-0.4625726011937629,0.7904606490181584,0.0008551035995488357,0.0004752782326816864,0.0008367791489171982,1.6572909084849931e-06
-0.00450898600906563,-0.37455400242764564,-0.36070306258704254,-0.4991785983262366,-0.13980252256276998,-0.20252239098754743,-0.059773596144949384,-0.4878082407088201,0.9158347474557443,0.0007369512236850925,0.0009523191577416991,0.00035021617371984226,1.5726602526277812e-06
-0.11809595340290785,-0.48582891062524164,-0.15451007511813825,-0.13605793280216083,-0.022093206414378064,-0.4783516300780866,-0.10318557431390443,-0.5086971048777652,0.9422246193687334,0.001090346273312107,0.000680302311305279,0.001932453305739939,5.386042009358123e-06
-0.17627652202399124,-0.006967959714004934,-0.17663397539964865,-0.3779940961173167,-0.2874233943151619,-0.11217518426674056,-0.1738462099521118,-0.31075552453016686,0.7750581170185307,4.164484888108624e-05,0.00013058043918684768,2.2016494682093303e-05,1.9270270574645184e-08
-0.045196560544541686,-0.23161765649902105,-0.17846330120070097,0.002523608202631644,-0.15983300356390584,-0.2608918062325952,-0.03267017109902838,-0.3868551105127803,0.9236048037762096,1.6281925857578134e-05,0.0003387591184281936,9.358241625363207e-05,1.237805100597466e-07
-0.4455855466191769,-0.10480958943905883,-0.02867500287948871,-0.28722264962391236,-0.3317070813113243,-0.4348826046864801,-0.2027490315787238,-0.5346749227436844,0.8928613200582328,0.0002493173570922595,0.0010906442198694282,6.529480908193462e-05,1.255927370975109e-06
-0.2747288495118882,0.0076462348524602985,-0.18988690219211052,-0.2694212958465354,-0.498250120001125,-0.23993001461246205,-0.11993129843323978,-0.41561855412461807,0.8528384551193411,0.00030143748673420366,0.0003259858548398781,0.0003025775569709231,2.886845139468115e-07
-0.344741859802973,-0.38743666329167176,-0.32249873742948365,-0.08772283845174667,-0.18971489760241467,-0.33663697881122945,-0.06924823426301947,-0.4119781145625666,0.8631828525876027,0.002396110545285852,0.0005782757203839759,0.0005629991052339848,6.392716546509935e-06
-0.06500165131094104,-0.21339897127506846,-0.158307522858936,-0.2973339556516422,-0.07077351710029928,-0.2316798893860063,-0.28322850873078853,-0.4341293648668392,0.748493263970688,0.004559845309315221,0.002618435337775311,0.006861361576096233,7.472667554092432e-05
-0.2889193526823177,-0.32395500458635507,-0.15084139474444075,-0.024531770082663162,0.0003540556119269178,-0.34562342974525206,-0.16641444488929377,-0.4513620893539125,1.0203845911406324,0.0007941333085943041,0.0001477903371117673,0.0005466022224575749,9.512636851581066e-07
-0.18627369443754244,-0.3894365632954828,-0.037712827495331724,-0.01269396506613285,-0.18245537399476824,-0.06379342399204452,-0.051444968031840864,-0.4786495438987123,0.8021905542925559,0.000792706050805005,4.240545418640096e-05,0.00043982135108131833,8.23623926394618e-07
-0.45847961176257856,-0.14566402779696164,-0.10340420868189115,-0.030306307654949405,-0.0583364601588649,-0.17501276609895144,-0.22782728372935443,-0.5408569770403614,0.900437368212522,0.0005214735346020933,0.0005983521624910031,0.00041107907966006924,7.989459673822297e-07
-0.4192118713578551,-0.06552938703785277,-0.3790772274704649,-0.16022579082058092,-0.4700487896896314,-0.35013220711379184,-0.20216030886784236,-0.5896432127445234,0.9993561801261976,0.0011424314019602446,0.0007767338096779644,0.0010639384716414186,3.0404299907203726e-06
-0.23569293399734642,-0.07715099988356894,-0.4896522968692193,-0.4257372925985365,-0.09505165448901842,-0.44063884782882434,-0.13172121733914685,-0.5960133567724359,1.0086311274515511,0.0004123992706376949,0.0005599192659028839,0.00042374509451190937,6.63142647874634e-07
-0.41854403101388793,-0.09229987152865055,-0.38655666358237,-0.20657096835681515,-0.3265678883330573,-0.45819969802134874,-0.19232698912770607,-0.6007354499169957,0.9928556011739799,0.00046828693314522824,0.00011052812007175875,0.00016366901622910592,2.5829666395456393e-07
-0.045100724918527735,-0.3401704766406004,-0.27950028838377083,-0.0979927270252734,-0.07075259019148084,-0.43078348155440754,-0.12878422078787924,-0.5175142346728309,0.9935266377008778,0.0010730307433770739,5.8402601548642334e-05,0.00019995569020174946,1.1947881181440639e-06
-0.34282656172449955,-0.08016670572530932,-0.16381707550327362,-0.39385093543728456,-0.0418885785647547,-0.21932997733666837,-0.3498764493742434,-0.6366797556651884,0.8712476248526096,0.0030385690525243435,0.0006916193831699067,0.001314154568246481,1.1438241487378106e-05
-0.16281504881024245,-0.2007123586395994,-0.4212366486120619,-0.448715189435106,-0.27193875138170975,-0.36042766281807836,-0.10646769500623503,-0.49743960534562637,0.9697118231999149,0.00033582050291350486,0.0002494412911811665,0.00021791416770068945,2.22482952407891e-07
-0.02894771417753872,-0.06770664417424094,0.00622127170730058,-0.3745574400888098,-0.30125919115183497,-0.12491108492456698,-0.10554722453726308,-0.19155055976738936,0.7206193529406432,0.00016666087349961886,0.00010110650470089902,8.622907716225771e-05,4.543382579674346e-08
-0.31776227732236145,-0.18748689102198557,-0.02317919954272296,-0.023289675510219154,-0.36378546141601265,-0.4641387919007144,0.013901994421464154,-0.49522799597526695,1.0062621764523803,8.234036643499092e-06,0.00012593541296474907,0.0003393917478130625,1.3111428608165376e-07
-0.14344619665614583,-0.13359314723808885,-0.39794742698720775,-0.28153045558438494,-0.26518046016870545,-0.16589251607388744,-0.062416227288778485,-0.4858599254103051,0.9014464833099426,0.0033404420255304687,0.0019907511278189774,0.001248993071572274,1.6681626671678175e-05
-0.04080173198053244,-0.04245805998473057,-0.44149161422710137,-0.11821202630336614,-0.23407814103190228,-0.1213187520813086,-0.05856767809618095,-0.5003832247785185,0.9580692031567527,9.43754310180211e-05,9.166864702599461e-05,0.0006149642523125821,3.954908944497869e-07
-0.4458399528848044,-0.37432986266105095,-0.33389139764123665,-0.3472770977323949,-0.15504841169683453,-0.18138731511275075,-0.2690759475536733,-0.4442516815195495,0.7814807077940802,0.0002731760164900502,3.965244647133529e-05,0.00033151699595797957,1.8610097110553735e-07
-0.26863808120343724,-0.3882998417762481,-0.0032406877094945385,-0.3126968754973878,-0.054463570407610795,-0.41956640586491917,-0.17518143083369894,-0.5193224591537854,0.8897698479728523,0.0013990720524067629,0.00020632756268398593,7.818026002938171e-05,2.0060858240070473e-06
-0.20140006777943958,-0.3823831367298076,-0.0961153342327487,-0.14043166256151884,-0.49080735951495863,0.008085858952590064,-0.005452376842559392,-0.5460929757609686,0.7788749901927926,0.0007027564912435854,0.0013701580712145874,0.0003926160174994546,2.525347163296606e-06
-0.20885374279487995,-0.00931226743146002,-0.03097546912762905,-0.11162807402164016,-0.09817709606864766,-0.08713101028090892,-0.24216080640870205,-0.4301569857387675,0.7297764403392648,0.0025290197946637046,0.006602072881875507,0.003896309587194323,6.51645358586592e-05
-0.41962053699587143,-0.32881581440081464,-0.11595997833276289,-0.1865090181055329,-0.48817232243593783,0.003840330590396124,-0.14994153161161022,-0.5366963313300528,0.8298422966016045,0.0016576837093299143,0.0002139540604096321,0.00013180181643794142,2.8110633389598923e-06
0.01995681688474993,-0.43581005724948396,-0.26069173809240753,-0.42908619291454597,-0.284747110268525,-0.1251501170743381,-0.035064664532362566,-0.5500569915731833,0.7854626463990365,0.0007430344535452052,0.000361378897376531,0.00017890985796053908,7.147036438997594e-07
-0.4138255982029139,-0.019070536854817022,-0.43244733000384583,-0.10579131473467734,-0.06039477337439608,-0.2377491509083713,-0.16044732452462476,-0.6724625164183272,0.9309369250453587,0.0006131022241874596,7.003994562346564e-05,8.702305015745315e-05,3.8837294254525465e-07
-0.07131485884549765,-0.033746931691807036,-0.3267262614453284,-0.13587786749505704,-0.19711599020376208,-0.3741661360761781,-0.09835716694612583,-0.5128257372218846,1.1314794704023343,0.00590939310169232,0.0016067906853575542,0.0008292330897879066,3.819033065407977e-05
-0.39789525750071414,0.0012433819405406332,-0.46389929958340437,-0.28063356370518633,-0.08359484692169228,-0.0667437971473121,-0.2494494529730767,-0.5704047146738495,0.9910426720741153,0.0015516040418346699,0.005702964297674739,0.0034157624995555347,4.659871033656029e-05
-0.21178046089431307,-0.034944159475226666,-0.22583355450635495,-0.34463560664811177,-0.0249922976018509,-0.22039860367320196,-0.36460485718304797,-0.5301190899199111,0.8838671454544946,0.00484827777876838,0.0021017753772516476,0.022409672480981194,0.0005301166778613663
-0.3497462773364641,-0.1838293217726566,-0.4418895894146809,-0.29942353577573577,-0.410419909562405,-0.2344775267553318,-0.18620262367682575,-0.5793685151776997,0.97554616242326,0.00032396049107899906,0.0008942314911726793,0.0004919802932015311,1.1466449684837242e-06
-0.3078024846677498,-0.33404093184007566,-0.48639393183795415,-0.3928112184065008,-0.35839563445858735,-0.23702469557233197,-0.04147761490000572,-0.5481531284407556,1.0493498734078817,3.078749973061986e-05,0.00019312066142022528,3.55381025254098e-05,3.950641673815476e-08
-0.12121692881151197,-0.00902681195896926,-0.23005896008440857,-0.3168121978352503,-0.32751043074495506,-0.4979512675716099,-0.11152232337194655,-0.29533541317423917,0.9738367840007509,0.000427744305313576,0.0004964815060955152,0.0007343167755237215,9.686802034386204e-07
-0.15263857356106586,-0.24745563177024726,-0.47245901537732465,-0.2173047779627914,0.015028724054573894,-0.43299424943961495,-0.10275631147825988,-0.5867771311641846,0.9981105389448728,0.0012616070014729941,7.735825255709737e-05,0.0007850028829494438,2.213866051643305e-06
-0.2350365945484416,-0.17101192539078414,-0.41239736320061826,-0.4895315544587517,-0.3799595705219703,-0.3291911946816878,-0.1222464524876835,-0.557290750872763,0.9870945606647034,0.0001461489671976835,0.0009581083341738642,0.0007500474077048408,1.5019022144311181e-06
-0.45415786321775586,-0.31966023795641485,-0.35308774638907015,-0.4910361425683284,-0.4358774524325245,-0.2613449307704242,-0.28794116893117316,-0.5047751420594666,0.8685789330324809,0.0002153606702408017,0.000271667206618308,0.0004027370510888666,2.823804217581182e-07
-0.03763252124385047,-0.34030703879798074,-0.009070120243543978,-0.07082557706991571,-0.09293726152146298,-0.11266163520129685,-0.04196652292758934,-0.46403237007353354,0.7776544619833355,0.00038542424757104617,0.0001852636218695747,0.0004472639801810208,3.829195281713084e-07
-0.04035869235697992,-0.4983315704269625,-0.2997430958589158,-0.056507581875107016,0.012716717445781622,-0.09409732998669057,-0.011217512325191536,-0.6066264742637159,0.8379170763808552,0.001046294149755319,0.0020162626895740814,0.000927293557563055,6.019920023078661e-06
-0.26573706101467376,-0.38340718103298976,-0.38430192365354193,-0.4875761031242005,-0.23660819161815422,-0.432723738004989,-0.021438199349991662,-0.407818169357482,0.9201110682742631,0.00023587442954742786,0.00024117466736830144,0.0010077500549115846,1.1293621398688368e-06
-0.10358440576111994,-0.02825434546033101,0.016569927214545754,-0.16346687919247377,-0.426759240133953,-0.10041344467802887,-0.007707373157995489,-0.22703745152164406,0.7212022753598973,0.0013766798164088173,0.0004524520373873932,7.88281454960044e-05,2.106174039565757e-06
-0.07673659770217844,-0.35114162343766886,-0.3286951542905091,-0.126040894508528,-0.10371459382535148,-0.40394349148625586,-0.0530598327644412,-0.5086790445754638,0.9402028652811119,0.0008364104224931225,0.00017100190386403716,8.144260351815082e-05,7.354569436480639e-07
-0.44426967434902004,-0.14048796004191516,-0.34660855764193066,-0.07884237281330914,-0.47764734141935333,-0.3565388734901953,-0.2080138963569689,-0.5699261531931847,0.984846359304655,0.004634711978729246,0.0020388068431040434,0.0015652722882006306,2.8087365805473078e-05
-0.12383932774276585,-0.4765342602504348,-0.41542808214648375,-0.2770105907642717,-0.4162343026453682,-0.2530075967759406,0.004762398211148052,-0.49639667681790733,0.8120690604797349,4.343291740144097e-05,0.0007995019284142758,0.0003191186530796381,7.429264665955081e-07
-0.21502155370388132,-0.47881007319973207,-0.39234966538704374,-0.30259851043434843,-0.42511239867815137,-0.4529643439498995,0.013326362273622433,-0.5690341760978879,0.8584855546741063,0.00015153529110028616,0.00013400950265344557,0.00025704297822581575,1.0699258390546948e-07
-0.20471298192036225,-0.16160754890445977,-0.4568717978334007,-0.1225903571365089,-0.45794717727943024,-0.4557294197954123,-0.1139415750060801,-0.6288482041901894,0.9971089917893411,0.00040307448636313695,0.0007397941289571039,0.0005790554685480106,1.0450696304516626e-06
-0.16453395552010025,0.017017069655076655,-0.14650819795346115,-0.44249262445582704,-0.2623474058100461,-0.36934746066114865,-0.19565584134120384,-0.2022247361580549,0.8759022589613362,0.007122620354167517,0.0014290528526884792,0.0038420229973469646,6.753505347752145e-05
-0.35481079368495066,-0.13872777217246357,-0.24550374187975732,-0.14012323355561185,-0.21667640573228852,-0.3935176671437466,-0.22443373650717946,-0.5547385531528234,0.9575397543301349,0.000640684121245237,0.0010444128011667922,0.0003275256301822373,1.6085472808831188e-06
-0.1563316799335588,-0.048340574079885124,-0.4462046721200663,-0.09871795201879047,-0.08617635098023829,-0.1443137289145212,-0.10436852268146188,-0.5639031932985171,0.9928504247592829,0.0005173380530822693,0.007576044486943609,0.0016031490738632635,6.023417568234424e-05
-0.16734640931124284,-0.23273613244962288,-0.18205099087116167,-0.3205240521770439,0.011112923758657578,-0.10773238069087865,-0.14916426656634257,-0.3646433537101623,0.7374439323468552,0.0009946176611670334,5.170740251765042e-05,6.069702476748316e-05,9.956220761961265e-07
-0.2334559334139722,-0.0933012202936469,-0.47095944090298053,0.013014801355331729,-0.42582910482890773,-0.15717798351175327,-0.0385963318190131,-0.5444122974102172,0.9896865167999223,0.0003482039863752376,0.0007394914698275203,0.0005580375491850623,9.794995563757436e-07
0.00498231716048847,-0.46077182447649545,-0.043593496249697494,-0.31009019421547646,-0.4787150523030662,-0.06144659781385098,-0.04580030813694084,-0.4875033854619638,0.7712598446343716,0.0013081340700163752,9.248590870028122e-05,8.136360214297173e-05,1.7263884241994035e-06
-0.42767084209750067,-0.329371799809673,-0.208846978758033,-0.4206965042414734,-0.20744478018492513,-0.33907214033088295,-0.2535104054094967,-0.592079385091803,0.791004507801413,0.001984740945429215,0.0019522325658007855,0.0018417628750399893,1.1142499099311943e-05
-0.4470198815810134,-0.488172991605683,-0.19700064068760914,-0.118188700326459,-0.06370666407678965,-0.3452656718544064,-0.1731127655459205,-0.48948481716283615,0.7919898346837714,0.0004643914224216224,7.447144400742264e-05,0.00030896654525019567,3.1666571527516946e-07
-0.2762145677116692,-0.18029158556697622,-0.3102162592360776,-0.011398628754114126,-0.20056726926835794,-0.33875849365554184,-0.17086520987712345,-0.4956105061658224,1.1453736905997802,0.0061714549440756395,0.002679224066321527,0.002125740260655152,4.978386938008236e-05
-0.15125650817452635,-0.12499042476034405,0.008327357621759734,-0.30069400796538537,-0.05486010763625582,-0.1925440302470468,-0.3889078026167977,-0.5791462433370984,0.6214443288985803,0.0047298879901455405,0.0019003608383910955,0.006978257763004116,7.467929312234073e-05
-0.23809152203125333,-0.19488239445397143,-0.016059318443617465,-0.10628504068758005,-0.019966491670618647,-0.15534097986925854,-0.23646176334295638,-0.4746306765975534,0.8033997349789002,0.005151632415797774,0.013867587556303006,0.01255153945341194,0.000376390443829785
-0.023943006017884405,-0.4445794846813176,-0.4568178913825939,-0.2570951148325601,-0.37404056742401565,-0.324695726282823,-0.017622877810839235,-0.437018173329534,0.9062303448289791,6.895949964472147e-05,0.0006514106341654683,0.00020256983441348605,4.7012576470941495e-07
-0.29158190585070376,-0.39296319825237225,-0.05512983187104037,-0.22376365810166082,-0.29301987340106583,-0.2431761440491802,-0.06411986828798175,-0.5811999656049173,0.7506910513622123,0.0003006615230866517,0.00024526007956060064,0.00040534325996724235,3.148530164917287e-07
-0.07177758105843407,-0.27831997760054983,-0.13655856893121082,-0.11727858515853196,-0.35668443222545787,-0.13177091851869238,0.005354037263520356,-0.4384664108447416,0.748043230657462,0.00031722388582204066,0.00012724356425606928,0.00015746699279753563,1.4161777220132262e-07
-0.4964517367579375,-0.390725362125278,-0.009970404920653597,-0.3799739606430863,-0.4838933094947575,-0.1532365310231158,-0.2208841103910473,-0.5066029957517976,0.773929229424463,0.0010069742435001479,0.00027406952685095056,0.001147447273527628,2.405746478146987e-06
-0.4745658039343116,-0.0710307400783286,-0.15487577924345647,-0.39872901482301515,-0.3271855116258662,-0.4844315337719269,-0.2044202701926877,-0.5449956319733062,0.8918861969365001,0.0001489173701117651,0.00010267698068916496,5.569343660927008e-05,3.582070436579837e-08
-0.4932276327505529,-0.2779650491129497,-0.035844684386729164,-0.2817016777962634,-0.24235315651124162,-0.16463856213486294,-0.18936994190393375,-0.6220478453059769,0.8463583620960943,0.0037548047627478766,0.003097700503135307,0.0021710718561852474,2.8407860218198533e-05
-0.19625938016996086,-0.44916344092281224,-0.19283165807003722,-0.34865456297527553,-0.4824509054727712,-0.4849951446863469,-0.09184494672008563,-0.5260048053241497,0.8681108858330915,9.933713152308641e-05,0.00022939716600639458,0.00028498260885695013,1.4370601282191378e-07
-0.3037270326741127,-0.0654966546503355,-0.48616344390808297,0.008955521513030584,-0.3368427475914023,-0.38146231697023264,-0.17663012145803547,-0.6010924894444106,1.0355537321583275,0.0005196790372950578,0.0003288231595191807,0.0017482965357633695,3.4347317490022935e-06
-0.23035056408832033,-0.46029709722701895,-0.42878491556100196,-0.12143723614833007,-0.18954394218914222,-0.29226334263927256,-0.01479408885788949,-0.43929981007891633,0.8841330495215519,0.0003078749069917508,0.00021924646217364252,0.00118120531439346,1.5381019642821895e-06
-0.19323008051087204,-0.3385068813100792,-0.1858563582481958,-0.19982484815261387,-0.15670802636314934,-0.47298920418027524,-0.15293983981262807,-0.46993297492772335,0.960875048027734,0.012926723617620036,0.0018336272241701776,0.011047830748942764,0.0002925169365408388
-0.13554040813703905,-0.23442115044340028,-0.018073373757111988,-0.06159038154468438,-0.24460866059525888,-0.17015820265943332,-0.017343953771686762,-0.4722900367237673,0.7620702748647993,0.0004132218082505727,0.00044875768167188695,0.00015471810467440196,3.96073411587439e-07
-0.25700683528870927,-0.18465819188822014,-0.34220241957919495,-0.23905549606017268,-0.48443505102517365,-0.20971890612762562,-0.12098764222877495,-0.4544204507099512,0.9433903641218025,0.0006373994195463218,0.0009982681189832886,0.0014582831829185218,3.529407098999395e-06
-0.2543784671390263,-0.3772644844163945,-0.06911218394334429,-0.07274626074902946,-0.24803526835185064,0.008284840169092034,-0.05670582938273592,-0.5646864648303896,0.7159851158700915,0.0002900835841865813,0.000810755726884962,0.0009967281310977565,1.7349403018129226e-06
-0.25938632769871145,-0.2470670043905207,-0.13659025197584596,-0.1568302053919759,-0.33932274847158084,-0.011162081443774674,-0.18300523977987737,-0.4723579190692347,0.7078399299371384,0.002068112118988058,0.0008154526753574619,0.00186249465183611,8.410937130571032e-06
-0.0295209993915882,-0.46689127092671834,-0.4201221348684738,-0.14122529951462864,-0.24295731365593548,-0.4283105031580018,-0.012027505504484736,-0.44002462299655376,0.8752040499831222,0.00040658598239234195,0.0011278131576237837,0.0015090988030718048,3.714653877020031e-06
-0.29677619519398624,-0.29153218153970994,-0.19936165249534543,-0.0963980507159809,-0.3135653713642881,-0.1530057149185734,-0.11745183113601788,-0.4814571830607225,0.7309128039717389,0.00038130134751051474,0.0006393919965223357,0.00032965023816152627,6.628821223501038e-07
-0.1546505596986537,-0.22144904347782957,-0.1912489058844169,-0.4166839854504149,-0.2526470801981188,-0.275335568080874,-0.11212345097875848,-0.3221066859663253,0.7731504130650395,0.0038260049192355276,0.0008585624833433204,0.0003666942634855829,1.5509907862692345e-05
-0.20603407845273625,-0.2245973322249168,-0.4985508855201923,-0.23319176511249617,-0.24733737091371955,-0.36735730004490663,-0.0886884821322602,-0.5895254749960636,0.9802744214580084,0.007466551503198761,0.009646905171070549,0.007172166555705678,0.00020025214383233045
-0.04835374019911293,-0.1714513241668259,-0.11482067120319411,-0.2600957256527753,-0.16786509214922923,-0.4668227553192643,-0.2525747380665787,-0.27785609926158467,0.8884477080324087,0.004038946908906669,0.001234307586176122,0.004985413873346972,4.269095883881913e-05
-0.2750990604349184,-0.4526843770833129,-0.046124367005562716,-0.04372905369041902,-0.021661863639253376,-0.09083447483047052,-0.08957862975506262,-0.5006407744911785,0.8003741621016179,0.0012188460894920403,5.632822282595007e-05,4.8564051445717726e-05,1.4911171256495912e-06
-0.20300348559058579,-0.3246448268489455,-0.46023903502524544,-0.2701621625671099,-0.0886020796925105,-0.0631698203850698,-0.08683900279143214,-0.5269828083682111,0.9250237759924432,0.000541004150588367,0.00012852667559356176,0.000401311773626959,4.7025573694458866e-07
-0.4366015715392942,-0.4648922432122901,-0.2983067485681784,-0.2986727642524244,-0.05625605526206984,-0.19453398039034192,-0.1646888017762088,-0.46205841572466105,0.746331744669995,0.0010710349276888422,0.00018854315389343492,0.00013087604392191972,1.1997928760821786e-06
-0.28609631107933586,-0.2800046340568886,-0.0022928485022502554,-0.14919358320571885,-0.07866126916668281,-0.3415084506900974,-0.19174120830571129,-0.5044267038761568,0.9031972970355097,0.00014065922615392183,0.00047789216236600774,0.0010355644283388614,1.320559621993872e-06
-0.08943950892360303,-0.41620805371235514,-0.4729080302626674,-0.004682562585872407,-0.48893994556812953,-0.13933620542301334,-0.0025983889253353076,-0.41851939001458577,0.8384791027043738,6.705495254650525e-05,1.1693982382782477e-05,0.0002981048834007945,9.349963739238418e-08
-0.492169169095858,-0.33461187536908,-0.07626468373383516,-0.37048375688227764,-0.38735335067186966,-0.31740822049293094,-0.23371350751350486,-0.5084722690088269,0.7937721685720937,0.0012794623170680193,0.00019302587021244333,0.0010057319369925109,2.685779536455043e-06
-0.2816387250274658,-0.0843745832684838,-0.4209553584292099,-0.2658598796131209,-0.16525065797042576,-0.36950607303009597,-0.1855479209716354,-0.6248869740327013,1.0282627459640845,0.0003095813448006425,0.0008701454702972271,0.0010727723603030607,2.003834285557556e-06
-0.038443469832493415,-0.4504824687256744,-0.17418346206026247,-0.22915906711150263,-0.41699836618865344,-0.30042754473334143,-0.06169959681015644,-0.4970558477455599,0.8541685950651573,0.0001042410934589193,2.1242438154694744e-05,3.037245212444688e-05,1.2239932592318997e-08
-0.2834601634422643,-0.43052510972452007,-0.3702197675200264,-0.20439086695761732,-0.3054851026291926,-0.27131445424681033,0.009532705825208352,-0.4913347195584972,0.7929283047513457,0.0003066843903131189,0.0008397393393692376,0.0012437649184245444,2.3461686456496274e-06
-0.41543332728529103,-0.3744528951264121,-0.1929132619887659,-0.09869880867084496,-0.12567928333918849,-0.2912004211656677,-0.23539257620652917,-0.5096443652073189,0.7974808679185437,0.0003755215386032063,4.720770059968273e-05,2.1877812288956456e-05,1.4372363162137943e-07
-0.08337469928089303,-0.13799800679282098,-0.41720737170211336,-0.22573081990730565,-0.25239220963727405,-0.19811589213909436,-0.04978080257074311,-0.5026539392829033,0.9666492815111618,5.656554361273844e-05,0.00013149460071058328,0.0006094638056120879,3.919366210914092e-07
-0.19243657862506164,-0.3317240062059076,-0.24544290932725366,-0.03906841350722501,-0.34942646083649953,-0.25037600235610535,0.012432513909217492,-0.4528460877863555,0.7630935517563876,3.5377122298579816e-05,0.00046167795440146115,0.000286021777279671,2.96206531440668e-07
-0.3817764631016704,-0.3242797737565584,-0.3302426448639427,0.007231240371518899,-0.49884091609850223,-0.16833813714185397,-0.10497462034237791,-0.3995762738151117,0.8239357703560589,0.0001479622074632204,0.0006373714506579581,0.001332401145327925,2.2034279930223843e-06
-0.429425607379078,-0.11699052845461072,-0.4594482551693297,-0.41845266210301135,-0.31421713994203804,-0.2457209907068994,-0.19368110684087794,-0.6227241940506661,0.9900323627185817,7.999978923787872e-05,1.267045004014372e-05,2.7893502694424626e-05,7.338554074888666e-09
-0.18505869948854947,-0.4979393610569714,-0.0679581759528945,-0.1264951850787418,-0.3122506103644312,-0.25274755525853976,-0.032381012372630205,-0.5088214690715938,0.8479725418427743,0.00011668514567582806,0.00035849000907339844,0.0009829808291704997,1.1083818203435576e-06
-0.34083598258807235,0.009270525765923132,-0.27623638280125434,-0.47137841461080426,-0.10705839562675679,-0.34035842962928325,-0.2775037698202783,-0.5306438647930943,0.9660901540152173,0.0014516376786243904,0.0022240167566436523,0.004980473146870702,3.185861525053392e-05
-0.29267174444887933,-0.01946262923250358,-0.47065494200924185,-0.2518301225921529,-0.042180174929515535,-0.21707929313485064,-0.1326721377072777,-0.6191550942436849,0.9895476656742893,0.0002663521787023333,0.0005157157376491956,0.0004415156229075653,5.318422504299892e-07
-0.31588558260172017,-0.1836374849488484,-0.07645224856601307,-0.374398656467427,0.015220512921817031,-0.08107979220995898,-0.2519793341890449,-0.7402755566466391,0.7415355299282353,0.0013138335790353864,0.0033065488450291294,0.0011468032273601754,1.3974581580248116e-05
-0.4815022514566171,-0.27151938394929964,-0.24682858815217967,-0.3356855230160444,0.012946398399780401,-0.15675438623064647,-0.27510897063389805,-0.7408921036438646,0.8402624338632773,0.0005789506963255529,0.0009917427347071145,0.0016782152540933241,4.135143999691709e-06
-0.04216427013595708,-0.4354071766542099,-0.2185108452231314,-0.2509790360249175,-0.12243319667361108,-0.2938216282231495,-0.14362554201131175,-0.5182172121467288,0.8779050709483478,8.34607464349792e-05,9.964678263646392e-05,0.0001911952502288364,5.3450801195349944e-08
-0.03437146685862558,-0.04683469968393861,-0.4285847913605154,-0.3225480955065318,-0.3601861240475901,-0.31241256396776207,-0.10014598455626136,-0.5093986672054958,0.9875032064558511,0.00012043313653768661,0.0008601950089982495,0.0004958631091453592,1.0003198168931061e-06
-0.10233232859846131,-0.40392528814701084,-0.4693001261360711,-0.21564131792575153,-0.09139209315444685,-0.44704407133418345,-0.024943178143143434,-0.5382968209106386,1.0254199688928085,0.001536583920407234,0.001574513978923204,0.0004231765763927007,5.0192628290860925e-06
-0.06579615396648597,-0.41638580887980486,-0.466440698693315,-0.2047286098645435,-0.11275033841827448,-0.49922561186410697,0.008394593359418157,-0.5765883584517807,1.0137671438598546,0.004089754959076468,0.007879048735176641,0.0013177584550740763,8.054199194249837e-05
-0.37172224524483366,-0.15951554815813673,-0.06587304836376934,-0.209441926516985,-0.16270982043303023,-0.2685952401018225,-0.2833018817942571,-0.5117586430440613,0.8631071214741699,0.004147673556127693,0.0012689657197048607,0.008277913305420416,8.733731861804339e-05
-0.3361846973194425,-0.43118956243126116,-0.21780422710281527,-0.09673837363804066,-0.20334940320751654,-0.3643801788826871,-0.07715532819761022,-0.5274853818362746,0.8201433027535566,0.001456639027281926,0.00019775952571252602,8.58110484711012e-05,2.1682696218505887e-06
-0.17188478393197726,0.00312589472341529,-0.08064739057130466,-0.4957787082681314,-0.22249970543377362,-0.234170823299847,-0.2808660737061632,-0.3088249636642123,0.6786294261635014,0.00040504239032689574,0.0008747867696020976,0.00016800718942351403,9.575376459305873e-07
-0.45550562517932924,-0.07141686540236353,-0.2766102475184749,-0.1362310242437842,-0.3649369131284447,-0.007110716074882839,-0.1961667585777973,-0.5207811500893612,0.8795707740631445,0.00023970993008366414,0.0006127717244176193,0.0012996915341059122,2.1221481206530375e-06
-0.3257413456075589,-0.1502106737045183,-0.3138296823799447,-0.4411348076159488,-0.4868747865952673,-0.04244091738984984,-0.17834536588808253,-0.494107969546063,0.8961499378335774,0.00027944007168080706,0.0013155542792446901,0.0003872410291720977,1.9587254299742554e-06
-0.19852894534157756,-0.19255526665577033,-0.4270209506434959,-0.3382427108463013,-0.12180124428869193,-0.2994229360346873,-0.15595481931376737,-0.5179291782695505,0.958260448466929,0.0008638708689699154,0.00044635688199284033,0.003325467960983366,1.2004244503884067e-05
-0.2481825640744455,-0.3877159203064465,-0.46537058720828334,-0.23111717309381236,-0.08350296794770562,-0.48057120427079164,-0.02699455398979594,-0.5313152100039075,1.036739158877201,0.0005649552053265954,0.0009344411268406534,0.0005421407977575344,1.4862712481500216e-06
-0.42542363212406087,-0.03707055684721283,-0.09618332451021294,-0.09266197107812968,-0.034682374313726894,-0.07932042485858681,-0.22261596592460173,-0.5428551810824641,0.8752742326069343,0.0010318077227238981,0.001472991569087182,0.0011642752854362313,4.589868279552211e-06
-0.3396985871706143,-0.19754657827983774,0.008311125596479063,-0.345432814481094,-0.19988566776396988,-0.10092264912387056,-0.2365895359726208,-0.5015200800619234,0.7954397169285107,0.0002633719986437046,0.0001597843267410929,0.0004340430746883605,2.8328923142660953e-07
-0.17760526755058498,-0.19802264402513792,-0.2861570545942491,-0.18705965263312296,-0.3876930530385626,-0.3802944977627001,-0.03861112568676055,-0.3595081232278078,1.0588693643757068,1.836601762968352e-05,0.0002202831714432201,0.0018820559503301788,3.5909965863978888e-06
-0.44662453371432315,-0.15900677301250304,-0.3060740152504563,-0.036840030554231906,-0.4417747099411136,-0.48764076608196893,-0.199430829855598,-0.5713504861434505,0.9414660668092287,0.000818497307846954,0.00020706517227729625,0.001064747877445857,1.8465018710483954e-06
0.01220145950260021,0.0026490335171586166,-0.078959978852573,-0.03933113323835352,-0.3249662221147338,-0.2902734052064482,-0.014993592810177753,-0.17704585017008198,0.8345461415209552,0.0006039268011187908,0.00047153426645060243,0.0022679769794176673,5.7307917247151706e-06
-0.3690522015834547,-0.31778063874089785,-0.1488221360391228,-0.3623705800144944,-0.029218849888783205,-0.12552824813369912,-0.21008576078146007,-0.6957442219109435,0.6907221708463717,0.0008044407246049585,0.0026237484828396775,0.0016202945513763467,1.0156535413826333e-05
-0.07667206897566503,-0.2552055849221456,-0.29404456255921896,-0.4545587919603677,-0.3371692112564041,-0.3749955563854669,-0.0591423438505332,-0.4167574251222892,0.9605372742329821,0.0002669858512880569,0.00022510409325531618,0.0003142557686536759,2.2070998572041922e-07
-0.29734433409985095,-0.13466686968841945,-0.09677644848083355,-0.25880922621195657,-0.406646706338353,-0.4321942128082831,-0.17959535827011786,-0.4060055314583255,0.8731797304100248,0.00011013543669862157,0.00022886790230703427,0.0004516342475786142,2.6848382470911934e-07
-0.4118004816443902,-0.44260039644439314,-0.053565604904855346,-0.3473024459743439,-0.2377607613055644,-0.44082697460572107,-0.18750383593953143,-0.5375077599852282,0.8216015274288276,0.0005476686448320261,0.0006500159827928756,6.148204749893579e-05,7.262417645829972e-07
-0.047679826684211835,-0.4867195329321982,-0.4309500967640922,-0.32752156072383165,-0.07812393469916112,-0.3369064258431031,0.004356255850572438,-0.5493931196543791,0.8984811223271176,0.0007003977407168629,0.00018424380404386643,0.001342553534488768,2.3269527674981246e-06
-0.3512738098912388,-0.45400072668633334,-0.3116482526391614,-0.13962241450982482,-0.07213521850195986,-0.09143550719533883,-0.08217366998811677,-0.44962329177621496,0.7288772094874589,0.0006908970603046424,0.0003188481276018145,0.00011911325289243466,5.931908434273965e-07
-0.10770549033796878,-0.48377716960722583,-0.13296242807341813,-0.2799259904495348,-0.37406001985151377,-0.02718744811197321,-0.040683972670691584,-0.5083914238450835,0.7720681532385828,0.00028892674620080325,0.00034382062546248947,0.0005582799415652066,5.133677803176512e-07
-0.16214576468748204,-0.06981771635903211,-0.4653523260728987,-0.420634166608321,-0.024668959626992004,-0.01855399460038404,-0.2435953971052557,-0.5156716751034699,0.8651918912612158,0.0006848456404351995,0.00011008717173185933,0.0005294979330719718,7.615007977305086e-07
-0.3097592525562314,-0.18385284476280928,-0.4692230540236274,-0.19841390337767695,-0.43448092639065117,-0.24691407644291152,-0.17330515802356936,-0.5829981280602857,1.0190529948753257,0.0009094749111615563,0.003145338773542793,0.0013984698604686927,1.2676018565023329e-05
-0.48127298442073146,-0.10336321332169274,-0.29892698206757895,-0.01621227211746018,-0.4585051257004051,-0.019501481866713133,-0.17520506237974393,-0.4879712376409067,0.8728743902045544,0.00041130185212025086,0.00043744279696498675,0.0010818307757491943,1.5308832415322024e-06
-0.4832531102270808,-0.02891816699058425,-0.16228834901725347,-0.19120145368678876,-0.39500094885220777,-0.02167771096258453,-0.14951231723299055,-0.5342803027883792,0.8293415848053116,0.00016302346317078483,0.00017407166857509194,7.915896793399773e-05,6.314373754908856e-08
-0.47292653451970856,-0.06280078651220855,0.014138254973402153,-0.31384108713514147,-0.152051574366246,-0.05263130008104344,-0.24732016529643103,-0.6264227823464428,0.8464361068417304,0.002617189419599087,0.0032263756954789584,0.002289926857569539,2.2502945599457042e-05
-0.2131445452998471,-0.49083595476329217,-0.37142094458909647,-0.18194062263160127,-0.4180066522854905,-0.4625308165337868,-0.01031941684052105,-0.5957514241571026,0.8476096333653059,0.00017911994099142025,0.00023355154129689457,0.00038160174652538293,2.322501686541475e-07
0.014745414071565377,-0.49994383646351565,-0.48634138435633867,-0.45423856705429944,-0.13389911423282613,-0.49611645552973993,0.002533139542808981,-0.5635076713488197,0.9703571509681582,0.000271300037689518,5.824729409960176e-05,0.0002230332640874349,1.267402946097549e-07
-0.16532688255398426,-0.04624680949190402,-0.03038110773299163,-0.44546806706694464,-0.3729502080367488,-0.4102824542816945,-0.16916968062988244,-0.20303150172906104,0.8600414629433498,0.0002952489393097641,0.0002364417267433241,0.0015417136288386826,2.5199575396558456e-06
-0.1963483583132563,-0.06279591652412525,-0.4157384557977931,-0.2752120903141094,-0.3029451563326012,-0.19943043964455265,-0.06717406366604547,-0.5388466634360621,0.9432744716726863,0.0007714032825273735,0.001013282509060415,0.0011394991715564214,2.9202628294395465e-06
-0.16848606779212338,-0.20178025911310044,-0.23016233308863904,-0.1883171840885246,-0.4426275205480931,-0.43357273427698273,-0.0334518984244286,-0.25383081299173865,0.9439936089374785,5.993600820761962e-05,0.00023485840433332887,0.0004195116503334712,2.347408199313738e-07
-0.21099433918680138,-0.3979386697641655,-0.208053865114586,-0.11000087566971084,-0.07976630164565346,-0.43374406608302707,-0.13670764601533877,-0.5224467784170104,0.9810549313998247,0.002689498857141561,0.00018449810317691092,0.0021954605892338763,1.2087490851520797e-05
-0.45791330646259937,-0.47765212608641083,-0.2513205483614449,-0.426429066601282,-0.07008238039223896,-0.3789344057202467,-0.27292379183686954,-0.6090912324181595,0.7444363272108153,3.065781418482996e-05,0.0008028782077096855,0.00021226858818457095,6.906112715155794e-07
-0.2674333757709062,-0.3544484817734261,-0.3977277600343506,-0.010387246237626768,-0.4624538193634513,-0.11923706930466932,-0.00040365691924350576,-0.39820511882390364,0.8208191585066771,6.627510872319769e-05,0.0006796332219150568,0.0001891181074925916,5.020593649484919e-07
-0.36758001101136445,-0.44693152707386435,-0.4119538624695954,-0.3019845379389584,-0.16115884874206088,-0.14271440139850267,-0.07709548836041297,-0.423907504449234,0.788176467253922,0.0002425094564561529,7.456285970996215e-05,0.0001052820472062016,7.545476598271506e-08
-0.4387009893796696,-0.28172236557129854,-0.43950661127269386,-0.40258915552607916,-0.37986658198701434,-0.013095505850084177,-0.20434236259024846,-0.46291040154768287,0.9648307044653758,0.000468247352300496,0.00033294891183168433,0.0003049578399350435,4.23109844964175e-07
-0.35484223177112595,-0.4004334120746184,0.011213590348487679,-0.13947435141336206,-0.27537549950419593,-0.00271751583224078,-0.12320243298782453,-0.5205188702036561,0.7172117475829053,0.0004339232683735686,8.748748690900179e-05,0.0002057946177922805,2.382948879139236e-07
-0.05235034587063275,-0.016397913472307735,-0.16727860117790516,-0.3678675157275527,-0.0740607358918196,-0.07201972965344189,-0.2491541003318006,-0.3674291575756892,0.7596610938739469,0.0005567167983862855,0.0005353944149163447,0.0007786577459477156,1.202888658453468e-06
-0.16068508210952864,0.00814895513619196,-0.28908454170579656,-0.2973501180486263,-0.04116412698455735,-0.3193335267865737,-0.3134115158709053,-0.5110866664669349,1.034416548794608,0.00697605594661625,0.004597714973930087,0.007058852042038632,0.00011963173170321381
0.00426426558453652,-0.030186984534988248,-0.1515195347606481,-0.029307082751763636,-0.4231000996288926,-0.14295962497961107,0.006079207632400955,-0.30055783306310513,0.7782653717822751,9.859407398427671e-05,0.00023676304642757885,0.0004054289880222231,2.3015019590720873e-07
-0.10646546094722653,-0.3623278675592509,-0.4186713778587868,-0.49729403522854765,-0.30986688970008147,-0.19171055390533143,-0.048620880168647594,-0.5223109604677335,0.947898383752032,0.00017567427383289376,0.0005282066247333064,0.0005987445950012548,6.68358778942083e-07
-0.17225435798956223,-0.39552021792636793,-0.12115833130303993,-0.35238625818995656,-0.04500816370753863,-0.17264815817343382,-0.23517155403331164,-0.5656617577617544,0.7712474592180826,0.0010951708487629145,0.0013568539981079172,0.00018302928049778453,3.073951677681059e-06
-0.001042258684195052,-0.2868260196575414,-0.392841817797188,-0.15186606405450298,-0.11382041890029676,-0.16106562995057166,-0.0962619032622107,-0.5331815420953407,0.9648282320363465,0.00011173344052125172,0.00012333086701743457,4.161680512871882e-05,2.9426822959109977e-08
-0.36932925302568986,-0.4117375513405233,-0.12506291930242935,-0.4572996108695609,-0.31507537578199996,-0.2835057545211004,-0.14213973672254718,-0.5160705697143035,0.7462127203573637,0.0026284071697790412,0.00035760125049192053,0.0009556131611484957,7.94959941825948e-06
0.019998318695049422,-0.33681801042255255,-0.0839854468101065,-0.20154372898036715,-0.2242803598815854,-0.22055825881943958,-0.045476967326410586,-0.4761489949219566,0.7730914200804055,8.941821578287698e-05,0.00040341351328875436,7.655583189261148e-05,1.7659887541453888e-07
-0.1368995420032446,-0.0430081065284873,-0.1916105722107047,-0.2737194012327455,-0.4583085605599405,-0.44846623804248,-0.0976352912145202,-0.23219956776423184,0.9363085759326046,0.003654618541626304,0.0005722828467599126,0.0036843116649048183,2.7257896785648132e-05
-0.3450813406610607,-0.06823618513671914,-0.09674294116503623,-0.4878546785266476,-0.14712440739676885,-0.38589682203642045,-0.2812776596918342,-0.49321496974515405,0.8283959855412245,0.00458314172267805,0.011268984091451452,0.013844052622089462,0.0003396529835067205
-0.11770137059380348,-0.4205717645688823,-0.24266837386179851,-0.20477945536067443,-0.06479678142206913,-0.17051506358131574,-0.11034210068407505,-0.5369375951665039,0.8420430307475656,0.0010641531717403593,0.00018410707879010132,5.721004100467785e-05,1.1695903781774481e-06
-0.29826965619699963,-0.0032393751107291924,-0.2212753453281464,-0.32321182436883344,-0.3789007392706007,-0.17048082752224525,-0.14554550519732162,-0.42950489170367595,0.8648132164414071,0.004247781521896304,0.0010597650623254814,0.0033647232298341994,3.0488112258475295e-05
-0.3502076881564597,-0.027585166720659138,-0.13927135046421113,-0.13571793144939026,-0.3595130400412736,-0.42191709773535047,-0.14369938708424576,-0.4622240104426772,0.9341604649044497,6.491604941420783e-05,0.0007246605354315791,0.00040108766459057355,6.902182997702509e-07
-0.45610299260214937,-0.01718802789040791,-0.19354202704724055,-0.16293667416202384,-0.14215323181889072,-0.31263141358457175,-0.2435743771957037,-0.5790218003448633,0.9226194910178334,0.00010268576407260918,0.0002582181799693268,0.00016030011283517753,1.0291712078481781e-07
-0.26136963118071865,-0.36433309501836153,-0.43219181774075427,-0.1267782829804392,0.0077292177201595536,-0.36430347247745387,-0.03337692224303742,-0.4796613769313723,1.0783468862667518,0.00078723923337945,0.000381746741236624,0.0007006213854056024,1.2563465107043122e-06
-0.3952729251541947,-0.23021013352275388,-0.3723623842778219,-0.43141491060217807,-0.3805846343634671,-0.045756773970004994,-0.1930336878847464,-0.5199129147809249,0.9656355403378879,0.0003201782737054785,0.000432832112787306,0.00014172584410620628,3.099439797005602e-07
0.016160303882222893,-0.3302341952686286,-0.3104172406153114,-0.07873910709939813,-0.4757674290611592,-0.28200454775012157,0.012499794933030807,-0.42010692325686066,0.7676092667744925,4.031348748212303e-05,0.00026162685811093,0.00018398963835316424,1.0392597717929619e-07
-0.13243834694406798,-0.129608317125261,-0.15675375254181856,-0.46094569580373934,-0.30870858526567513,-0.14683746058387587,-0.15989326710733057,-0.2575319065862353,0.7464184827269439,0.0003519929917530022,0.0001162060502778948,0.000974666043958182,1.0873768096095105e-06
0.008205957498033989,-0.2378841807132812,-0.2102390285705576,-0.0518658392344683,-0.40995374012289043,-0.15605226743381045,0.029047073251772085,-0.36297864974530875,0.7273927248384535,0.0001030027547227538,0.0005228336429322877,0.0008029247211925124,9.286526935643963e-07
-0.3760549813770232,-0.27932412913053756,-0.1857516790489097,-0.38116790948587786,-0.18024863447005185,-0.35138389948002063,-0.2533257494103057,-0.5759476435881238,0.7984684272093752,0.0004363025335722126,0.0001700742353389861,0.0008613161880754763,9.61150722168542e-07
-0.3696679956949559,-0.11767063366171215,-0.0311907119319082,-0.2438531721594862,-0.41890052163651204,-0.26547429648480847,-0.15112197571575955,-0.47327061647546653,0.8509157988700623,0.0006101284219555963,0.0004136286187012864,0.00034243421158463926,6.606065147503538e-07
-0.08741642539228478,-0.41091064401127647,-0.4023072390965654,-0.04321908405016711,-0.11614102101738077,-0.14703740044785246,-0.0034467726337986605,-0.4005290080425807,0.854626127146818,2.7877285660077286e-05,0.0010319841583216437,5.234731981192439e-05,1.0685086879740967e-06
-0.007840849898525126,-0.11108145608882602,-0.40585650180489097,0.012552179359407556,-0.0019966841171423777,-0.4278230385352634,-0.09812439265023357,-0.6193482521251888,1.0649076977143608,0.00019865574652697736,0.0007635467455251163,0.0005044268770559738,8.769142125266296e-07
-0.159651712145722,-0.3773524802009258,-0.3534735423881752,-0.12039401144678635,-0.492546872295254,-0.21061594516222926,0.014708385760972224,-0.43540510182420605,0.7614109034297912,0.00014081671446486456,0.0010665478581013382,0.0003369774657869566,1.270907493141431e-06
0.002319715242871334,-0.16243488516210092,-0.3547257408730895,0.019063205017912255,-0.34816720344249075,-0.3608303961142091,-0.04061681379016389,-0.5016815164185047,1.0957367016678374,0.001594188690878551,0.002003097439898168,0.0014136509127584765,8.552245838994534e-06
-0.3271304140596232,-0.2774106218884045,-0.3860829098022784,-0.4729506149858322,-0.13063613575500255,-0.4501339400612802,-0.2053330153786669,-0.4057589123726577,1.0554481318335156,0.002695441934216312,0.0019143048327910572,0.005351484869134406,3.9568360518153455e-05
-0.23251777176484645,-0.4089522143180055,-0.04600245626719823,-0.2351084493307467,-0.20922786324533843,-0.14223676065378782,-0.0818661539747871,-0.5010495820625315,0.7844596118305815,0.00030187329461491577,6.292935914877403e-05,0.00036385760508617494,2.2747994702358602e-07
-0.08986052053210747,-0.002387184477910198,-0.3926437613784584,-0.29859187203947024,-0.3016503917934088,-0.30609278864311273,-0.09722481646221226,-0.4745837732658519,0.9780915101051947,0.00044572708615624846,0.0005001679550237366,0.0005206270003945392,7.198930921057817e-07
-0.1396487225765154,-0.18041190285524128,-0.06885260426183498,-0.09410380298076637,-0.027362215914868593,-0.04210843590154706,-0.12351551557177491,-0.3036174824966967,0.7173053158087711,0.0007450621672561353,0.002894792992647777,0.00020773431532113268,8.978097649121024e-06
-0.047888681339292194,-0.43752075968988924,-0.3652890277879187,-0.3156134787425912,-0.46900149242494327,-0.06452042854640305,0.011909235081723637,-0.4281181592844289,0.7853046504774192,0.00013385284681629203,0.0005480794935189397,0.0005072770159131724,5.75637686690576e-07
-0.4298732583415998,-0.16700934491335973,-0.3534799794559108,-0.4549497660371252,-0.06598656699588051,-0.16568323686404862,-0.2814462853896375,-0.5938777573622006,0.984202404728046,0.002290802957351701,0.0021179350474282285,0.002388479773737027,1.5438262684086993e-05
-0.4032673100024119,-0.018143265742368464,-0.2053826327305056,-0.2032424376510371,-0.48990630846533245,-0.48758974926650894,-0.18003647382543028,-0.5263186261462265,0.8917255210110157,0.00086180097371334,0.0020670056503914206,0.0006807321158131196,5.478609490542728e-06
-0.4534744411862262,-0.297494549554573,-0.2123504922545491,-0.2252082212151073,-0.0726138325248673,-0.41352887837063534,-0.23370526828799856,-0.6063093861832376,0.8463237444832982,0.0007743571052566378,0.00028421926647416717,0.00022044136832688517,7.290039147663827e-07
-0.23055087130312307,-0.058122818577618085,-0.47210052192518503,-0.2325046776103411,-0.36218896320114435,0.0030977193565092653,-0.07266054796145978,-0.5582999013347864,0.9651156352559668,0.00017504191040714314,6.113093000043641e-05,1.5697319424986077e-05,3.462306683883064e-08
-0.4527030292881937,-0.3141925386474718,-0.42386203540095047,-0.2897548068597864,-0.09825196191696195,-0.4709584303986717,-0.31891176454893727,-0.5017687892059074,1.011987784371011,0.0022289769032312777,0.0054164119436450955,0.004033272927605323,5.057314688695377e-05
-0.28492352477235433,-0.05828326410843615,-0.3924916729806382,-0.04932368015187444,-0.4736881940312312,-0.4187338189903352,-0.1454251564465371,-0.6011220979825137,1.0376735893325073,0.0005451880718927547,0.0008745771255135103,0.00018299402869585693,1.0956019967439537e-06
-0.10326843764326948,-0.3906628715359573,-0.44570672231724534,-0.2174294033060884,-0.29170932403902283,-0.35752059457232677,-0.042312186150019415,-0.5127468733129169,0.9907957683737023,0.00021140090330063095,0.001229065819748846,0.0013162545077415014,3.287819060341048e-06
-0.48791772616208356,-0.49304959420676253,-0.3228932504647143,-0.30590442240348725,-0.4771452931831387,-0.3208986557543247,-0.17391131951208888,-0.49102345010669185,0.7830611826752603,0.00010812782529611083,0.00018023313427521252,0.0001921303613464144,8.108968504503684e-08
-0.01777623833980707,-0.23412304514079768,-0.3230090908267607,-0.10254208094655098,-0.1227890272942781,-0.10490914457382838,-0.07727404956926057,-0.45503031869945726,0.8851287812893692,0.00020846712921233793,0.00018088328939788362,0.0005582406537223558,3.8780993581379533e-07
-0.1855593999024765,-0.4844302008227641,-0.4609457296740238,-0.05473171196006299,-0.04955783351229809,-0.2905043648477348,-0.033571776045864546,-0.4404880432418729,0.9704036069703321,0.00012386726471883696,0.0016151598692188227,0.0033445540945692656,1.381012659390393e-05
-0.024302858541295325,-0.16517210347443106,-0.09937773361303076,-0.2618362774963273,-0.3002092838836804,-0.29623450627879677,0.023999970955040795,-0.25296623398274076,0.7192892676853175,0.00010732561589592342,0.0003093647868057019,9.207682570466574e-05,1.1570350097462406e-07
-0.3309098337817724,-0.35312608833983106,-0.0014476207238356409,-0.39204279415026455,-0.2859446005817712,-0.25406434652074106,-0.15888590118319498,-0.5829077225192317,0.7620451264104312,5.08244189191387e-05,9.096731866074165e-06,0.00018530885553350924,3.7005244028250333e-08
-0.2615407332065247,-0.4070934691055652,-0.31070552291957887,-0.2640754808781854,-0.30555356757810387,-0.45044834275177437,-0.01817483237356154,-0.5464228420182246,0.8360022082394063,0.0005905312737563319,0.00020893673692429994,0.0001796505879076198,4.246560790564033e-07
-0.3416623836576641,-0.38888339858587956,-0.24300947427565084,-0.1677682100498767,-0.20094305214471953,-0.26189118472944906,-0.1097397472442075,-0.5182508825524595,0.7316519521876281,0.0001283016554065643,1.1061129167548681e-05,6.244023742842063e-05,2.0482446608643516e-08
-0.462442215283259,-0.05374434793403221,-0.3966289988020064,-0.3182336400854724,0.004370495262373653,-0.2887591919811761,-0.18287697864185967,-0.6833893695758841,0.9838895431712302,0.0008882561610464212,0.0006533962232953237,0.001173341663957191,2.5926562926313483e-06
-0.4534991976626732,-0.23010412310393724,-0.3918537274720605,-0.11949548358543405,-0.0217280758577732,-0.04594748945682953,-0.34350102373873564,-0.5336070727574219,0.9742951114305635,0.0010179704422990322,0.007169086555292863,0.006128032707250478,8.9984850719807e-05
-0.45823939151767945,-0.31398820527912996,-0.36852659846794444,-0.48515530178529914,0.01935038342853357,-0.3752668874710707,-0.34124087668988956,-0.5190944995049243,0.8938288876694795,0.0008802861635120654,0.0007864978381380149,0.0036665478535037096,1.4837055741099225e-05
-0.13383289796522874,-0.15145274628455158,-0.3508186080071276,-0.16669304073254315,-0.034594631219889205,-0.3703917128417188,-0.16704934282373435,-0.6086954999103772,1.0897732335231292,0.0006380512928431132,0.0002742403297902559,0.00405693703866942,1.6941055346510045e-05
-0.4320203625866275,-0.16054253491812254,-0.40701867378402157,-0.3781227125723651,-0.4632014670062643,-0.18092001824116621,-0.19317457015648357,-0.5938113799597617,0.9872316033702736,0.0008393410364226963,0.0023155267075900417,0.0007243778512567112,6.590880580377195e-06
-0.38650587391462915,-0.07467205992607329,-0.3280741332880893,-0.028444187708753732,-0.09062185881376594,-0.43926063989156533,-0.20283003974308417,-0.653909384294797,0.9227695332744112,0.0015030176874448874,0.0019689040771777976,0.0005404227052451383,6.427702134244004e-06
-0.4787853833624127,-0.08693488868612714,-0.2661339626440775,-0.45933048121155257,-0.04127109068784918,-0.48954647765596976,-0.22300495097752693,-0.6680582322183141,0.9150341117188022,0.0016801599763227608,0.0008345662200666387,0.0004912903554483115,3.760804535069746e-06
-0.12920490381019983,-0.2277117104082676,-0.23387943431869074,-0.06528034441766117,-0.15721241472780417,-0.17704532006115326,-0.0011598062963110965,-0.2780565845306559,0.8190030793095092,0.0004206748922569843,0.0007278122329864928,0.0016284723164726592,3.358600096978039e-06
-0.048857351007334626,-0.0220790914116461,-0.16959128157184727,-0.02800564914503728,-0.24974534777274143,-0.4479617087670488,-0.039637269567517376,-0.23333685651893704,1.0758997471973146,1.912986841637714e-06,0.00019780755157970063,0.0002322003664546348,9.30484971622789e-08
-0.4912188198702164,-0.48077088503671805,-0.0005190022219135337,-0.4269327710986119,-0.4724933709637474,0.005036437961345452,-0.10739922902685482,-0.451683920263955,0.7693050053131363,0.0021657573883244086,0.0006650207027462506,0.0003693766653753538,5.269196721086694e-06
-0.28950399322664666,-0.00298227385969424,-0.1740142549805065,-0.343949281898135,-0.24270593098125903,-0.30806454433110575,-0.2519556612047964,-0.4364696525437896,0.8706427007384779,0.0005408304578260366,0.00019931158594902409,0.0018123325115226231,3.6167718247277352e-06
-0.008214846566361234,-0.29782545374920294,-0.2135540564901477,-0.4719087449684631,-0.4953211887650524,-0.25185984043321097,-0.017123495304386057,-0.4337103420784187,0.8156969288582641,0.0013108060469992522,0.001249670100300474,0.0006007535737938668,3.6407927088609062e-06
-0.3622419625467158,-0.29879424601657667,-0.30464271473018517,-0.13048385865174533,-0.41851392653207864,-0.0005590425614398487,-0.13526967933481165,-0.3922161406547459,0.8040881621241297,0.0062449797788366795,0.009587291247961014,0.00323930714642061,0.0001414090367001605
-0.46217118401917345,-0.379327870710893,-0.4266428195013927,-0.27072011803602175,-0.44902088731861733,-0.4313723277068412,-0.2090642320149917,-0.42114806789063586,0.9029969561984925,5.246853272373477e-05,0.00011737206311888773,0.0008171535338684682,6.842690460406918e-07
-0.2950424631953976,-0.49753217910973796,-0.03181509161131674,-0.4358750662935595,-0.342611885869058,-0.027105414445291243,-0.04367127477223549,-0.5575078465040245,0.7650692008708354,0.0024878122682300773,0.00491005609102539,0.0017339700244978454,3.330451274482867e-05
-0.29353706581417877,-0.2611461159588317,-0.09510162159218971,-0.23085318555305645,-0.368038427330307,-0.11171409066846666,-0.10116841914176235,-0.4964179851290871,0.7802595670649176,0.0012155582727872178,5.220551812230449e-05,0.0006353899331212307,1.8840276977756641e-06
-0.4156391191613668,-0.049770840540881656,-0.30801573176470143,-0.2656131037445473,-0.11680077553138091,-0.38950485665705487,-0.2245276838422596,-0.6778090374328187,0.9584176101435575,0.00017887338655920963,4.105825597387371e-05,8.487460919646495e-05,4.088516808902924e-08
-0.0945208575542893,-0.4066302412401466,-0.32719174194258327,-0.3048412092757513,-0.47213904106338267,-0.31419784805164713,-0.004402803916373303,-0.5082313632091895,0.8287118792585001,0.00047881715869943156,0.00280301083721042,0.0016461867891746714,1.079606656983727e-05
-0.44333299024597145,-0.4971803405113831,-0.252123964213908,-0.0342261254623521,-0.23991839742432564,-0.07525968746435491,-0.07716636855180305,-0.4763754220485862,0.7436359900389512,0.00013311705513111726,5.50396935916712e-05,1.6389213900906443e-05,2.1018124569735625e-08
-0.2908621237591897,-0.21860792118760558,-0.4431365786914768,-0.1896103847453886,-0.4751153787182126,-0.09761926285660966,-0.12429271704478355,-0.5022914431060291,0.9662906339112278,9.116234588338779e-05,9.5316564136136e-05,0.00047414886123774044,2.422129633187266e-07
-0.12809335918864867,-0.12906006834534972,-0.498629340288193,-0.2891254127644371,-0.34552804235941925,-0.06510414721200192,-0.05484253298313986,-0.5155758940201958,0.9372192042298474,2.6136659894607682e-05,5.702304964438827e-05,0.00012713533278896255,2.009814602455303e-08
-0.11421560532778058,-0.3707716035173423,-0.16271062335073722,-0.3995330022831438,-0.3628230052876663,-0.4139605182912588,-0.09661207060050396,-0.46449300680370365,0.8623229050780626,0.0002059506590352612,0.0001010134198840564,0.0009566503278590191,9.677992347464993e-07
-0.4843891881523523,-0.1531525667079705,-0.16746101311427852,-0.21341837442354794,-0.14707267990256961,-0.24530732597822996,-0.22756872567751385,-0.594463421153373,0.8760423458104454,0.00028671811414031275,0.0002065915920373826,0.0004518877935402152,3.2908994082736176e-07
-0.07053321075988822,-0.07201765019451029,-0.35533806446031385,-0.4564252001532241,-0.19610092216221858,-0.4815874847438286,-0.12586234301644297,-0.443593910571882,0.9864731852399028,0.002498141685156467,0.00027452054345449196,0.0025671884511348285,1.290652995153498e-05
-0.3469295849853461,-0.07494422318734667,-0.48013204303653395,-0.41638707916024353,-0.23738579686106875,-0.09209067702412721,-0.2041992279171,-0.4961680629699365,1.006669307255168,0.004619619813656123,0.0025111027245842926,0.006762085601599505,7.337232579949823e-05
-0.21037034025766327,-0.15558902252461754,-0.27838173303845404,-0.2163653737819921,-0.28259680683987976,-0.0478831252768821,-0.11776211797709073,-0.39604169462044747,0.8672863590675881,0.0005038988636258346,3.739168571437813e-05,0.0009651701508619406,1.1868656230388315e-06
-0.3388274824460588,-0.44137067086027054,-0.16119567812245772,-0.13814656372166828,-0.4639672474070672,-0.12056164848236006,-0.04262389733437495,-0.49914941333268037,0.7182686654029741,0.0005277660831881093,0.0001943511102817619,2.3755747662336114e-05,3.168737281784685e-07
-0.05552640588053148,-0.446463874170845,-0.24729513273697656,-0.43152299851077314,-0.35119516548529084,-0.28314737192546735,-0.09810530144519453,-0.5478704201232945,0.887342849162019,3.4035942155373536e-05,3.705706031481487e-05,3.61887451350608e-05,3.841296352030148e-09
0.019754037330895535,-0.24363146859542095,-0.461702950514258,-0.11805538596670989,-0.21334036282920488,-0.46073181932613916,-0.0812699822571505,-0.5944838218633135,0.9919826684866397,0.0004400003396768814,0.0003103229937460393,0.00030484390147982347,3.828304636327158e-07
-0.08329339846711525,-0.24712017952121867,-0.3071655547988634,-0.21990233774312562,-0.30520120680446206,-0.07454712955859244,-0.045021548942014815,-0.4781320554478791,0.8650174002387975,0.00035949889406351575,8.083086627920363e-05,0.0009682614550392427,1.0733033290910491e-06
-0.22017850370824182,-0.1282239403211078,-0.15956032498973044,0.012745981273261542,-0.4833058489464207,-0.42220514036700185,-0.11826099704078331,-0.33584053841844774,0.9014139199077947,0.0003347623351568298,0.0004468966841313718,0.001086193530625277,1.4915988532994732e-06
-0.1718261319072691,-0.45011264780598204,-0.025783379223368708,-0.3718101940763776,-0.3358545887114517,-0.013705377202705482,-0.0783688227634363,-0.4954320581803451,0.7665661117217721,1.4596359369403746e-05,0.00017989040723119678,0.0001195503486883066,4.686589819214228e-08
-0.13801255419913777,-0.4888478297042326,-0.22529189403882466,-0.32610061011968555,-0.37473562591843124,-0.48518314106883254,-0.07958311442408351,-0.5506657153046386,0.8813089320445293,0.00012364515736732146,0.0009112419874374417,6.841954793567792e-05,8.503313191490506e-07
-0.2215982066455235,-0.3844949068963479,-0.08148166990521716,-0.038142920167162475,-0.19570125405460115,-0.40858542953766225,-0.04144026750753548,-0.5453271325579176,0.9332249175202588,8.612379926500836e-05,0.00015712440848971183,0.0002847010359297426,1.1316006840254984e-07
-0.2874362977531484,-0.3809430287690936,-0.2009214148966577,-0.31197973051994154,-0.352989540296326,-0.19593887325997245,-0.06279119607568817,-0.574354214489912,0.7304192116186683,0.00033249472882283684,0.00011133404751852898,1.9401523033847484e-05,1.2332443392786282e-07
-0.3821332214671963,-0.3295513501333155,-0.202100822317761,-0.3256772457921372,-0.32994275540374335,-0.4659599014038075,-0.20406280493993498,-0.5202219251125056,0.77186456991103,9.523042798038454e-05,0.0007236937658412881,0.0006401019761150729,9.425320409572936e-07
-0.4682887953338195,-0.06780668873379109,-0.4785132941993003,-0.3162608625119803,-0.29936975642938335,-0.106104034446312,-0.2156659566462197,-0.552404943594063,0.9839955720086749,0.002522271389098231,0.004453612040771714,0.0010495376497247533,2.7298042448160077e-05
0.005795445549202305,-0.12260750882158261,-0.08569346576820125,-0.35746524750560504,-0.267921483404879,-0.2059562281770852,-0.1244866454468263,-0.2008203125475848,0.7200693595300499,0.0010577705773476694,0.0008979258064275889,6.285885795535121e-05,1.929100584174509e-06
-0.2922788932891466,-0.2800719455575631,-0.26921095173707243,-0.49652162418948276,-0.1462730440359667,-0.38839045498064795,-0.22244222105459477,-0.34556298193242274,0.7922068973471048,0.0029795843331491315,0.001304868084392375,0.003426701429161393,2.232288620063031e-05
-0.04428102684562135,-0.3807205026699939,-0.4767967550210122,-0.2486530125240926,-0.28981645850210713,-0.26147016947708923,-0.040898182525649876,-0.5763000115697232,0.9993163625373114,0.0020156531533147386,0.01427685642229062,0.0027131986043704465,0.00021525293360392627
-0.05002631937962371,-0.46874460905123916,-0.15405912422225793,-0.27730391659747033,-0.19038641423526104,-0.05856259642281891,-0.09917409900189958,-0.47921563154635,0.7878367264736598,3.877322609762889e-05,7.236301145691013e-06,6.489147911360245e-06,1.5978361569044898e-09
-0.3445794826363747,-0.4506744759248827,-0.2940126155839862,-0.2668290069585927,-0.13364609047396192,-0.0795467010892772,-0.06113107249626719,-0.4607500667273135,0.7389285764440312,0.00013510064677976983,0.0027385547118471986,0.0010063984256202933,8.530771885631807e-06
-0.4339243508500888,-0.456494075058818,0.001965196402512581,0.01861808013825139,-0.3647523349748226,-0.4608794032686759,-0.1371647168581632,-0.5613498223639813,0.8292699556390227,0.0012746911707784412,6.05419187942372e-05,0.00011135071550091825,1.640901886634368e-06
-0.1674990320820937,-0.11382836195241969,-0.2650837054021483,-0.3815046743106422,-0.40425891638536465,-0.14684599946017474,-0.041700747533925865,-0.39755014539450606,0.8697410244936686,0.00042982539237888367,9.347020472881276e-05,0.0002179360022451982,2.4098264818032643e-07
-0.3203934897449026,-0.44121391850853653,-0.40634989393027976,-0.024746219763727262,-0.2596800598865079,-0.09420408632228405,0.009725949550816355,-0.45725948281269413,0.7761934804275444,0.00012366809375233118,0.0008708321721883055,0.0005370645037477081,1.06208075071631e-06
-0.060236729055771876,-0.33382332373743506,-0.1055052197437345,-0.08924670375450233,-0.11005795742088759,-0.2923764044478844,-0.09143462916409709,-0.4374053617907291,0.955126620220783,0.0012929761267955516,0.0006843873253195096,0.0011562388353684079,3.4770615199353107e-06
0.008817604516605404,-0.1922545058609209,-0.06009872217851259,-0.22953034647931136,-0.33102734220872826,-0.30058847200495564,0.020127564726072973,-0.3045235346625928,0.724066463166063,0.00029051244525433995,0.0007192941568053607,0.0009853604544951436,1.5727167901448667e-06
-0.3567413871664171,-0.09874335244813032,0.005288247290719195,-0.48306964747960074,-0.3499920965884729,-0.3474604655871728,-0.1864518521988314,-0.45740017172716585,0.8758460646484348,0.00015976276207719766,0.0004893825814468565,0.0001413232245635948,2.8499170497117674e-07
-0.4267469206729278,-0.11151385508146111,-0.46767323874200695,-0.4249273974852996,-0.2104334248385581,-0.010753672233041522,-0.2294094670108941,-0.5708408745299492,0.9882689511892296,0.00031524458694595246,0.00043724158229765307,0.0007409004188250303,8.39492781503985e-07
-0.18672839962303062,-0.05700925295419801,-0.14211534340725118,-0.030956093958747932,-0.07834197403891097,-0.10818043752737494,-0.21667683473384405,-0.3241593112492464,0.9677476954604461,0.002351999084947566,0.0018478560818301105,0.00860522765349043,8.299641476314714e-05
-0.41470571510887666,-0.1784959746467052,-0.11264112238496043,-0.0931804264746649,-0.06957866889257408,-0.22909899030029313,-0.20678500826007054,-0.5399147739628897,0.9088969520441481,0.0007018080129300789,0.0015107821586854114,0.0015564516714222385,5.197539023488096e-06
-0.33679852917189335,-0.32031606507933474,-0.16877238440760056,-0.2268234529627513,-0.1631274909106903,-0.016547908682218337,-0.2242450571236295,-0.5242678322687663,0.6780963064943943,0.0004272618425829754,0.00014603593967027975,0.00010516023213469206,2.1493785222540326e-07
0.008875304641748016,-0.069835803321316,-0.12964953714148048,-0.27615431342637764,-0.07331600703740149,-0.3144571291945256,-0.4742446602461723,-0.3592385639308242,0.9926644528497284,0.003163848680947555,0.019278705655935886,0.054503874756322256,0.00335235079369701
-0.162803512339663,-0.028239698779834344,-0.19730022121877194,-0.30324089205018945,-0.40546781677667765,-0.1401724614255926,-0.1017211441127698,-0.32459454370244545,0.7924337727034277,0.0012906193774621392,0.00025510317689267934,3.641795218820151e-05,1.73210227558308e-06
-0.26929808041694614,-0.4262641886336061,-0.2948742955151964,-0.05299338172865975,-0.020797422697485468,-0.024236367920706436,0.01497121767070714,-0.5076095160480673,0.7557416229973116,5.586475997865586e-05,2.7985645880353433e-05,0.0002467742621733964,6.480160425403755e-08
-0.045290441326501285,-0.24831943093415626,-0.09156404990858785,-0.15061982496574045,-0.30377258278547425,-0.0493243825381946,0.010735587442902286,-0.3706953566298787,0.7311013484634898,0.00018513723121602412,0.0004994571980580396,0.00039284514052620554,4.380605915093776e-07
-0.49411340150191524,-0.31918864607940256,-0.34563695442027365,-0.1294753722466354,-0.40311885366210504,-0.3904350147876398,-0.2695526710194176,-0.5276373452022866,0.8534060197638703,4.0736144749661175e-05,0.0005690708418537528,0.00013686572270301458,3.4423328258822277e-07
-0.031876691727960316,-0.0075811470450101726,-0.3172775557193236,0.002317620017949662,-0.22361302827360924,-0.4733791698976324,0.0019017155306435226,-0.6828430211731779,1.0944094151229211,0.0015920653178068348,0.006385776292431975,0.003933742221736339,5.878713870022077e-05
-0.28954605034393743,-0.0478902735576609,-0.23444592364650846,-0.44436721145379904,-0.20707552665413825,-0.30091153756550915,-0.2835872569881012,-0.43681885128897274,0.89537794921104,0.0002595407132973558,0.0005497457079912687,0.0037846007808045048,1.4692784795379796e-05
-0.07835638304665338,-0.309770466440061,-0.15967157399097315,-0.37060462640757963,-0.36960851769412384,-0.4699301478643058,-0.08914756493889638,-0.41645428205668006,0.8570756202629771,0.00015649052563550188,0.00014179296688538378,0.0008237412163372046,7.231441215645325e-07
-0.4563375084500304,-0.41338201965801213,-0.45442675481688843,-0.3200680908379141,-0.10529134786238781,-0.3918931602544561,-0.1929557161904653,-0.417828028887657,0.9591876985087708,0.000468911335466529,0.00014465284762926517,0.0007482330548767587,8.006549912664659e-07
-0.07031617684732344,-0.40193134007100423,-0.23035413392346943,-0.4102189729274554,-0.2697889266177864,-0.47503266200290845,-0.09895796546012985,-0.5055575086310992,0.8836898694407803,0.0001981966211335524,4.6920998993341356e-05,0.00037390441339666953,1.8128799113279758e-07
-0.3858444032641448,0.01728568551787646,-0.20698048588693613,-0.03348120289098144,-0.3050135195625334,-0.31533419196783036,-0.11431170772275548,-0.5011226882392422,0.9572291726966081,0.0006791623761991508,0.0001807225609971056,0.00098314589908134,1.460498036178286e-06
-0.34681328663207023,-0.4794859920977161,-0.23888839317561783,-0.13104210793261434,-0.1870736750953207,-0.27493868542875965,-0.060937086047217294,-0.5417403000894481,0.8216552219404979,0.001241401366661171,0.000925684506995937,8.509602636548255e-05,2.4052104933437286e-06
-0.3986232701556148,-0.11704006841165288,-0.13604489339449505,-0.2867952311501293,-0.41640078498246424,-0.08572057337942018,-0.13921158391716273,-0.491082369088983,0.7907359571346201,0.0004960912772406727,0.0003256722496677301,0.0002443380896719368,4.118700716224538e-07
-0.030093686030041256,-0.16058533862107233,-0.2540566913139273,-0.03155032398840524,-0.34220933281266086,-0.24596431311062728,-0.020674386561366966,-0.36013523710732953,0.8599766340831589,7.454507311509433e-05,0.0005622575683114355,0.00014491618587055715,3.426912419764933e-07
0.019874523759391582,-0.40276920855732024,-0.14262747312514862,-0.25881688197678265,-0.09716516500895628,0.017594574546294428,-0.0999275900326877,-0.490142307973817,0.7837653297879051,0.0005143672203648508,2.2120996952793796e-05,5.2662699265517206e-05,2.678363357859787e-07
-0.19684306974620974,-0.11693301465383932,-0.30200764542818903,-0.366964985195109,-0.17298861765920587,-0.39810532535501464,-0.18050930712213553,-0.4326701773193935,0.9893777246958535,0.0015602988521335977,0.006172336849503351,0.013931214330009102,0.00023461100740035737
-0.1371916151827794,-0.2630232843382985,-0.4748456893335987,-0.3445204155877538,-0.022556964811428215,-0.02588357615164738,-0.162168081240389,-0.5176453237134406,0.8808789882087492,0.0004038346210320759,3.822061897046243e-05,0.00014082825480705386,1.843758142106061e-07
-0.12135652553326437,0.013744555220355115,-0.1433368146257903,-0.029746255765857932,-0.28920650497716416,-0.007827285219218771,-0.01584433455802419,-0.3409924216122449,0.7821193033982993,0.000559288062980049,0.00018053464910286013,0.00023722915128177548,4.0167356713653974e-07
-0.19189532747036953,-0.3037378368057694,-0.14449186771048222,-0.484810623440786,-0.12998237932717688,-0.22172652533452164,-0.22080824022801956,-0.5493157636670328,0.7545737885859631,0.001985503711768118,0.001272425675734507,0.000695148551254604,6.044523598024763e-06
0.015394811975262046,-0.03544746057994841,-0.4578462366950079,-0.46031936283642444,-0.06271093757227902,-0.08753359516389031,-0.23777995143202968,-0.5055093750714493,0.873937733919772,0.0006636024376963877,0.00017427520247806298,0.0017443151398316664,3.5133753485613224e-06
-0.4703714967458515,-0.4637489493747091,-0.08027654326061195,-0.3365486488627971,-0.31200338985756915,-0.29677967573878095,-0.19465774132723856,-0.5610051865471567,0.8209893203084307,0.0009305372344460763,0.0011050702778030407,3.219028900878411e-05,2.08811607828071e-06
-0.4895708100988805,-0.21586434532833376,-0.4395151458767371,-0.16427918128869934,-0.4498558669009833,-0.00243613367074369,-0.1954776613643529,-0.4944533500091436,0.9593649502643948,0.0002837491293702133,0.0004568742924567374,0.0002950521388052068,3.7630345213972537e-07
-0.06074151076072598,-0.11733211973079655,-0.48496517242773873,-0.25054315828143536,-0.37996425875552686,-0.30211132795779416,-0.09514066908465052,-0.5488987904670994,1.0044770389303392,0.0004685100719982581,0.0005419658762407408,0.0006419475233817804,9.253253213492087e-07
-0.2103129186940612,-0.12251582010130052,-0.19625963198447993,-0.41096516982493475,-0.4073219943224275,-0.20425735284625907,-0.10377447758929138,-0.3155787973573955,0.8040043436659788,0.007685167472242639,0.0003901007024012286,0.0018505392629512508,6.263847319815441e-05
-0.3628079009944323,-0.17266733996233646,-0.40869121318234125,-0.0627164531693829,-0.24238601857956177,-0.2206147741788949,-0.17750834854386438,-0.5792597696442527,1.01378034436765,0.0014538636111860025,0.0015483597066850373,0.0021929352333985167,9.320102119097187e-06
-0.1214566963944172,-0.1839750048782801,-0.0661316261569388,-0.3911151335116005,-0.08255040240896316,-0.09118213641964301,-0.20356039540040405,-0.41023387041163606,0.6361103210701288,0.0027832023350707873,4.0195447117593225e-05,0.0017962054949239986,1.0974185091907635e-05
-0.3916858040940719,-0.4689100913639263,-0.43396531544904055,-0.26708472330868605,-0.21241094589557274,-0.37954328442846774,-0.06069345052759967,-0.42705866715623503,0.8697947583889978,0.00022321825739528108,6.219112044892716e-05,0.00014905699611593803,7.591211398838564e-08
-0.2504028511333593,-0.27933011750936154,-0.16181932507163443,-0.08043499119914088,-0.4397662869946505,0.017653419156659078,-0.07968282665411036,-0.3911381214229845,0.7159405697967521,0.004696491775146151,0.005483512800548492,0.00017386474907837545,5.215617657876669e-05
-0.37743722173696687,-0.10495552726844876,-0.017510499912522404,-0.29923549928532045,-0.09142679926910757,-0.13486557565058332,-0.2806877627519281,-0.6665315478297043,0.7919176897649796,0.0006488008892994194,0.0012368191743727863,0.0007470918325083255,2.5088104702525455e-06
-0.3392642113245977,-0.4657516900442293,-0.21392220921425803,-0.4114386957662032,-0.1078321005904529,-0.4369993172844806,-0.10277269015314183,-0.514745233820258,0.7814578472648847,0.0001418281666407652,0.0019071094987100072,0.0013892383362996473,5.587165023967229e-06
-0.1876947692590486,-0.2254221662080701,-0.46364305509518466,-0.13684163332836824,-0.03028724071847194,-0.40371980937003243,-0.0811704468243938,-0.5848453059363458,1.0182425213860204,0.003046605860358214,0.00048253886663609185,0.003921194424327442,2.489041673956008e-05
-0.3030528347589817,-0.35705376454612037,-0.34817050740931554,-0.16947215131709553,-0.38366487873962274,-0.2292259606711693,-0.0030737630552282345,-0.3818945073752816,0.8162012197539392,0.00014279911878355847,0.0004859398383595167,0.0007111773666647553,7.623023616864496e-07
-0.08973840611045053,-0.47596045807223536,-0.2694399571038058,-0.18954508310985163,-0.11192225060296468,-0.31249451015338936,-0.11823808707890571,-0.5329323909995374,0.9224180386899857,0.0007792945413752598,0.0003473492643244487,0.0025391475058232295,7.175221549972342e-06
-0.006052762311761883,-0.4255553938803536,-0.13671479283179583,-0.4010133860139186,-0.3785065265742355,-0.47393746921864244,-0.0919095374462887,-0.5030809825104361,0.8615236609870685,5.527663822552314e-05,0.000569602615161785,5.16119581516721e-05,3.3016644015690973e-07
-0.0807539040685204,-0.4368493826099188,-0.3305230640160406,-0.4658450997482894,-0.4605483228601165,-0.21396333979978782,0.013981744554176969,-0.5849935029193669,0.8332121099417179,0.001133326212399194,0.0020456168551294053,0.0005666920927825756,5.790116549722918e-06
-0.3364077794749263,-0.26659905641304427,-0.20224838536906575,-0.4720033321692486,-0.3720182248470615,-0.01323570024313303,-0.24056983938330714,-0.4957833913614015,0.7254819875202148,0.0014774577827137583,0.0010428120397292394,0.00021765313991006972,3.3177113392184246e-06
-0.13593551908424506,-0.07237954507755368,-0.2913632632184916,-0.45947274894933754,-0.3335214746282612,-0.1056495994379304,-0.08542232554384221,-0.4185224212286593,0.8391053636425976,0.000996517135382168,1.5652345025296482e-05,9.930711434875733e-05,1.0031532999753505e-06
-0.4313743052232535,-0.18713762096485803,-0.284452996513668,-0.35886647244443914,-0.3036288144255407,-0.03325682967401106,-0.248531121961716,-0.5652382591470604,0.9300725864715423,0.00022558874276926903,0.00022981947410871678,0.0003916665696707389,2.571099733414704e-07
-0.21990583480747267,-0.09418824965582306,-0.3971195002225831,-0.09982758290228766,-0.39373259631689,-0.11368082531864038,-0.03498562700628474,-0.5360511588428434,0.9610302488724253,0.00013029838352256515,0.0004126346303753003,0.00028785998526905987,2.701083780526575e-07
-0.17587573879963114,-0.4702406944882683,-0.011323937087834524,-0.022562105513103337,-0.27795879605027357,-0.4347443217613483,-0.02793052227976569,-0.5625708887664923,0.8949642489639081,0.00037096045408194873,0.0004403077956755576,0.0021763808979818737,5.068116426525742e-06
-0.31224881155592354,-0.2888249632470409,-0.3741731046548964,-0.31229197404101106,-0.07841955993516347,-0.18980616475402573,-0.23413362128690574,-0.39279015684031193,0.9186996200609787,0.00392936750784525,0.0005732480220816679,0.011381144650581649,0.00014529899586399376
-0.21383600553613485,-0.33769472418818025,-0.11446468106734142,-0.4291771273895645,-0.4011834906758055,-0.22581719960132768,-0.04444947695750272,-0.4994256289551811,0.8018073790298603,0.00014189209705249168,2.915483386518339e-05,0.0002822170200591517,1.0062981795472775e-07
-0.27672957700124373,-0.10571572447449129,-0.038988765919070134,-0.2640563435607609,-0.4743408368005264,-0.481331530364979,-0.18347144759783557,-0.3832686244185692,0.8702731766894696,3.829983981181079e-05,0.00011549411969207181,0.0002476841510489282,7.61532080938853e-08
-0.03455967718677089,-0.26627940214186857,-0.40264229189268097,-0.3494092278537464,-0.37147109416841145,-0.22201509853546703,-0.07678980236983866,-0.4937613543678877,0.9083175682813848,0.00020456199395345277,0.0006041129961425531,0.0013274292352833477,2.168866496163478e-06
-0.37630307685558595,-0.11040994868295567,0.004891649662870701,-0.11973479186491492,-0.04345747464936889,-0.13293624536955495,-0.26755663693438964,-0.5344675127382537,0.8570799818048535,0.006788246322791575,0.013438112224495447,0.006001565561711462,0.0002626819374885484
-0.43665571031230044,0.018554236343393815,-0.0652104029787971,-0.014530946200845385,-0.01796603994921142,-0.33900570064719865,-0.2633243471257767,-0.6181826849422656,0.9570302038563268,7.1532160104621e-05,0.00027193304657206443,0.0001621237216735446,1.0534853287647867e-07
-0.13260018904136284,-0.08507997750068053,-0.12290532620594435,0.015233527740863395,-0.43133987074143754,-0.37473636456365017,-0.03362791274223474,-0.22111573387891068,0.7998076078965826,0.0002832550855183319,0.0008508456561081511,0.00031637456878459897,9.042646417637482e-07
-0.4873807811948001,-0.3345311505118259,-0.17971232113412988,-0.3193607466316738,-0.15529487744370268,-0.2822375076297232,-0.2340057192675475,-0.6621765541021074,0.816960876714828,0.0004440466476306639,5.456482986550145e-05,0.000927064013634779,1.059602431306908e-06
-0.44088755370925065,-0.13069422189651558,-0.3748362586631435,-0.342762721629995,-0.2490598534415362,-0.13723575928415094,-0.2185942146081786,-0.5715158608021571,0.9668673944118455,0.00017819354539795886,9.217535572133623e-05,0.00026677146142758387,1.1141624845605818e-07
-0.10372007757738716,-0.26383324808111497,-0.3901485392008485,-0.0250819719256975,-0.053784353576721455,-0.3078533012938144,-0.017178897836983106,-0.6122081120326385,0.9678531674750509,0.0003052465376507967,0.0004045177993321064,0.0012887421800203533,1.9176665052879016e-06
-0.4105097562116088,-0.05869916930465591,-0.12165882194137068,-0.08012540668172663,-0.24334390263544364,-0.05636586036488639,-0.1456838220253057,-0.514539618868798,0.8204746502516482,0.00011013980310827557,3.78991669083248e-05,4.400676091563377e-05,1.5503718087360527e-08
-0.4622570149447448,-0.06866191884375178,-0.4132543359238558,0.004659309912666831,-0.33546148735828507,0.019418077108956933,-0.14129090609800427,-0.4550752402485896,0.9275974512963785,0.0013051537720106658,0.003936640705223524,0.0017563310191264438,2.028526505936216e-05
-0.15819977981225786,0.004136249124087166,-0.2806714953329503,-0.24280306428263487,-0.1163726794214841,-0.10698748220048643,-0.17899445361629268,-0.42812312003021286,0.8454059034364032,0.0010680633255071644,0.0002846451847911686,0.0002522308846825911,1.285402567705984e-06
-0.4669642056685608,-0.29596577745740227,-0.10572640223012086,-0.15332480578696894,-0.2991199124946442,-0.29626269845577974,-0.15143281761606056,-0.58181525313653,0.8990622919974798,0.000787775969128508,0.001238080327060809,0.0007116657827589942,2.6599020601413325e-06
0.015788348904639538,-0.466010684908806,-0.39722406412827543,-0.19116988216191172,-0.36713885055409057,0.003995482769452496,0.00792984869543568,-0.43522908647377684,0.8048968633887661,0.00011403444780180753,0.00033420326061906223,0.00047475613460627204,3.5008906204016484e-07
-0.039604745509455974,-0.0719314394433686,-0.39912719610266817,-0.43785400647151024,-0.1758998359908039,-0.39231769225651325,-0.13188202431473192,-0.48290209468580547,1.0029884979909214,0.0024932312660589113,0.0002333482340765687,0.0023256009922676133,1.1679073519636484e-05
-0.1746597083270442,-0.43312308454262777,-0.027297234349322463,-0.15937407990601277,-0.054265785190364846,-0.36908434762242315,-0.16065768756459978,-0.49571517453482933,0.9503932381430381,0.004290472902293081,0.0007569918910009672,0.0024805492786783173,2.5134319172303967e-05
-0.14192344972634424,-0.21029127326997143,-0.3342045984677402,-0.23242308422833213,-0.31914845876468567,-0.45580258981881694,-0.06868569787208006,-0.4420309943969881,0.97530870384552,0.0006979207720360866,0.0002386352508029347,0.0008220815651192244,1.2198582866741002e-06
-0.06224804243467125,-0.14102696097063688,-0.21865604866530558,-0.09634956406921635,-0.35241262566430054,-0.21850519767361992,-0.004402828584830426,-0.3319927108935392,0.8199593170043011,5.668022965575778e-05,0.0002847089507906621,0.0002490538289802383,1.4629964482386685e-07
-0.4901745804631506,-0.43425773167090087,-0.1965297550256489,-0.035755556124037136,-0.2949282498325856,-0.4461725869785806,0.037516833357911464,-0.4606031292338404,0.9549258277717829,5.1707488080103465e-05,6.176377235320012e-05,0.000739564089133712,5.534434698350289e-07
-0.46243985029734813,-0.3418631306884346,-0.07944014528698862,-0.17334160495096723,-0.09590733217006081,-0.17274850527229885,-0.2687895556444795,-0.5949118688490569,0.7787264426820516,0.008059726071034617,0.0166765068865321,0.006016046874124521,0.00037925788626833105
-0.37045626698234835,-0.34990386972309767,-0.38271782234043833,-0.4438955791532418,-0.43675232256202806,-0.33285051560427176,-0.15092887024790438,-0.366575876458058,0.899230562338188,0.0004560370848675035,9.715628502880814e-05,0.0007229436754078818,7.400567243073069e-07
-0.09925143158390026,-0.36425566928074365,-0.23179014645292012,-0.4018831422893172,-0.2175914927026394,-0.0040424679252533124,-0.023888174646956497,-0.537806303762562,0.7848437152124446,0.00037168117514007313,5.435500449028677e-05,0.000977189670875572,1.0960010153325535e-06
-0.3449926478734897,-0.4009842777649403,-0.08818496696750006,-0.29715610314667135,-0.047233114355218264,-0.10396637790100971,-0.16046095381861847,-0.5006669313100155,0.6914842692194348,0.0010224734813352114,0.00038068588527942287,0.0004186488278933372,1.3656406043811905e-06
-0.2718561824771394,-0.3271964824937964,-0.09684194862451428,-0.11533229869976136,-0.06283320464300934,-0.3159319495444308,-0.13097758818488503,-0.4725943503643858,0.9194227631460657,0.0072099601436579255,0.0004000906168755046,0.007143729852426123,0.00010317647397929176
-0.2858464583235017,-0.046061926693011956,-0.19908378947922567,-0.09359574697066009,-0.2965458462313249,-0.017917931751444238,-0.10679510952285318,-0.42822238588552053,0.8637627208058037,0.0020622638529061836,0.0011629627468098549,0.001026977914887785,6.660098187138241e-06
-0.47480725578306465,-0.04968034226490903,-0.3074651608730179,-0.48825801415544456,-0.011720170708229227,-0.09754191339797924,-0.2749914982176119,-0.6006822600770109,0.9701471606821535,0.00042166931059335085,0.0001327773577510877,9.965624973583967e-05,2.0536620233904419e-07
-0.10327943906839182,-0.09089144014853334,0.0194100145042565,-0.06816092243539096,-0.18151629272342695,-0.2710529491715472,-0.06344636924216707,-0.20904469569084788,1.053506949569244,0.00020786868011035006,0.000331177030299095,0.0002480922909954795,2.1443739841993243e-07
0.011816230906661063,-0.11841274515916456,-0.20219026922875838,-0.18794847496495326,-0.27244832417372056,-0.14426424437245888,0.0008015092484475417,-0.36179247173142187,0.7903271942775145,0.0003505373534354416,4.65073458492803e-05,1.546739504830258e-05,1.2527860968104853e-07
-0.3862884612468941,-0.48291624465563177,-0.14818888385068846,-0.09881194563130391,-0.4397756403291723,-0.13018051769478384,-0.06065452463358691,-0.4726425710295299,0.7441611386008747,0.00020999351730559556,0.0012876370679257667,0.00046071976551957704,1.9143691983472557e-06
-0.04136857126191762,-0.32135144778525315,-0.189653510337775,-0.10729787508535105,-0.022742977713976875,-0.1455413446032232,-0.11392633797082886,-0.46576449586391405,0.8446493394443041,0.004960798013787126,0.002526417643798447,0.001342848590940758,3.279554538268195e-05
-0.36242745916568386,-0.03590845100665063,0.01323580024015314,-0.4379990128332048,-0.32436478463974683,-0.18913649929682003,-0.22879073751171133,-0.4858927328165891,0.7927130551068374,9.805435649687326e-05,2.7639652122750434e-05,8.747352820338134e-05,1.803022533383033e-08
-0.4572564668876368,-0.19340489880077472,-0.07770553689641846,-0.12768335359795646,-0.39378793387147004,-0.388109004912792,-0.18313840481587415,-0.5203378784810512,0.9095965369390178,0.0005846397726768196,0.0005480470611163405,0.0004991362733665556,8.912962643841139e-07
-0.1229969703611718,-0.4386354423879944,-0.28208107224290146,-0.06923491030730755,-0.47047947859248745,-0.06003395241502735,0.026648623260245585,-0.5153649403142936,0.7225690175863978,3.5457860627315076e-05,3.7794633448286816e-05,0.00012867413065215845,1.9242726096845202e-08
-0.17127028834831898,-0.45505259397175635,-0.42257539477370887,-0.32951678011155494,-0.29766442927190473,-0.41379812409001465,-0.006217041898998637,-0.4650365406833986,0.8575880976957926,0.00011777006900426281,0.0006783590371477097,0.0006456209610079222,8.908671977260298e-07
-0.0032787502892350773,-0.39709330068694415,-0.028178752179709388,-0.4139010328813066,-0.0534204553927346,-0.3636438920063746,-0.21199837276553277,-0.49813390924760675,0.8316655429574743,0.0013443280953719875,0.00034489552297645577,2.4624276879099126e-05,1.926777304787497e-06
-0.4144634082341931,-0.39198284062730204,-0.17421881593954036,-0.31852776298742197,-0.16924650582950135,-0.34023627514241295,-0.24344445091027608,-0.5918960833628673,0.7507987490802699,0.0014786958502337477,0.000255592504117197,0.001083884169865788,3.4266738393450535e-06
-0.020556538827995685,-0.07576229606873403,-0.14220485791068088,-0.17519677502050468,-0.13685468807438378,-0.3322376353170897,-0.2908596939970035,-0.3476719427454719,1.2390277350319248,0.0018105273376283378,0.04667247190414135,0.027737488634774505,0.0029509659186474075
-0.3706270707962461,-0.21959889232901797,-0.1909360120061777,-0.4135148663177217,-0.028606962361140797,-0.22603224825901463,-0.3540717180125654,-0.6751341748935112,0.7590056858822027,0.0010497995169235857,0.001063249617496833,0.0013879072345537587,4.158865266566816e-06
-0.05543071255449178,-0.17766850487897157,-0.4760917521866296,-0.23257153729672342,-0.3865968961250054,-0.3609642404376196,-0.09300743536023791,-0.5518968131261158,1.0076609921945816,0.00023134377414419196,0.00019195525989397003,0.00016146226332712984,1.1643682611495992e-07
-0.040015988297256666,-0.03795059453786037,-0.1601685877462699,-0.1182704613222878,-0.4255531163972505,-0.13385968200061837,0.007869969667595539,-0.298311555875016,0.7765235624385339,4.13132586913447e-05,0.0004442842363929736,0.00025021735047550236,2.61703990529966e-07
-0.1784584557238597,-0.13296554930836435,-0.377627142003824,-0.442882155568464,-0.12614300470766776,-0.3614049074572817,-0.17924107932293323,-0.4790125677683929,0.9907426528399308,0.001402699248904562,0.0019185438028835975,0.004573131530647783,2.6561907503065413e-05
-0.000275370828169863,-0.24918293153826965,0.01676747448097682,-0.12151456501935898,-0.4728330207231727,-0.012453104328580544,0.010226504401605224,-0.3855453131676421,0.733809742647898,5.4244119422874467e-05,0.0009004337353868429,0.00014844455127628348,8.357591211182827e-07
-0.17176336626466882,-0.11447612442422139,-0.2114587526280668,-0.4963175257976687,-0.15262771044667567,-0.22549231472123915,-0.3062308282008536,-0.3876809416418711,0.8301998365225723,0.0007600127347912184,0.0007610315975436236,0.0003299771110199327,1.2656733433016875e-06
-0.026770312051750178,-0.2812566255018771,-0.4881130192915158,-0.06814890420812325,-0.14733648966828122,-0.16896663480400598,-0.10054565030532941,-0.6639926341619667,0.9540655235771276,0.002132395107441368,0.0038544251248885685,0.0019205564958376838,2.309223919131646e-05
-0.14105562925226212,-0.0020127012129736443,-0.24465478363671567,-0.4864726095908134,-0.22283355704107205,-0.36333338029955026,-0.142614574606352,-0.33153620801892436,0.9661893405645159,0.009929973611213533,0.0019323695262985624,0.007311685197878498,0.00015579916833843998
-0.23930844873991203,-0.017545380484806472,-0.11757189756480946,-0.43236589994249747,-0.13769293475692973,-0.05533270208837965,-0.31111221832682934,-0.43614287031541554,0.7809094153542783,0.00042806675195875845,0.000241198246777261,0.00010798228861364283,2.5307791303518574e-07
-0.48956184161227234,-0.16133762610205393,-0.4748688760334047,-0.19957360753413766,-0.3694728517585211,-0.09413792456549819,-0.19485039732483925,-0.5004063741367148,0.9717362705202693,8.729967857514604e-05,0.0009271782187501598,0.00010799652463182658,8.789439325365958e-07
-0.2959140529164419,-0.22375592343301487,-0.34382677639715975,-0.19456848603066185,-0.34742626525589293,-0.39934735905197755,-0.17757035363773496,-0.42248347488868515,1.0487519770061018,0.0008615239269377215,0.0007564591402849733,0.0009610845668163893,2.2381374521795194e-06
-0.3010018179908748,-0.40489903252060966,-0.35371957088661266,-0.416467479603466,-0.2137135028331446,-0.38284870446101854,-0.007044311554219528,-0.46745897588792046,0.8389445587793227,5.1835000920810805e-05,0.00036586014268080583,0.00020641404278456447,1.7914726838154803e-07
-0.3796293169454103,-0.43475882659764264,-0.3889323850872315,-0.3751203180354937,0.012069768440926776,-0.15572217479624162,-0.19923956639646861,-0.41648092615750887,0.7938455681038366,0.0008594640936824005,0.000526215727092364,0.00039997745670022504,1.1755634856370361e-06
-0.49049705819379824,-0.24018826150119915,-0.05168357937730422,-0.11158367222457521,-0.4545280300109774,-0.093986501970521,-0.09839463799973176,-0.5125918849596744,0.8380568537614894,0.0003688597027167278,0.00019049369751178023,0.0005149395997799718,4.375081205015401e-07
-0.08400805116903493,-0.35040325709351827,-0.06716006790522389,-0.3059877112474684,-0.44206780406615953,-0.2318787237230393,-0.02480655925098448,-0.47678030739948524,0.7965181861698821,0.00012314413731013532,0.00017798077180218106,2.7035303585586525e-05,4.757254132512234e-08
-0.2449891531551453,-0.22732962820335623,-0.2933114500714318,-0.4296748025157486,-0.36703934198882704,-0.019024780670637065,-0.10519225637906647,-0.34353910346502,0.8750893194400184,0.00037703811692128185,0.00018835879740946194,0.00017600588692746975,2.086148504062101e-07
-0.09095045966773407,-0.30467846413059374,-0.3904341173018551,-0.4206774506366803,-0.2845912903440486,-0.478158296575557,-0.09107169976902425,-0.5343714830541726,0.9696645815743137,0.00014754706894702725,0.00013245760718836626,0.00036344652096481357,1.7140852885835302e-07
-0.10037203826305258,-0.04237764299732971,-0.3621002623333677,-0.07815302220012921,-0.10882313877170474,-0.24062455283224804,-0.10987428604088403,-0.5730709632075113,1.0722612144997894,0.0013736075822557304,0.007326092236813854,0.001420476359712861,5.7576178340837736e-05
-0.03387919779970938,-0.24663137752031733,-0.24844242226016444,-0.2554215571348113,-0.014084642268573422,-0.3975673815851352,-0.2257893809496831,-0.47913502598127966,0.9974611133798075,0.0004337111450303004,0.0005616220919643798,0.0018648072270872386,3.981030725702736e-06
-0.20813223372978845,-0.4442378761039946,-0.22806545380510512,-0.43942503554300516,-0.44140966594272035,-0.42151306697404967,-0.09834183554585613,-0.5390260657584347,0.8861073408168012,4.935820347550933e-05,0.0002915980923782996,9.734146760747664e-05,9.694104104497056e-08
-0.4303743022731679,-0.3016963156562199,-0.1919825695912042,-0.3514720966143583,-0.48063005679035475,-0.3936969572396801,-0.17276936945781163,-0.5841633908497458,0.8797333429609567,0.0029388172821467476,0.0030426023642748153,0.0019449733866437366,2.1676997639687492e-05
-0.23345136210444095,-0.10564419715248341,-0.024082828701096237,-0.20339947833615502,-0.17954394849027466,-0.33726062426914555,-0.33859190676554807,-0.3712800817166034,0.9107275984738978,0.006251198947117071,0.0030895995833716164,0.0071191066225071,9.930479296463212e-05
-0.21256235503657378,-0.32381850037363125,-0.18860638849692063,-0.49979705309740546,-0.17571203044672412,-0.27514223411565486,-0.17416899831354768,-0.5022887109427521,0.7728344921766159,0.00036643259905302326,0.00014083010399683184,5.8468859905435665e-05,1.5752457541915356e-07
-0.0028854420066108943,-0.07593873008379942,-0.2608517553881879,-0.37134356755010967,-0.02508179169960406,-0.01206993258864314,-0.21607808842294987,-0.41707595401197606,0.8201742331281484,8.601794179060165e-05,9.848053135269518e-05,0.00015096650169481562,3.9888385999371273e-08
-0.03132963009890971,-0.013772177634688687,-0.4587425263779247,-0.0945418864532877,-0.25403572569541827,-0.3008938041579462,-0.0666534325666057,-0.6425237846722046,1.0375412716018402,0.0001343905376361413,0.0006571632468619471,0.00048268413538833145,6.829083241878486e-07
-0.13271053972595093,-0.35842551566128067,-0.3828197312044023,-0.4040952002838115,-0.29173844809822913,-0.021756367580113845,-0.04410150365455978,-0.5447304749991341,0.9300825125223626,0.0002155965470493377,3.2538873189401345e-05,0.0005610103710920972,3.62273285840926e-07
-0.08027552194280052,-0.27112199674663173,-0.11333404518174434,-0.1288144310132453,-0.485936136689955,-0.12441125027954031,0.004372919172879017,-0.4233893400564503,0.7479709511416323,8.777964570794783e-05,0.00033100469000794193,6.723485189548883e-05,1.2178989631727485e-07
-0.37820974410754327,-0.16210231843540918,-0.34908690483488525,-0.17639646981245521,0.017632580838103484,-0.37820380689228367,-0.2755566145977699,-0.7516433956973189,0.9316005056132857,0.0016186145519604908,0.00048716063859601753,0.000468554100903,3.0767815010885578e-06
-0.24713647554758694,-0.10511635730477314,-0.3127186221916427,-0.1349634622148575,-0.03116308083067898,-0.2193478954679281,-0.2308318363000243,-0.5846789855823048,1.1077772728969573,0.016977049896179368,0.027452433238770634,0.0022227829770827827,0.0010467970780697318
-0.054011246516750655,-0.04849148163765815,-0.17805258989012684,-0.08446957578458486,-0.4381316664592593,-0.3335437827484561,0.007959602489320613,-0.2989852816957154,0.7765394845828759,2.5315578323198836e-05,0.0004240322946684664,0.0001623485833718263,2.0680132795048203e-07
-0.0761356494225725,-0.280900035830865,-0.11403118545997226,-0.2560502642338113,-0.15905916573922957,-0.19939491211173327,-0.10786590695103251,-0.4445381947785103,0.7378079109192707,0.0009877077027216662,0.0004476039830780021,0.0001840864457074359,1.2098036511762005e-06
-0.47748818805266846,-0.3474192252117075,-0.41750491284626967,-0.20245923415016154,-0.24478414602106374,-0.24517669907361117,-0.24496961088312325,-0.4393969547873503,0.9170915562260232,0.0033820613258859363,0.002064157704888206,0.005593777852233028,4.698943650283543e-05
-0.4439586243932788,-0.19577676122290222,-0.40457736767856095,-0.001131035403011682,-0.09463557659380772,-0.1523075465632736,-0.2834454284088956,-0.6140545640697809,1.0371470979637416,0.0017274685087884133,0.011109327136757368,0.0008591292496459942,0.00012713939994794658
-0.0852165690111969,-0.04514543649357844,-0.25959944650453814,-0.382402343683363,-0.4797443799803855,-0.34366522214097606,-0.10424735076210931,-0.345499556305435,0.9660775464121758,0.00046363637375080257,0.000574748918207094,0.00057990493177834,8.815847359458602e-07
-0.39543118989683435,-0.49215566018699514,-0.23231144668228332,-0.4449832181010004,-0.1623303850384804,-0.0054272082259167465,-0.1172993826183747,-0.44401481577235774,0.7303768412185561,5.833634260768657e-05,0.00015391602111295577,9.500328431662718e-05,3.611889445503113e-08
0.007922237559645828,-0.3861608465847631,0.017114943998461363,-0.029684713757996306,-0.21678745002368383,-0.38002676824070636,-0.0468801229309409,-0.49640668274882016,0.94800309894144,4.228990976313873e-05,0.00010622710032309134,0.001530677676749986,2.3560467834115606e-06
-0.14349948534683526,-0.257285337993596,-0.3557174726513156,-0.058038475474095685,-0.25746934522571885,-0.09637600995734419,-0.02123278136897344,-0.3617814992875107,0.8889656760745603,0.00030172723507827565,0.0005428542344051913,0.0011054993432669082,1.607858842163193e-06
-0.01008663039067409,-0.38186068897434133,-0.37347715364349265,-0.05361710558176774,-0.035153210592189066,-0.13349277351650785,-0.03146883799640336,-0.4465450785555411,0.912816686162552,0.00046288361013092157,0.0005796083033127624,0.0011405529237952822,1.8510679937749013e-06
0.007175945777415871,-0.4943838516763976,-0.1552018456289242,-0.4839863835833321,-0.2213861012107169,-0.396936705612566,-0.08552507412722245,-0.5441415426752768,0.8648658208397753,0.00012666808899314193,7.345064182535545e-05,2.1433681152088166e-05,2.189920424146057e-08
-0.042006950431175416,-0.008766184916195519,-0.46043235798869125,-0.3300277457486243,-0.353521109966239,-0.12229297427270908,-0.05960285225667998,-0.5151389309463945,0.938888243458301,9.804565942426548e-05,3.7607808640842324e-05,0.00021523060244731272,5.7351510832538446e-08
-0.1076791408304481,-0.42077172565904036,-0.019357507039231225,-0.41624301109008177,-0.4673652989714181,-0.2373001927581393,-0.0654069800706807,-0.49522699408473325,0.7719635384959029,0.0007401223092777026,2.595723093392817e-05,1.1846437564749987e-05,5.485951486112925e-07
-0.15682365077303045,-0.4630046188997913,-0.4703974831879335,-0.4110893505275033,-0.1179637843041959,-0.1661072916513105,-0.03176045929826177,-0.5287035929787335,0.9469338031024334,0.0003520010285054245,0.0019141607429640488,0.0011848083128024878,5.191686812059434e-06
-0.06306248369382383,-0.3610475522396678,-0.4777868433605297,-0.4284281720003861,-0.23420872588990377,-0.3880322519954568,-0.08305289146362717,-0.6115758296948315,0.9752223288589772,0.00047798143431177593,0.00023777153762456462,0.0006095796740515215,6.565889346678515e-07
-0.14145099988378396,-0.07972134376660905,0.01809506567248187,-0.20888355676817322,-0.3360182421310667,-0.4722439881602636,-0.09878277726382681,-0.18167823710142095,0.8748544862146486,0.005612321239740482,0.001428598952034603,0.011336401327313513,0.0001620530397177121
0.002156319971823639,-0.3715793915789127,-0.4086779615780884,-0.4845229249965302,-0.2287953933345469,-0.4264218793064755,-0.05181764432595332,-0.5383718948238875,0.9873059702935811,0.0006782007459085692,0.00020964068719334867,0.0006326490738412684,9.041503201100539e-07
-0.4477741897300834,-0.2766010142612521,-0.2902145452781517,-0.02557336991170628,-0.45935329019838506,-0.3261049704225325,-0.20264834244338528,-0.5346628203197631,0.8715490753776945,0.00014648135862174253,0.00015158111915063326,2.5197144233632107e-05,4.506852018416048e-08
-0.20245502359363343,-0.2025959328692311,-0.18669998200085353,-0.13341147013075927,-0.00039060447003119725,-0.4219342805100876,-0.27937491033059964,-0.5422677719649687,1.0796088198551221,0.0015171297316190437,0.0016182090009170087,0.00041446628090465256,5.092065291218227e-06
-0.452550894579607,-0.3444704613325469,-0.04710747498389378,-0.4357676263074351,-0.22778233166364692,-0.3622385729010529,-0.23603756098714446,-0.5113905934744226,0.7769872587534415,0.000344123704574679,0.000830856753214934,0.001052736246998309,1.916997674157147e-06
-0.17921700839373111,-0.10055646284282005,-0.24296291272748327,-0.11745218048044259,-0.05066588993953336,-0.358821301904432,-0.3634002040850619,-0.6531318730047746,1.2262210867486019,0.012277297452322257,0.002809938530776637,0.006522532570431657,0.00020117121841188348
-0.27152702090453684,-0.19769043065534214,-0.34620718204061246,-0.19659142664512486,-0.15717785751584812,-0.0055750519669273135,-0.1746423109263135,-0.41200061472571325,0.9448305575186369,0.0005376063443424222,0.0008344500556568042,0.0006800346395592253,1.4477745878633116e-06
-0.1315107809767478,-0.2805947597539843,-0.45305699045969106,-0.4317058828363315,-0.04772968015970386,-0.020131683846096815,-0.14090709983421632,-0.5174511643324176,0.8705886291435174,0.00044064396815951296,5.435275514179981e-05,0.00010773670502105956,2.0872852627566112e-07
-0.03404414448385218,-0.38860434092357743,-0.2330881895199255,-0.2719351860291844,-0.18808888437392274,-0.3061720882794046,-0.12263680274536479,-0.5274300874890899,0.8511074571691019,0.0006585300371606549,0.0015205548115010273,0.001393232283212759,4.686844939607975e-06
0.003970110850403885,-0.2736303571144041,-0.05312543782516915,-0.34971920575613286,-0.49347181232993004,-0.17551384472704995,-0.009944977581854605,-0.41281869382382685,0.7436319717500645,4.781862378743083e-05,0.0005251756889960169,5.6301412093351734e-05,2.8126597409707033e-07
-0.17042899368134723,-0.33015260851775197,-0.4440771250812807,-0.3942870166891275,-0.34724722807863073,-0.1842146053816453,-0.05406858735367882,-0.5466466676307659,0.9537817716684394,0.0004877055348870879,0.0010980112451890176,0.0005894207546501233,1.7909022093333584e-06
-0.27517826937001383,-0.1117921546936319,-0.18990172386483456,-0.3126044367286237,-0.11579476945853157,0.002752792422276329,-0.2822486074148316,-0.44749399829144115,0.8496705318648115,0.000965697526462764,7.919214343149564e-05,0.0006246976672652461,1.3290902836842156e-06
-0.2168880667281538,-0.08397606133315694,-0.1374551552200205,0.0065537235042048,-0.41864542896569973,-0.274192045508291,-0.0953872791741111,-0.35741861413720066,0.8180954348962847,0.0005710803662413738,5.199538650548703e-05,0.0002650133442786809,3.990683775700073e-07
-0.027908792468737675,-0.28077993760145437,-0.20599119975307162,-0.36275636601767214,-0.34485881801136586,-0.19577280342615094,0.0008091696562617834,-0.453431499807211,0.7865781925284558,0.00015005129673854986,4.768230910284289e-05,0.00020876396319165704,6.837138658178692e-08
-0.4679615377837747,-0.29423324617331365,-0.4257042594427171,-0.17053724847864277,-0.33410040644889394,-0.061797421276472364,-0.1663579942168256,-0.4291220722293056,0.9156630951391637,0.0012616654122837906,0.00016352723285764322,0.00039868464571464875,1.777490215167919e-06
-0.36961706899224755,-0.4604895024033744,-0.1684163402147696,-0.3166521957252657,-0.31104570306974016,-0.3426622380907989,-0.0980078523112129,-0.5119930173436641,0.7601522732612338,0.0006788416847676301,0.00020781818451116372,0.0003733027983605219,6.433694100554668e-07
-0.25353957256725634,-0.07957511304710502,-0.40026091197965596,-0.09211942467896733,-0.4091768406818206,-0.49288448365621185,-0.14324142856075275,-0.5562438602333516,1.0286387730445532,3.4421472331446614e-05,0.0011672754840556625,9.033175568186348e-05,1.3718767195194145e-06
-0.22537395926669085,-0.2856402720348969,-0.38668356432521306,-0.006796184398233263,-0.20002631887314348,-0.054796065870971966,-0.01956759997275122,-0.363021538581923,0.8770161374427486,0.000983628920336605,0.0002760487922751717,0.0030301822856989547,1.022573347320288e-05
-0.1269782583760095,-0.12894649240926553,-0.22027195663771382,-0.3717360838122553,-0.2808411045012239,-0.22993513519779069,-0.12567199925513328,-0.33083067238922426,0.8187655121530258,0.0008324282965996688,0.00016901104814532868,0.0005091916504801356,9.80777740293693e-07
-0.449253120495542,-0.26757829903450997,0.002082875742839274,-0.1922580978913207,-0.011322058615130914,-0.4261672511969403,-0.24146730224190757,-0.5919003792565474,0.857791400855435,0.0003938642679627981,0.00020922925008595773,0.00022769746977328032,2.50752078410557e-07
-0.47272991144071874,-0.41414269660255226,-0.3731369894510009,-0.45101384719193516,0.016160183581783394,-0.28776929445948335,-0.27091998706103265,-0.48140226038355327,0.7908314812752762,4.37587652564228e-05,0.00027674896649236384,6.798830731061401e-05,8.312722992232074e-08
-0.05162223419933959,-0.21877729173389843,-0.0781121142287673,-0.3330038392485425,-0.3317848947310704,-0.15599221035991945,-0.013898136261399605,-0.3518454303831636,0.7193209963343429,0.000223753312898012,0.0006989734865642013,2.566135179164741e-05,5.392879849283261e-07
0.017396578099001747,-0.44578745681071397,-0.04417989907564834,-0.4553055201878359,-0.015717620183527403,-0.2735819825518007,-0.17967706055934304,-0.4763072945384293,0.799944599514584,0.0003680056823015644,4.396779208371751e-05,0.0004750384794901175,3.630229059432397e-07
-0.2750507010871953,-0.2746716831143775,-0.32134926185447876,-0.27853260773468425,-0.07122356335774016,-0.159165931121186,-0.2398328276376763,-0.3707315156102628,0.857261836166843,0.00011021458887964748,0.0006220997545727432,0.00012746533647843165,4.1540277224493686e-07
-0.45484702397550614,-0.3091788027200719,-0.023194244625472538,-0.10768569076060497,-0.06288459132032787,0.007928018878042509,-0.2449959648911438,-0.5835075097637766,0.7678896229197698,0.0004892930239334975,0.00016353623790247242,0.0010643855548133874,1.3990683736726829e-06
-0.003728549645551249,-0.23713271460562568,-0.12696188891831722,-0.38523616393268223,-0.24635425350582135,-0.11984083867002171,-0.07816049812279924,-0.39700145549647686,0.7208802699301798,0.0001677505927756911,0.00021343800153882922,5.925654480480673e-05,7.720737997968912e-08
-0.21218238305151982,-0.27923683687564216,-0.2612482928233816,-0.0006824327408258002,-0.21664421309976417,0.010465100001219696,0.022059656302148723,-0.38508264126181185,0.7245888204749966,4.319392557989006e-05,0.0002716041828564902,0.0001851213562761117,1.0990446390164998e-07
-0.4373291567316042,-0.19217851451099932,-0.11841267596412536,-0.46516549727167383,-0.39330238096329584,-0.44083488648952235,-0.19688795760142092,-0.5215299255801181,0.8898274690557876,0.00031015569188949025,0.0004287453963825869,1.8569553819259317e-05,2.803639964597564e-07
-0.44271785055748875,-0.3917013659362059,-0.38977625437077607,-0.4437411258159583,0.0027439765820469475,-0.09903449414251503,-0.25735435557974046,-0.42564358216882636,0.8092123284176613,0.0002512470004005259,3.487701079111149e-05,0.00013170268288562642,8.168705777125704e-08
-0.13349898500802576,-0.20412069079298445,-0.4490740431663758,-0.039585125762571394,-0.4746394454054795,-0.41523757310789344,-0.07937430807889395,-0.675465757143025,0.9829605695444019,0.0002859229460548251,0.00015904951276735587,0.00010816558822129332,1.1874847306746213e-07
-0.21462765331178735,-0.22375589904205023,0.01275226939940699,-0.30828714454880296,-0.09884255683059762,-0.4674384171649434,-0.2713088728252523,-0.43060099216668457,0.8490505641518511,0.0018955936733461042,0.0026960879015574374,0.003930799247426112,2.6313348070919852e-05
-0.48173470645728034,-0.015293659318185215,-0.04035155402254509,-0.03197052357488739,-0.42188894610811684,-0.2805554785942513,-0.1511162897322664,-0.5058276252280913,0.8952788497064895,0.00019673436131177594,0.00011668769854798012,0.0006886829651798363,5.266046544420682e-07
-0.16122236824724417,-0.16288370770162647,-0.2473341002795747,-0.14273886738245894,-0.4267798400945978,-0.2658841061724134,-0.012297055235672493,-0.31154683188690147,0.8570530308424372,0.0005071519592166182,0.001461296750225386,0.002492042538726319,8.602867316778045e-06
-0.47964979797810037,-0.2049281756356791,-0.2344372505282381,-0.024412847458709863,-0.4599090947321246,0.0024639395372824113,-0.15358627133874336,-0.5203006092388338,0.8319007022516278,0.00023133837131075326,5.0131120789463045e-05,0.0001328079114137568,7.3668512646404e-08
-0.007758423337116238,-0.06221412852354369,-0.06204348267848436,-0.4197924471416458,0.0031372649927281504,-0.22083690485830226,-0.4898871286445966,-0.6062979096019662,0.6358843680915608,0.011407331031581744,0.0047788551456770245,0.010899284078676942,0.0002717590511951523
-0.1713564361215551,-0.3483632690416261,-0.17338289636413867,-0.41834441481375184,-0.28439860553638496,-0.10443664012852566,-0.05927837411915616,-0.5166073972091698,0.7810574640843384,0.0007776377595456403,0.0005439491640436534,8.238757358368057e-05,9.073888904159588e-07
-0.14709737053869198,-0.0019940455804807744,-0.41777339119911494,-0.33906832801629705,-0.08173716853783569,-0.35686876966159586,-0.18429350186118792,-0.5600876098861904,1.054184557625968,0.001310168176855753,0.0018945117932652905,0.0008146666270473429,5.969397299691489e-06
-0.19692928261904558,-0.006618043459438561,-0.35845712311652833,-0.31659755170324577,-0.33943242308010824,-0.45852918062048453,-0.115354143205583,-0.48538460434154307,0.9843088979693462,0.0003641067375515686,0.0005266726177671264,6.508312332327362e-05,4.1419357557763685e-07
-0.18444779697591257,-0.16487369093612703,-0.16749315365535278,-0.25633426171217466,-0.3109850023850296,-0.4200235137397328,-0.1500556829945543,-0.22434345512643522,0.8668249213630691,0.004917776554419598,0.0005235021089440901,0.0014778354264464821,2.664257824492826e-05
-0.1999096749861209,-0.4798766828677025,-0.16047050272620467,-0.2119432044524,-0.48307141706118684,-0.41220028638245704,-0.08725196291369718,-0.5417742256470992,0.8672275082727304,1.7363680150425712e-05,0.00015004902913088732,0.00017771026870728662,5.439714813550418e-08
-0.08343353239674933,-0.4234865729330912,-0.4593077519556168,-0.3844815112707928,-0.37472961140940736,0.0009260756661043645,-0.013440241254088698,-0.4221481749851789,0.8806470612270776,0.0002586744877652846,0.0008381859786132223,0.0005825874035790623,1.1088763081734303e-06
-0.2727513100193286,-0.36323047920944707,-0.10407517881795486,-0.26029294035322736,-0.2101691373875989,-0.16429575822491754,-0.10711621173945524,-0.5311050544584086,0.7342108174181639,0.0007941426540557632,0.00034257274212880917,0.00026187887884013223,8.165991858229476e-07
-0.4510216009025793,-0.08324493842012115,-0.007438575291760174,-0.4273284197483872,-0.13216397177969458,0.005235154793965524,-0.23691383786383952,-0.6597878292594941,0.8613994395900654,0.0008610109727242492,0.00018306256339400916,0.0011957564968854974,2.20468539711182e-06
-0.15929935743984475,-0.23361853193255522,-0.36838785818542125,0.016449056746987933,-0.03800909910428146,-0.09331376121695167,-0.036805709920245185,-0.5131093605257291,1.0704845022311558,0.0009188601481728797,0.0015768527788524807,0.0007089677853224497,3.833403978700095e-06
-0.1555948125117398,-0.3802050910778111,-0.46007077377438643,-0.25976846183115776,-0.07609779315884735,-0.12587419814562972,-0.057906891066470324,-0.5161890409392754,0.9294716092190377,0.0025889632575128462,0.006033168013793847,0.0005811329105929567,4.343956249119094e-05
-0.4488126443946335,-0.39755369065080276,-0.2540513546633032,-0.40778835076423114,-0.18323382743027566,-0.4196622113527012,-0.27604946562935334,-0.5729414888716812,0.7654015658006856,0.00041371249870829834,0.0016394718844317498,0.0005711846511434955,3.1852779971315734e-06
-0.15213748278449163,-0.388153422151438,-0.15283004751311763,-0.49011695485153506,-0.01067973112455417,-0.03675428869118441,-0.13487550100412776,-0.5053027211357131,0.7875187514012741,7.098950432974468e-05,9.839728875854412e-05,0.0001236882494352204,3.002031920836444e-08
-0.4332543035455415,-0.025690619485003285,-0.3946117596225447,-0.23125158904456078,-0.4289076892023558,-0.12924766111183017,-0.183175755181112,-0.5353304137364369,0.9643877845327834,0.0006846483704195061,0.0014117628200973138,0.0003395749695545237,2.577128811275162e-06
-0.09904302565686013,-0.1354812543060787,-0.4195144289058991,-0.2953443174378518,-0.10241069195734726,-0.3062175266309607,-0.19877014314972136,-0.5327039927473585,1.0294974513082935,0.0019064584352702293,0.003334347658427722,0.004730119322544819,3.712648687818729e-05
-0.43963642129028857,-0.2192639411613665,-0.1783611145061484,-0.020979087197688484,-0.4131819839362256,0.01023932833847696,-0.09245881513386749,-0.5345289798194324,0.8386926397795326,2.642470355281799e-05,5.7968539293802816e-05,5.222129798738937e-05,6.785680469199189e-09
-0.46292847342049903,-0.2062537496652142,-0.184043604651849,-0.3162988006414378,-0.12654755543411234,-0.36881081007541516,-0.20370139333356976,-0.5733783378439531,0.8859993806562724,0.00012082092888042964,0.0004605301833967879,0.0003725122312212366,3.6545110908443286e-07
0.006124685745114822,-0.4518034569360563,-0.3155725838279415,-0.4351891299076607,-0.2708913678896814,-0.009162083346852867,0.012294636916771686,-0.5450439445394806,0.8030088668950822,0.0001781422436897209,0.00013398374933277916,0.0004346660565138062,2.386208847573402e-07
-0.38647762492634563,-0.34444977688881034,-0.005943854172509422,-0.2267831744746251,-0.09895681526548428,-0.4401492722887592,-0.20892070798471854,-0.5577854917175481,0.8204192571789626,0.0003363652468343872,0.000578286197040745,4.1531055116079214e-05,4.492813335048604e-07
-0.0016184465742123955,-0.37268723443007856,-0.4302004182023173,-0.32960111598252917,-0.382888402781013,-0.49708899045995375,-0.03880367807213811,-0.5333472926559144,0.9969921078962705,0.0006426432520609467,0.0011467387596442867,0.000580696006810693,2.0652079846158716e-06
-0.13381144075910345,-0.48590968429531467,-0.271437602885801,-0.2824143807343492,-0.014105416432916962,-0.046919828747320924,-0.06574048894390797,-0.5159158397009423,0.7887672525084156,0.00022751434183595253,0.0017068025126946943,0.0010902765362147365,4.153640518502372e-06
-0.2546768707423255,-0.20794665931629663,-0.42501245907286245,0.011312459229214755,-0.3594339039072676,-0.26116128333696964,-0.15906250126007224,-0.582187937174014,1.083590191553157,0.0009097838034527437,0.0012061734804101004,0.0005962845925334124,2.638116349162293e-06
-0.14629143047143278,-0.39579643548797633,-0.40646608121903405,-0.31669937127477177,-0.21584307587824886,-0.05928666704353558,-0.02838340135265911,-0.5413896804881657,0.9375139484571169,9.656471893258068e-05,1.11566953577409e-05,0.0005189838643732503,2.787934682736259e-07
-0.13518626828059815,-0.2885539391142411,-0.36115605569774406,-0.19129552614099,-0.4884197828120799,-0.26740584374683485,-0.023048794229569857,-0.35380419487997156,0.9068470392421211,0.0008454759171359704,0.0010478448193128103,0.002365013188808601,7.406095675056235e-06
-0.19097628564489927,-0.3716237649274169,-0.49135010194936884,-0.34405817371924613,-0.4878988705824557,-0.12021522776416921,-0.034389542691446826,-0.4192063483315946,0.9550302106605499,7.80934758925635e-05,0.00022467771351609831,7.925982402534996e-05,6.286078563233377e-08
-0.1429276547726811,-0.060949675395198966,-0.08991591747373884,-0.46229764157008146,-0.07065990599657174,-0.35515495148359677,-0.5110620632264874,-0.34296372342818116,0.7870210233660707,0.0034014931711443593,0.002061594016617841,0.00809418384961899,8.133613787412905e-05
-0.04682764189279914,-0.1918415686617423,-0.4305866401233755,-0.1463889981900317,-0.3164140905313956,-0.18087403241697164,-0.06786643829801108,-0.463351592907646,0.9068591887741007,0.0004575328672578021,0.0007611656606773836,0.0014460888132089708,2.879882343303713e-06
-0.2342039598134233,-0.35229085612954425,-0.2708343446902464,-0.2671260212128839,-0.17589701422586657,-0.24697936553852207,-0.04006809140775717,-0.46632155052861274,0.7872593326447116,0.003421999105685643,0.0021067568270055803,0.0013152479525488535,1.7878379384131905e-05
-0.36991248779820884,0.00598955806659629,-0.0427364141739528,-0.15380887624655942,0.015597551898389073,-0.10651440093348724,-0.29595226077096837,-0.5798485455063437,0.87137652804743,0.0006973065953514231,0.004848347152982255,0.0022539446015923657,2.9072972870799094e-05
-0.32540591513337924,-0.14912726050342628,-0.07087776736289686,-0.3376520733756315,-0.36543819448660975,-0.045578227730572074,-0.19477004816775492,-0.4742422077514062,0.7660767576979512,0.001139454833969682,0.00048036659960055966,8.497669435415327e-05,1.5363304272520386e-06
0.014212504873598264,-0.490142839530198,-0.29335726279638447,-0.3488262030632479,-0.05383765346932523,-0.002630154927165562,-0.07337053883578946,-0.5107285287303086,0.8210726623946016,0.0009718566217682291,0.00022379878882178238,8.667571935686012e-05,1.002103871478881e-06
-0.15049723859090608,-0.4716595830553327,-0.4752962398856572,-0.41556318879759485,-0.06467349973711478,-0.32392834008281507,0.007085166623162174,-0.5618551368305927,0.9615065283834509,7.906493071503041e-05,0.0004434143052480668,0.0003735455969526683,3.424038223703236e-07
-0.21536421394495664,-0.1192053959117102,-0.2571715798930523,-0.08285232865553377,-0.15112629193318372,-0.27831942858192754,-0.23133338931960623,-0.46269101054911704,1.1749203633196443,0.001974170716532152,0.008797839279665208,0.006503870879131347,0.00012359966242124587
-0.09679292593240518,-0.3803540323443894,-0.05750848408464587,-0.3659468679209429,-0.2832426145331218,-0.34216021530770313,-0.10099969166819255,-0.4689292569733135,0.8645547823902257,0.0002532231062899339,0.000248088708863131,4.094535059533122e-05,1.273464707598731e-07
-0.37954118875484,-0.33632865854543786,-0.3166778095821107,-0.25261114890977554,-0.37018555018268307,-0.44701591617478753,-0.2070554746471943,-0.4302086066992521,0.8069607660994662,3.0234242968276126e-05,9.477029188673986e-05,0.00030406955923339583,1.0235381452455423e-07
-0.1397510403077568,-0.08951327428474243,-0.4103897539215413,-0.19998677616400112,-0.13940808779534514,-0.38653434123642666,-0.14050563420261825,-0.5689594520083371,1.071916099798433,0.0007272593270725926,0.00019030668272844022,0.000567495577816359,8.871739931463066e-07
-0.1998013870531709,-0.1394256325685333,0.009035836811836728,-0.024927059346623093,-0.1506842458911899,-0.15915377983483292,-0.09412150285092274,-0.34514466696875284,0.9190816139012211,4.07255312208362e-05,0.0006052719943552424,0.00037920554994939887,5.118096051564181e-07
-0.019304741397952796,-0.3943736633694952,0.012815138492011213,-0.06509363975851928,-0.16640715270423329,-0.2571072899217377,-0.03364635061932783,-0.49680175287119294,0.8638050347491784,0.00014095599442384913,0.0003911657273306535,0.000987009969033883,1.1470678975744024e-06
-0.4400588967151222,-0.3676862648231103,0.006908122135354744,-0.14084533801443716,-0.010256540512066925,-0.17903581167214716,-0.21762587707929149,-0.6263933383499953,0.6900403909283465,0.00014622354400873486,3.684195184053705e-05,0.00037383895343878553,1.6249421734610133e-07
-0.110084852169122,-0.33209211689451634,-0.4678917715459246,-0.1939692555137389,-0.11543063780160462,-0.25316794082130456,-0.0655437684031463,-0.6130417737333967,1.006300654176801,0.002257980508283649,0.0007630002834400503,0.0018437022585386857,9.079883426459135e-06
0.018339811005325446,-0.29363243586937143,-0.10238396564893948,-0.4973342853153313,-0.14285623942262388,-0.2854292136403582,-0.22057522362669485,-0.4612273789636027,0.7629063205522922,0.00015663030911138958,0.00010097127938450124,0.00019091089403547965,7.117522245429859e-08
-0.22860938526902536,-0.15347715129741069,-0.1962740367019593,-0.3858934304905961,-0.3378113592509411,-0.037261471843876626,-0.17297017239610715,-0.34233545621866307,0.78053665294634,0.0007559781626943346,0.0003577914756817017,9.847262819365552e-05,7.092145810445574e-07
-0.3630652266426638,0.017391865332961554,-0.015052701920889922,-0.33763070076838747,-0.3108269323859058,-0.08625730812088478,-0.19975037109184354,-0.48439059134370593,0.7822637951996859,0.00041045061110311036,5.254969220966037e-05,0.00018364487574431857,2.0495661469339306e-07
-0.4542574886701225,-0.20138165363276872,-0.3819431980540598,-0.2638441707967505,-0.22381214618732437,-0.11475482356086575,-0.23443853639386456,-0.5494976778479358,0.9615758152442903,0.00011741320147855984,2.3899779210900125e-05,3.2852866045784556e-05,1.5436370135196923e-08
-0.09196228235275988,-0.04360941576525351,-0.3723464614702956,-0.22166049766940604,-0.11029662741998042,-0.3894471963955683,-0.19865491039699498,-0.5684692279446165,1.0918058813458729,0.0012003636540491452,0.004854001237213826,0.0010966100847591739,2.620475459083109e-05
-0.024211233795648546,-0.3462091226574112,-0.44148421601814125,-0.0846430997813627,-0.36878439750392944,-0.3696799897331462,-0.03329380489766235,-0.3827345665776891,0.9436038181672466,0.0007126762838170157,0.0005791034731033984,0.0024621131678826103,6.905269569536592e-06
-0.06627355049682249,-0.045665827906686884,0.01866816919918235,-0.40922655776899497,-0.4791110121126902,-0.21449975749222627,0.012406660606785887,-0.21148253108079726,0.7193198862687413,6.395079107745307e-05,0.0001677235732006233,1.796649895266344e-05,3.254369577123293e-08
-0.05294365717725319,-0.09127556287201055,-0.45777951796068345,-0.394230765274741,-0.2926296234757786,-0.27935826703259414,-0.10625645280219267,-0.5292956700977287,0.9933820007592948,0.00018463921085933035,0.0007551117007900387,0.0003750115185468977,7.449189578996314e-07
-0.40725883768060833,-0.23541525276969882,-0.32880286113063717,-0.09367359448552331,-0.46325339272900184,-0.3002975565168854,-0.24159073408297085,-0.5165634321337679,0.9517475515857385,0.000903205853177362,0.0013858646247863992,0.001760156768784128,5.834553422144776e-06
-0.1881112061562059,-0.14209302661955514,-0.2890488274340414,-0.019822269176442253,-0.05393992320401997,0.0028400335173910385,-0.14097989749615816,-0.34715627672121363,1.0258392438308759,0.0006615884259903144,0.0007237620567919702,0.002109026083918248,5.409521782903625e-06
-0.4196240584404112,-0.1118690808550985,-0.18823049489822913,-0.219230128759412,-0.19130198344612281,-0.43106215579253454,-0.23629700403713494,-0.5483238954570351,0.9259884871352208,0.000845194706975167,0.0004883741702275932,0.0008999404547163467,1.7627562448793936e-06
-0.39580273357133966,-0.4812961055911875,-0.24521596998187434,-0.32218416275123335,-0.13312671152964706,-0.32553097599462166,-0.12558559226730287,-0.49716343125979273,0.7536471372961091,0.0005792656621301855,0.00027274041589546395,0.0008999163441985552,1.2197854683416452e-06
0.010182312499310897,-0.22289288017550135,-0.16055122570554353,-0.3706119405344312,-0.24645490747460785,-0.1266399142326003,-0.030548886431756978,-0.4005927919568299,0.7476809828812156,0.00019554565086532552,0.00025126768443393434,8.675837789445978e-05,1.0890056694801288e-07
-0.09545524871757655,-0.26593204081811606,-0.21901483131754823,-0.12763119285965757,-0.31449295175070774,-0.19948444462449233,0.025119230366713534,-0.3501875614507187,0.7183612129078389,7.762273837597482e-05,0.00017110853930837089,3.191628033823423e-05,3.632207068785809e-08
0.018423427379783086,-0.27936361589834185,-0.31949741899900663,-0.03026297001767092,-0.3543086729956855,-0.16264730975526276,-0.0010517631876663346,-0.35496014728399033,0.8232179595840639,0.00023755822646244056,0.0004604560737377612,0.0007737254068775734,8.671047120498415e-07
-0.24436514153233263,-0.1939110956669075,-0.3332561803119971,-0.16300236966480264,-0.09424471868765205,-0.4598145375102702,-0.23064842337294392,-0.5411740609481811,1.2106163427357932,0.0018770688645159224,0.0014883640800589376,0.00038079545013669237,5.88362033178959e-06
0.002288240981117351,-0.31078168600496764,-0.31965434718685704,-0.36583056449828943,0.0007803517483865319,-0.46823282245271663,-0.07644983652494225,-0.5002210117551845,0.9469502182277801,0.0009546100086242696,0.0026528296861659893,0.00029061861140387374,8.033244789663485e-06
-0.47771171833336146,-0.22884309516132018,-0.4308992907369815,-0.01379933759651858,0.014864961662953702,-0.136320583349002,-0.29887161547483176,-0.6051396115176032,1.0507064856584925,0.0011199484293252786,0.0011511079675215344,0.0007717433708888553,3.1749218677506098e-06
-0.4420818606056989,-0.35258041499807835,-0.2617720581493601,0.016497760934815697,-0.49423467741267935,-0.4919311276847481,-0.00873193401533347,-0.42944389599918087,0.9784036913323622,0.00038819103320584977,4.603114556338355e-05,0.0020571276045600446,4.38458512606625e-06
0.018971317919068142,-0.3240667417299846,-0.2644599616485582,-0.05831637167470538,-0.43585665022616826,-0.04952376625752691,0.024965096014640822,-0.4200398449860421,0.7166846122390247,1.0093100585987135e-05,0.000327762799839678,7.873418730319816e-05,1.1372939588847876e-07
-0.13401291239230534,-0.03858948938592882,-0.07145088007286027,-0.4338286597352152,-0.3507258846683785,-0.127298301275245,-0.2200054917055767,-0.24110793727833865,0.6605646217769006,0.0002016763656210512,0.0004372695790388742,0.0010991755498571396,1.4400649306066954e-06
-0.16627907933992808,-0.19721085397765575,-0.45774317074275583,-0.1609111557527152,-0.28525987591813723,-0.407828952257376,-0.06283624784486894,-0.5880810636443491,0.9992898099617249,0.00028433150974938737,0.00029702370910776105,0.0001286234859557581,1.85611492347909e-07
-0.27525173022263316,-0.14319873686252105,-0.11040782378949743,-0.2671853211603934,-0.15631696109093846,-0.17309397816670852,-0.3260741830021937,-0.48931016225210794,0.7600829436076209,0.0005250352415118203,0.00038350377136844876,0.00021531687768924613,4.6909850530104447e-07
-0.06108871803318372,-0.4168719948039023,0.002272331273585504,-0.08227429432840055,-0.14118403883546904,-0.060082046306577874,-0.04148564944788982,-0.48936602219902997,0.7591340156590802,9.398975810226019e-05,8.20132110840644e-05,1.9351077818260887e-05,1.5934705633169084e-08
-0.2480376396352485,-0.468920822393249,-0.12493078755407966,-0.41553697356737296,-0.2476063766809457,-0.24339988750854924,-0.15047188910991477,-0.49060499804644486,0.813947117623844,0.0009963686618222408,5.5018714980573276e-05,0.0007808158730243162,1.605450996826282e-06
-0.0072651477318061985,-0.24592090694058705,-0.13070375843656334,-0.13622675258758066,-0.03127356920263036,-0.17530801242567473,-0.20517947319524624,-0.4063464619308534,0.850853916481665,0.01183476733614647,0.0007723102506798379,0.009345997318182,0.00022800584689548973
-0.40756253689080424,-0.1702132517308959,-0.15759504704296884,-0.12827337576167464,-0.13172288956688022,-0.35440236676308545,-0.2143357819374376,-0.5533820425071954,0.9540029307096625,0.00022167720368299526,0.001856365978750697,0.001163060275242408,4.84794463354269e-06
-0.35647056678449285,-0.4578270439978145,-0.0042937582069970115,-0.14973212934561986,-0.1033273737940979,-0.3571600379920091,-0.10978828007077003,-0.5080889589610086,0.7953963231528648,0.0018347245329832136,0.0039101723037296724,0.017320378210902192,0.00031865116292548054
-0.1443896108834104,-0.40424910003827264,-0.2745880680694738,-0.12650072780374466,-0.3548542339540227,-0.380067014535194,-0.014227607347453548,-0.5929247438497871,0.8752564619317398,0.00021325677751564238,6.56747867131963e-05,0.000815964657396767,7.155899528868036e-07
-0.14180613460670916,-0.47003557815857344,-0.07818902036613606,-0.46333792631908066,-0.4886737853770971,-0.19975386819559765,-0.07629336436642693,-0.4964490027674806,0.7720128384401933,0.0005428992641189386,0.0012666542513671772,0.0006326017734087448,2.2993376072073184e-06
-0.24846710646009346,-0.26959726846707743,-0.27138453327995193,-0.36743996879592944,-0.3976188910277747,-0.017444227259864054,-0.05149816952557683,-0.32325901791997474,0.7795617429460807,0.00018859912899634043,2.7839842530637087e-05,0.00010050516751915502,4.644597698836235e-08
-0.09505725916530555,-0.44493400460354793,-0.43429040330059715,-0.04729207695495635,-0.3654633581983455,0.014387688565779988,0.002298743047682107,-0.42208825530706817,0.8190444181588308,0.0001471089933018322,0.0003681274300169452,0.0006242181766833461,5.468071927430404e-07
-0.28196982480068367,-0.21046748619478267,-0.39946988044528764,-0.07339368559791504,-0.18966153874383668,-0.4260158386046119,-0.16902408131532823,-0.6180303570358715,1.1593336807681343,0.0021930504091332713,0.0009285347018060245,0.002547896507456278,1.2163423402165515e-05
-0.1574840747099573,-0.06950916068970175,-0.09501866153601646,-0.4364551769695672,-0.06724889881323648,-0.252959170589818,-0.48417907934780474,-0.49519765967890894,0.6621899442087786,0.011995191294963653,0.004406802337046616,0.017998532090483667,0.0004872516784527416
-0.15494066127245126,-0.4611622546176385,-0.22032102373252066,-0.37419305139059267,-0.29689101319522837,-0.3082178205720306,-0.08938476420992972,-0.5352486479298916,0.8802707585425295,8.128310960840177e-05,3.948245464874071e-05,6.712348884278227e-05,1.267137088712844e-08
-0.4515027355040354,-0.3989372007058378,-0.18984069749385957,-0.19033388448416982,-0.21032433192424776,-0.4554523227140161,-0.21953206196317882,-0.5058828402660647,0.7957649572295602,0.00023867682509687876,3.344278390000171e-05,0.00022502863896257288,1.0872293498665624e-07
-0.027342079904381256,-0.10400510607819297,-0.12622154134301555,-0.40436412841926783,-0.2670398881233961,-0.06626679729969043,-0.08518761748871286,-0.21914491444467973,0.7538583321872182,0.001869101379123127,0.0004522937964387296,0.00039404055620403727,3.853377603670522e-06
-0.2940450493997535,-0.3363267537247024,-0.3124122951943465,-0.47883618436663244,-0.3658036662301374,-0.12142457176981158,-0.008434087373422062,-0.3944443505236551,0.7500498257178073,0.0003279586090866167,0.0003463810602741542,7.906230251532499e-05,2.3378753586970022e-07
-0.4733350864181807,-0.16172827719991628,-0.4499396356401653,-0.27248440674518304,-0.3821902914438524,-0.42672425257307667,-0.20708634687418764,-0.6211786290888844,0.9842485361417938,0.001223798838309287,0.0004978251966329358,0.0011113392179424254,2.980588380386663e-06
-0.33129287016599673,-0.4309267071038938,-0.2972507349017207,-0.25442811001584104,-0.1656834124657517,-0.039034603932743495,-0.03064609864795906,-0.42568479840126183,0.7544813958916873,0.0007057400549628994,0.0002988291546934093,0.0005793019153606779,9.229585980143638e-07
-0.4620145575279932,-0.29644382729863855,-0.08484516118001006,-0.0905533100522663,-0.26047553289318887,-0.12565490321092687,-0.12404238796265979,-0.5487533801976519,0.8599809742548228,0.00029889242568668413,0.00013426283464127727,3.5227394327033096e-05,1.0860416020985324e-07
-0.20632443105288717,0.014401412519017276,-0.1904751652985942,-0.06311974050557079,-0.4155332792385068,-0.1652896195651885,-0.061663740116782766,-0.36239989343374635,0.8372610071987603,0.0007301645852869974,8.27702774622881e-05,0.0009323202651791796,1.4092123173022928e-06
-0.22731838179416886,-0.10461553880149893,-0.37096486316054333,-0.32649658849058716,-0.2663947229324692,-0.25952326057233677,-0.12877992103548766,-0.5155394563151879,0.9874453895152032,0.002937990063082868,0.0034684713950288307,0.004749675349004508,4.322149534984799e-05
-0.3461489825377521,-0.20227914747997405,-0.343513602017555,-0.23659356806189796,-0.4620832663295511,-0.3598284143024367,-0.21020036542180606,-0.5068433251231865,1.0027516519963426,0.000768340846942045,0.00028952260244694277,0.0004986235038099095,9.227963929589402e-07
-0.034733912364153685,-0.3891133012912928,-0.43009867708904725,-0.30791793381951416,-0.42030000576327553,-0.1569119337813265,-0.025372737981239228,-0.45727210325987766,0.8967321047329359,4.557434270504532e-06,0.0001307128330974901,0.00021351712244242264,6.26961765195948e-08
-0.42205305549469235,-0.2688251623434992,-0.24841404063041245,-0.38871521764303185,-0.14636317700269258,-0.00808859554593222,-0.32482979678605634,-0.5942820189165776,0.7947766914034307,0.0010380083555388063,0.005104064938981908,0.0006192428694862506,2.7512401978922313e-05
-0.442063955790158,-0.14759706135288525,-0.24779896065515145,-0.024516759314505365,-0.21034935991777115,-0.2558708963596369,-0.19503189585891997,-0.5414465500726873,0.9365571908272166,0.0005783800358017035,0.0007792011306937872,0.0003662923599470137,1.0758479608440089e-06
-0.05279910639841806,-0.2982712550214381,-0.3687951601090883,-0.3311097902822143,-0.45716873998336444,-0.08349852060437035,-0.04262767348353837,-0.5144437091140335,0.9020713297314564,0.00037869489942708766,0.00016350768272420878,0.00012393633465824927,1.8550480421045412e-07
-0.4571624804444477,-0.2203800022816672,-0.35959401711279326,-0.33129721360402464,-0.3087502427900213,-0.39697790098971725,-0.24741401477504443,-0.5986319041980522,0.9775521425894531,0.00027510007398925647,7.409350752600643e-05,0.00018703317336825348,1.1615130650659991e-07
-0.2800741197559549,-0.3522885104097837,0.018154511000259888,-0.2166238121387261,-0.18722491809217312,-0.4930880565600109,-0.1010944938339113,-0.5401635728559412,0.7778383084078534,0.0002585140737524711,0.0007303788369524099,0.0007189622431702316,1.117189478900424e-06
-0.3875799033806318,-0.39818627532352185,-0.10364155703544192,-0.01891581638712836,-0.373968919343173,-0.08863257401281516,-0.11838894961744001,-0.4866057455325088,0.7596438195124857,0.000634202495102584,0.0011578208055546704,0.00045427323608062477,1.9491259955887722e-06
-0.4629699557233896,-0.2650832328805668,-0.1755964905215533,-0.08254852826838277,-0.09639474359105732,-0.4794690984091418,-0.21771508516736365,-0.5725178682715963,0.882409104186099,0.00037193058646406354,0.0006080648190652056,0.00017554228978564198,5.388902808354898e-07
-0.04553523939322274,-0.21138247721655945,-0.12284198851540973,-0.07422239355579702,-0.16583638643825954,0.007979790222004346,0.020533529784249153,-0.38507309030927744,0.7203147006817623,7.449724409605216e-05,0.0005963127198161024,4.989778966559548e-05,3.636284886058963e-07
0.004975374886071582,-0.4948190680245265,-0.3686194634438976,-0.45194411204580404,-0.26782999467657803,-0.058972219535666726,0.020211203056390122,-0.5500018920763713,0.8190765283555691,0.0002196590360236234,0.00011544803455397621,0.002281988766015916,5.269051069012051e-06
-0.0027071638887542493,-0.43894933370993267,-0.3995000057085753,-0.3552478041247418,-0.41154009227350813,-0.13760642097135278,0.008868865203258263,-0.4410072348658097,0.8073720001224046,0.0003411909095305409,0.0012236957706758859,0.0012699607846731738,3.226642970524031e-06
-0.3031497545128392,-0.11438958404057803,-0.24446961505929776,-0.03251705502179558,-0.358404754272573,-0.07033424153807033,-0.08066623447613326,-0.47015235436918,0.9171447457152511,0.0011511940301893564,0.0001275573826633696,0.00024370486425899501,1.4009106418790364e-06
0.015206664406960724,-0.48495990506503023,-0.017464270350120215,-0.47953503469982217,-0.4471912504915691,-0.32493997332567126,-0.0836551740732316,-0.5462633729682019,0.860783108415617,0.00020052599283920712,0.0002736381732772386,0.00015192148000574946,1.3816865976579114e-07
-0.36826092371650704,-0.11894680715126804,-0.41647229662165774,-0.30266212008578414,-0.43219905738882136,-0.20967711265401667,-0.1750203366357636,-0.5802914571100934,0.9574143741371728,0.0009360478391316936,0.0005731191623356466,0.001120333151037592,2.4597975006932465e-06
-0.10728499381652079,-0.20710685973315396,-0.3123834305405974,-0.12541877200693946,-0.2817548229094129,-0.3028795746754931,-0.04046759438512968,-0.3964590841599384,0.8972124036195965,0.0005017998903579381,0.00032075146946264045,0.000993040579152019,1.3408142269682593e-06
-0.22070865408202311,-0.07205306874821521,-0.09440037664863521,-0.09252979301270464,-0.07115630226247005,-0.02895218349276385,-0.24690271300496472,-0.3890182705880066,0.7820325044453701,0.00023396187721995537,0.0024150086568391718,0.0026978728679707496,1.3165522984333142e-05
-0.14027275294034852,-0.2116678056030799,-0.4503224402868077,-0.17753268998543653,-0.08126265271178179,-0.2509459533004334,-0.13427594472743146,-0.5630021807268512,0.980863591340158,0.0006352380486501902,0.001451639404859236,0.0010083379861634508,3.5275298345331413e-06
-0.22566383975020832,-0.2889078482921983,-0.4693075846307233,-0.1851080741634213,-0.20251893933122928,-0.18277637154082954,-0.0393303787858067,-0.5951015427563594,1.0050108019370023,0.00022449427633539404,0.000279782837267863,4.434380926088381e-05,1.306424895567734e-07
-0.16653511609117677,-0.1372495386750895,0.015100278955593627,-0.47081045094213525,-0.06485336293370075,-0.11139483082864676,-0.33652054854649693,-0.6608880152093634,0.613350598885996,0.0002699900634044091,0.001373405878038603,0.00023654447027196502,2.0150916265843476e-06
-0.41928762066150393,-0.47921086822246733,-0.4730256909932988,-0.28966040396174075,-0.28862169129069504,-0.49233386957238634,-0.09696992251226993,-0.419106850709796,0.9109918263218049,0.0014292544563989295,1.8439975407501128e-05,0.0014161035292735808,4.0484575394503205e-06
-0.10196664114341225,-0.15684536725288206,-0.3065884814193879,-0.0029129222600887683,-0.23998244640564437,-0.4162153698755706,-0.01607707593156983,-0.5490178905521922,1.1665662330353253,0.001476230637075871,0.001866018986357317,0.0016233058145061175,8.296405518696788e-06
-0.16129975983599282,-0.2726841336957896,-0.27022644863701,-0.2465791558549315,-0.13578803429280906,-0.3662694554538659,-0.10322795715901738,-0.4366729056808788,0.9590235841203235,0.001964074963640609,0.0007942224220672027,0.006921451398803528,5.2394869184513494e-05
-0.32992402762683104,-0.20135439206279349,-0.16748994192364786,-0.3799191593679207,-0.31289571901346924,-0.12406862825910647,-0.244677214225431,-0.5136446377377318,0.7754629847517582,0.0014045537741696988,0.000755697204905032,0.00023836492397518127,2.600667407017317e-06
-0.22880924211586484,-0.11683997102266774,-0.40067021767597677,-0.29897165597117414,-0.2090773808588593,-0.2530659572484357,-0.13290048126317253,-0.5299114619216502,0.9557844499558359,0.0026808778081375377,0.003842684400330591,0.0051692300462572284,4.8674268493836913e-05
-0.22299640466553267,-0.03726516702755728,0.016036620610791474,-0.23744757911252168,-0.28369274324470073,-0.28096303698440556,-0.15513319699844694,-0.3550860528813289,0.7570884826925733,0.00635428777661864,0.001056903621915302,0.0017894339576162662,4.469609230277294e-05
-0.13392674322375242,-0.12807131195443777,0.005201110407129228,-0.010193642618645138,-0.4892009261937347,-0.08884518775904776,-0.0538782513592292,-0.30165327295818095,0.7204092796041978,0.0001593532680377211,9.163217366495048e-06,0.0003025059572629636,1.1698728276638942e-07
-0.027029726586337455,-0.46537568900384274,0.007354154783265843,-0.37440334085122284,-0.33182005125575975,-0.48080616180290825,-0.08946213886515866,-0.5380190045047757,0.8635122994708161,3.200241252317949e-05,8.726656413923438e-05,4.5308648921585055e-06,8.66013636064186e-09
-0.01922959043737371,-0.47979950162795304,-0.3285477127679969,-0.13100890896699263,0.006785569830843219,-0.038462325080537985,0.012130460816212904,-0.530660509587352,0.8262367300948144,0.0005296927311878091,3.74662072361842e-05,0.0011352767998924704,1.570831518531953e-06
-0.03205982628926635,-0.4032566682713635,-0.18524140958484936,-0.4310064373897311,-0.334602437666502,-0.38739831278049974,-0.0954896701517146,-0.48687579503641504,0.8701997247894057,4.1467066833824006e-05,3.2335702930367886e-05,0.000560357939694165,3.1676613589409135e-07
-0.057384718122012346,-0.26738846867027516,-0.11858861471544535,-0.22659862527281788,-0.36324761901247915,-0.18147867050587047,0.003992930254383231,-0.40294878524632566,0.7447288486729343,9.63402541615915e-05,0.00015803708866813957,0.00017719227581433213,6.565426857488377e-08
-0.4520786227673838,-0.04363713521232854,-0.4374815356734649,0.0010063306047066733,-0.2661979678058882,0.0017193840753941814,-0.14408749401525026,-0.46832269381962366,0.9612921636103847,0.0034489358537003875,0.008272520744712051,0.0006323295448974771,8.07295986479815e-05
-0.2913245510317923,-0.12018758835657017,-0.36892167799411524,-0.12468063602107038,-0.24475768057607922,-0.1060603166316611,-0.1223817428179077,-0.5088971617591699,0.9378411629645896,0.0005081910779530738,0.00029866756945601237,0.0008658019874782502,1.0970735702771575e-06
-0.34520725866427704,-0.4145632337155251,-0.40961937284824507,-0.15164467207212518,-0.3048412742342369,-0.23820512500928814,-0.012639155781237265,-0.4090132824940493,0.8561032775838766,0.0005862059766239689,0.0011107999814870056,0.0021247289660059794,6.091987224886033e-06
-0.10096870026471078,-0.3873150313868171,-0.19945978142330373,-0.4760130288847942,0.0052842535772469335,-0.198256046673549,-0.17959404111094074,-0.5372327696528036,0.8328372956375885,0.0005596676288533425,0.0005240213640159761,8.519456232618857e-05,5.950843581814375e-07
-0.3444439232912745,-0.04171776192221377,-0.15716049928102432,-0.47253266049585074,-0.02340390963970279,-0.40513395431982924,-0.3036894356406255,-0.617394601107397,0.9296374915809492,0.00016213058228507776,0.0004973061710965316,0.0011932750124495977,1.6975050088593782e-06
-0.056118617977359564,-0.16525536686767417,-0.08624159142817917,-0.11868085537111145,0.007846681213653506,-0.16577172843175836,-0.3037594294546938,-0.375353432686971,0.8569358541783761,0.015144004099868094,0.013153369831098013,0.0006877468492172228,0.0004028249938190693
-0.18814086844235978,-0.2662582553907339,-0.4081762209879313,-0.4136345602179111,-0.46608426836912115,-0.3991016071033917,-0.08882415742419787,-0.5280954018165789,0.9576135482814435,5.9492219258476364e-05,0.000110634315360973,2.201026501027441e-05,1.6263727653512364e-08
-0.03396598042335763,-0.29426619814051247,-0.005133557663766275,-0.08270568510931664,-0.2493929077403823,-0.20127405227520895,0.0012872354161341684,-0.48113353434202627,0.7780027336306491,2.8734652871649493e-05,4.770241970441465e-05,7.50660763523873e-05,8.736116940252761e-09
-0.3042957043221503,-0.029490292843364907,-0.454215835739283,-0.3555704816883202,0.000998271227567571,-0.004682274325888414,-0.2577469736778023,-0.48722830869607225,0.9121467718089882,0.0016082285687460966,0.0023239779820960972,0.0021939366495983058,1.2800630813049206e-05
-0.18580271489793415,-0.10676751910270948,-0.37055569537653954,-0.2261048440394165,-0.28634835595220265,-0.09702266859916203,-0.061056368707722665,-0.5316546833870824,0.9238104203492596,0.0014626941973637177,0.00021084588138259717,0.0004237670556487136,2.363508818150675e-06
-0.38156416385467573,-0.20523767239427487,-0.1958530922415478,-0.17212199242406256,0.011810139595115232,-0.0697653604876653,-0.31353515535601767,-0.6650718281414297,0.8223097877858166,0.0017386465772568662,0.005955534641316445,0.006385062115053147,7.926030299761419e-05
-0.0315702716561419,-0.3540969100166732,-0.4129147756569829,-0.14457991427888772,-0.04607144917874334,-0.47244452588038455,-0.017695319578355396,-0.52889797389984,1.0282644178636382,0.00018053327486341377,0.00030554584328652877,0.0001526527168579206,1.492533776466894e-07
-0.06973033859156946,-0.2985551600037665,-0.4854009777854523,-0.4336262469346795,-0.25438766994186446,-0.2683035493399852,-0.10569508759795002,-0.5762983337060531,0.9472747919218321,3.687346431155918e-05,9.365228166555288e-06,0.0001899139672443389,3.7514674823431265e-08
-0.2898811543813367,-0.4181168910616483,-0.44966588760939913,-0.18683235216302396,-0.24415066655037587,-0.47726856578189286,-0.020081118825783662,-0.427548065457212,0.9143433410037007,0.00010807301527531168,0.00012310943497199683,0.000553212321842247,3.328795826479119e-07
-0.11142722093391139,-0.3813882465279447,-0.3903677967742545,-0.15317893695277857,-0.4005702617811201,-0.12650532643080825,-2.213796314350323e-05,-0.4025664317511459,0.8208642561273058,0.00015616024466441763,0.0001983016836829839,0.0003089108903279593,1.5913551792836947e-07
-0.10591307993149024,-0.32705084269609774,-0.3438565489023518,-0.36947431866521263,-0.0861076096948788,-0.40890144957153607,-0.06196661776688626,-0.5167345961531578,0.9668433046323945,2.2951807735927397e-05,0.0004996402634813053,0.0006962497838838879,7.349309399283759e-07
-0.04612582589633557,-0.3090659039064334,-0.4648097862969191,0.010514483926559404,-0.26685493379089203,-0.4299397238385345,-0.10694437733195725,-0.664885054706948,0.943984665382154,0.0004457443363456554,0.001757951051472915,0.0004283591092608465,3.4725714392457038e-06
-0.040786202310950814,-0.09425500184756946,-0.2230267624429671,-0.12720165036259673,-0.4286903995312784,-0.20283071221848797,-0.0024062278915125347,-0.34688126463018876,0.8137197099048559,6.686509550874604e-05,0.0011887570005161983,0.0003214752179753899,1.5209604630459873e-06
-0.453738733585175,-0.3298926141902373,-0.31241403980240584,-0.24471179157631734,-0.3330101843908322,-0.27528101138848515,-0.26065960805142196,-0.5519745090229761,0.8231061451204024,8.434022950672033e-05,0.0004365057047710658,6.355264395181925e-05,2.0168944316419786e-07
-0.31605789373583193,-0.48502265755630425,-0.04531096928457373,-0.29346924613283604,-0.4760469721320985,0.018881233001747932,-0.00844416130959255,-0.5421846709563984,0.7433377707336005,0.0007586410886375698,0.0006359867531671741,0.00016989908187108196,1.0088811495939576e-06
-0.437006583661223,-0.10712362365622874,-0.0416995771513371,-0.3115344350448982,-0.07478727938632862,-0.007988999188676515,-0.24738419668332093,-0.6622275204159782,0.8483908367152164,8.62864688574002e-05,3.670302040268902e-05,8.496735146231439e-05,1.6011917229079764e-08
-0.418418267244469,-0.1212225857346691,-0.21325763709013112,-0.1543320734995159,-0.23684550774368585,-0.3865317934804591,-0.20675537445965592,-0.5493301231944362,0.9239192227418188,0.0007077487805290658,0.0011351297503004764,0.0006379327567873956,2.1963860885399685e-06
-0.49028989834107334,-0.11255174922324962,-0.07377478309786334,-0.07321027857238926,-0.031038349414503896,-0.016610797333851568,-0.2255808626987061,-0.5415768841852675,0.8758714587868465,7.270525783834158e-05,0.0003558057722832279,0.00022562345675461836,1.8278974634530716e-07
-0.31645102705013606,-0.06937255607167164,-0.012104303443165876,-0.422708070875774,-0.25420722432970067,-0.2635949297219793,-0.2617551774590589,-0.46835070256576805,0.7933462869832404,0.00018989029520934754,0.0002041914452687929,5.715567544319044e-05,8.101924177101896e-08
-0.04804448200829603,-0.3140428055978582,-0.4081153384047416,-0.4190675349510225,-0.013751183322139704,-0.19794852813110264,-0.15359311558346947,-0.5384313449003535,0.9169620177719089,0.00016078637998306859,0.00010088361498743807,0.00023350383925239144,9.055380670660001e-08
-0.49329167014112935,-0.22555706736376713,-0.0921968484382743,-0.15047708129584397,-0.25910688356690414,-0.17444406528264433,-0.19139590010920327,-0.5530410912432231,0.8409603202221584,0.0003179726510771336,0.00026728203043161527,7.139767754751487e-05,1.7764391898384634e-07
-0.19692890887219539,-0.44814623713505203,-0.010922309483892223,-0.4323476508700678,-0.3526455757875998,-0.4293302842581861,-0.09828057264614191,-0.4824173216112285,0.8139353677279877,0.002406667404023242,0.0005312688766166407,0.005308613469010133,3.4255671576205274e-05
-0.22999470733507932,-0.12968446177079213,-0.3787577783493918,-0.4537086827916824,-0.15304046538009447,-0.34604342166402347,-0.16556111973440255,-0.5268675944465937,0.9952482148505915,0.001466692146436509,0.005427874797545684,0.007184514965831967,8.323026596451362e-05
-0.39603844789270326,-0.3646624063425429,-0.22900934253631205,-0.16074935433667642,-0.37908383528472356,-0.21600626538438122,-0.1662873306568267,-0.5224803768273273,0.761319180720839,0.00021690066099238373,8.642735724047186e-05,7.685897024370478e-05,6.042288612542781e-08
-0.2872588906908027,-0.49906155451104006,-0.049012246999741826,-0.24703397364472401,-0.17786328463291495,-0.2339931262916689,-0.2309037533826497,-0.5533103134950196,0.7788612246606895,0.0006527760158684376,9.15497900725246e-05,0.0001912557142706188,4.7107663919655843e-07
-0.11462633076500411,-0.13167297960693103,-0.4884707315927682,-0.09400496537953001,-0.4247835589838631,-0.2341156121144628,-0.05168278959378537,-0.6040421816870214,1.013681064776874,0.0004010623912405936,0.0014384364163601878,0.000513335529470011,2.4934637313950195e-06
-0.09828023581568507,-0.12625492775790798,-0.4213395127546512,-0.3398582687505708,-0.25413337858654406,-0.12071928559004036,-0.10453053793035921,-0.4821691166602445,0.9092255021178297,0.002031016369593509,0.0009521539407339652,0.002099616527046753,9.440014181059883e-06
-0.03589763999531659,-0.07320383551488069,-0.33117485326998586,-0.4780097486889259,-0.4469780452532164,-0.052075268450145595,-0.060681677396778204,-0.4461149990016887,0.8625378406147406,0.00025049568983088913,0.0003966393875546699,0.00039283979056363325,3.7439399543367594e-07
-0.4344181029804336,-0.28757291410777813,-0.26055470264655994,-0.41740133983288047,-0.1603225553867645,-0.3402539111324586,-0.2936593347390715,-0.6026331492551781,0.8072589824053004,0.0010721610134126897,0.0010669383123234684,0.0009487826148941871,3.1880750513112285e-06
-0.15113957619557844,-0.12898862303276792,-0.42643587751631373,0.0009531018305641847,-0.32216267439739865,-0.20985685712719893,-0.044429259535982674,-0.5528424273869104,1.0071405633583013,0.00012162698677447095,0.0006106314589741761,0.00046079373541090733,5.999947691947056e-07
-0.1336128415516255,-0.15321350817661744,-0.443830632148196,-0.2866108694956093,-0.20790504183850933,-0.4606791104319069,-0.1283504155055987,-0.520614256205126,1.0124490061058014,0.0005655822048125006,0.00023187469105359604,0.0005719066688415517,7.0072634061721e-07
-0.1871820639356464,-0.3722693920269379,-0.26186365335712936,-0.18774287521500077,-0.06790067896435986,-0.3635395977740537,-0.16379931018005323,-0.5340338619416165,0.9366113276775075,0.0005956518893875359,0.0003654897485189782,0.0006081749218237943,8.582606651387856e-07
-0.4989073308290275,-0.12224394963032925,-0.3409920420407442,-0.21456285333570835,-0.21930644138232464,-0.17947264535810675,-0.2644969935019212,-0.5715472954057413,0.9469861262724836,0.001186129966792921,0.0015755792657348728,0.0004941859282414161,4.133574052409647e-06
-0.22489026062778394,0.01708277651448098,-0.04129926228138098,-0.0020055739331247824,-0.4053145893061577,-0.3126887859801445,-0.11102613848261829,-0.3523750883179326,0.8878382017677214,0.0005810313447009466,0.0001895018142337668,3.8535326032039836e-05,3.749933324752749e-07
-0.046401406538637835,-0.07306688345276702,-0.4806075271053537,-0.1972743377852635,0.006161190764698343,-0.20551821951943416,-0.17704890167812878,-0.5884268422532207,1.04879506942931,0.00144084557434646,0.0019495066877664449,0.00046315667007314513,6.0911263957931194e-06
-0.4023949580078268,-0.11040636093042772,-0.3382369401200084,-0.1951408494806819,-0.14861073396874747,-0.12897622490645022,-0.2099094166632566,-0.5591414009203142,0.9701206974722881,0.0007281095620483103,0.002134422635187227,0.0023130353414982825,1.0436036010965853e-05
-0.44667474697173287,-0.29719708531244676,-0.40098934776945894,-0.43746857973959596,-0.30930554269723887,-0.07192187331640781,-0.25788893857342315,-0.4526541865056836,0.9157007149894063,0.00015938904032416297,0.00046040913174471535,0.0008742869962610171,1.001759186600492e-06
-0.4397336735143914,-0.25005179163674585,-0.4089966766538433,-0.3447328575730859,-0.3132136328923028,-0.30107696599305644,-0.24711234520960662,-0.5755450399683885,1.0098162179205414,5.437656822255627e-05,0.00011443610307797488,6.232296981618922e-05,1.993658542604484e-08
-0.345864954587437,-0.444424102132428,-0.2792180738531451,-0.1534740046448098,-0.00298242696112766,-0.2693589359741235,-0.136960411140091,-0.4747557995945936,0.8042151337914282,0.0006016700922154642,0.00034726270065273747,0.0005100766326785253,7.42776454335861e-07
-0.08523881767805674,-0.2362088924810144,-0.02652187458690136,-0.2987604730586522,-0.37796545275920457,-0.030219349660780326,0.0050399502078704575,-0.3754109368341766,0.7332104354900408,0.00037521156624083685,0.0004066671630699589,0.00044347097283307094,5.028284047057808e-07
-0.4495645903255612,-0.11573901946263698,-0.3044764218018308,-0.4122098478965386,-0.2466573958043834,-0.21090004344339464,-0.2522972499961717,-0.5978478428832857,0.957251372452652,0.0004438946355044118,0.0009002486078326841,0.00020975769729698895,1.0514882949096155e-06
-0.08999202202568313,-0.32505439362849126,-0.14335529757221327,-0.2541449153968265,-0.07269130056120227,-0.18825975241917797,-0.17541473151362477,-0.4840497436693916,0.789190017642794,0.0006940180186387161,0.0002472623563945958,8.102941136743239e-05,5.4936544859157e-07
-0.33752000852463215,-0.29741957722714063,-0.37644630723616956,-0.04981869876032746,-0.18618318535195677,-0.4759286573376216,-0.14848821234624374,-0.4024333988901068,1.0974146513502518,0.0019378308734758116,0.00024372766191651314,0.0009270499322025337,4.674013244176037e-06
-0.37030055966511477,-0.1355125457740336,-0.127360594694852,-0.46743353793310055,-0.2132497612019496,-0.39596476979244466,-0.23918517267816286,-0.48805520019366944,0.8380697361062456,0.00228953198797136,0.0017675384594425293,0.0026872742328196333,1.5587591731928907e-05
-0.4525823059896749,-0.1137412414941863,-0.04813515610563407,-0.09427315281281662,-0.2671381651953536,-0.01015053295195062,-0.14721379558954276,-0.47088766824138023,0.8135182386065172,0.00041317080435104245,6.160169045127116e-05,0.0004939943493735608,4.185352990475495e-07
-0.345772580886933,-0.43510045030655947,-0.19890975268237965,-0.0959413042283202,-0.3879620205858528,-0.17872520540886977,-0.061836952770420374,-0.5100683032958664,0.7216531461328669,0.00015861820850649028,0.001201746701895028,0.0006840903229147806,1.937334441491034e-06
-0.28291889623932237,-0.4397327160269049,-0.3327993707569641,-0.05803899327850609,-0.41048070610642945,-0.12879137957427944,0.0172101935054997,-0.46178803155726567,0.7418237729502523,0.0002443973800241083,0.0013241453550398418,0.001014710679318056,2.8427287633583485e-06
-0.3859961705518925,-0.17728992520719145,-0.17055653460522968,-0.38389520730334553,-0.4833728626930347,-0.07484762800986167,-0.16855731128038337,-0.5184443568523966,0.7839600710599601,0.0001944114279839401,0.0004076094389257162,1.1286699254504207e-05,2.0406864761215345e-07
-0.060121251968154044,-0.03320965503613066,-0.3034809239176468,-0.07522250763410349,-0.42050250987884513,-0.476422159048861,-0.049752072635138096,-0.3758200787625654,0.9474885082665793,0.0005631449649780739,0.00030414900797500914,0.0059981438854332676,3.638736894099283e-05
-0.005206082140685853,-0.15029959777889818,-0.12112768942006968,-0.29034847811182907,-0.22134717669329307,-0.3816842374234503,-0.135094265513612,-0.19640751472473506,0.8933985347438622,0.0034963203923557445,0.004268087386667358,0.02059541042925733,0.0004546117569757932
-0.022711900301808696,-0.0428823804358574,-0.2885078648770032,-0.0039010093188446837,-0.04785085518076948,-0.4866207263971152,-0.1034476623587169,-0.6973643465902596,1.177941799161932,0.002962350318335147,0.008800116180156439,0.0047993999161447375,0.00010925180374788165
-0.10015054236672993,-0.2845483011110258,-0.187167556966226,-0.0819118044684023,-0.17391544203280362,-0.48391551342195493,-0.0723042418745093,-0.47306257367581245,1.0550801126682454,0.00019039331172545124,0.00026136724876140035,9.139914218831343e-05,1.1291625506764813e-07
-0.24591621409911618,-0.4653959760705265,-0.06698139709597195,-0.38767811422564025,-0.18108487252852684,-0.0033332442603243306,-0.13134810186665075,-0.4961338713124378,0.7896190111229422,0.0002435610275794791,0.00011803049238276563,0.0001505163394607294,9.590833973234739e-08
-0.15312511203330692,-0.08546384122505479,-0.020074803233363914,-0.055204103782378555,-0.13674563241424387,-0.39312402827780657,-0.21077193654916188,-0.4581467745482586,1.2217928357335386,0.004147284969672171,0.005264214679925783,0.0020208121610294848,4.899561060617948e-05
-0.004816459116513128,-0.3706340171247856,-0.055577841627408864,-0.009950893005649164,-0.23533255490599458,-0.13558923320757982,-0.01384931216238412,-0.5217233471041,0.7907913930504911,0.0001527377234126211,6.167153439015557e-05,0.0002105480412765176,7.146266799268462e-08
-0.05029913622561061,-0.33951477660701085,-0.18875397843023495,-0.3110490597558958,-0.06765285400133814,-0.40037443472483425,-0.2126896931892873,-0.4797996978221903,0.9109771416949571,0.0009390553496748286,0.0005345845082326677,0.0008277984300554417,1.8528557869975319e-06
-0.2845038016656994,-0.47300434497501137,0.0023773119730605696,-0.33802767699639324,-0.4522247220394032,-0.09599649290474815,-0.031007046169371884,-0.5707591554991578,0.7721407672971622,2.1621489645726412e-05,3.646767141045852e-05,0.00037833107587987663,1.4493178284902635e-07
-0.3292194445014996,-0.034044874879897546,-0.07941406031340248,-0.4532334884742639,-0.20153224867448793,-0.16832667092224057,-0.2664797941064886,-0.49616555180855965,0.7866065015182564,0.0012168107552735512,0.00011645161919291908,0.0008831469147316461,2.2741378667620687e-06
-0.4835702299795422,0.019600173076130267,-0.1817578293573327,-0.10895003914950757,-0.4238957568817361,-0.3896058364616656,-0.18105076447953472,-0.5234257879285751,0.9110277727602708,0.0001515564717633596,0.00044143252877818325,0.0004218662777013858,3.9580319785848244e-07
-0.31536825690995396,-0.3147195228960888,-0.18408967474260618,-0.11286443458199813,-0.03470278730101478,-0.01985388785525183,-0.1870624758643163,-0.5513680624566958,0.6788137835779201,3.1179551061178406e-05,0.00015425461587582602,7.292851816339322e-05,3.008521968488365e-08
-0.029412525997865313,-0.35119247117833735,-0.4507689539106762,-0.06323312680524035,-0.37104220941574895,-0.46752533950740255,-0.032630626915051315,-0.3864680911431229,0.9537515292963936,0.0001708106677262218,5.354721999875354e-05,0.0002666835893976478,1.0316372583268591e-07
-0.4198961788794894,-0.3979739702222488,0.016299698113271255,0.0004654645142966318,-0.394523039706833,-0.036341252120645484,-0.13607646710376053,-0.5071975402508234,0.8157810651006369,0.0011354689058958119,0.002472101293160192,0.006271378834018181,4.673076691967177e-05
-0.10225740652187898,-0.3411162351767178,-0.17585643792041117,-0.22241697263381965,-0.38704917439043995,-0.330056441404063,-0.05856113380043915,-0.45329518709228106,0.8529617770403668,0.0013022124505278725,0.000642720276629013,0.0007403025831924104,2.656894534981236e-06
-0.2650267463392404,-0.2756557857845212,-0.17788557116644732,-0.285540910053236,-0.05186774271889283,-0.4234305711558265,-0.22155649474512265,-0.4555895715660751,0.851266217148739,0.0008759401778697831,0.0003090578749413697,0.00025883962387766954,9.297859161589563e-07
-0.3433332780461431,-0.2709149668521405,-0.3732276718426686,-0.31304528918712704,-0.491627181803356,-0.008348577812294589,-0.12543877020137364,-0.4226713435830927,0.9130040072168337,0.0005790314785048363,8.850508973283476e-05,0.00033615017798787597,4.561075461693944e-07
-0.35390742274061204,-0.21348968501137888,-0.09769258149737009,-0.027514099082217525,-0.13036263686446353,-0.0679077547411488,-0.15442285679487203,-0.5011631148418236,0.8283851081510107,0.0009293460585577937,0.00041910500417329427,0.0010645075466149,2.1725094178800767e-06
-0.2550547659282869,-0.2774687017594685,-0.21688601097382615,-0.27059943391982144,-0.28842994517391884,-0.07532080295970645,-0.08217565115431429,-0.33170591919847564,0.7151268809302512,0.00016926802364961,3.456841279854689e-05,2.5293021622880853e-06,2.985303636308384e-08
-0.1345744706537768,-0.05140989016787595,-0.15325046969110429,-0.2548063840882243,-0.33668754711226156,-0.09083808266474891,-0.11466038739259339,-0.2758163453420931,0.7809940418901212,0.0013868130876528411,0.0002796310417682008,0.00013139912334483902,2.0187097892213675e-06
0.017950686523042436,-0.14518459251483457,-0.48375006561053735,-0.4869621683971189,-0.4759829167306494,-0.07237074480880634,-0.056799102685273564,-0.5142306705544903,0.9376556330861283,0.0002453885561166016,0.00015876204238895217,0.00017437572557778478,1.1582782324728086e-07
-0.44017480899755573,-0.34803995540714217,-0.16048110120668224,-0.3252860848751778,-0.4102290838484077,-0.4817206606969581,-0.22469429127621915,-0.5058987218196959,0.7885501070636847,0.0003423071869890367,9.628822907416271e-05,0.000355295498944538,2.5268052489283404e-07
-0.22656232439433477,0.016910712991439536,-0.48921762357643883,-0.025643276202082455,-0.08632779419866338,-0.2848243591004739,-0.15445264290023789,-0.6725751645030104,0.9672018220437263,0.00020628916721339088,0.00045511580579772485,7.947035296307352e-05,2.560011541965823e-07
-0.21596989647178644,-0.20415832004312734,-0.45038646726387116,-0.18840466174387888,-0.17074024224774947,-0.4035222317116437,-0.0721365293816336,-0.6136670353696514,1.019183746308119,3.809929828716371e-05,0.0009892871044313775,0.00022070297283318158,1.0288503337415976e-06
-0.15322182760371483,-0.38224685631347405,-0.25291098371320553,-0.08966018154043293,-0.15946452614187995,-0.29833075747191873,-0.05023124487870924,-0.5555923420507033,0.9166674275144657,0.0001630711588642705,6.503700994745972e-05,0.00031207831272500044,1.282148887895253e-07
-0.4596064127203132,-0.4842786865199456,0.008580985890376258,-0.21591614543974064,-0.2505832859496159,-0.40821658636691005,-0.12862068618163616,-0.5450733430789818,0.8285321433205767,0.00040493181397526797,0.00023472815382637006,0.00018697095834030062,2.5402521943072756e-07
-0.48951213728457177,-0.3379269506730682,-0.4688740583497527,-0.10033366866797955,-0.10504195094041457,-0.26963933497837633,-0.2636615047820948,-0.49241811769795485,1.074369356392508,0.00012004531561330785,0.0005250827272958878,0.00034767373360569226,4.1099977334450835e-07
-0.48468483546240854,-0.4513236090574664,-0.42739823978578617,-0.35398515887438514,-0.4761283739841295,-0.37377705288582397,-0.16455142073647666,-0.42264042798510026,0.8733886966137819,0.0004154973442979272,0.0001231021703174042,0.000464711924561505,4.0374936028514327e-07
0.001403700465093305,-0.2727683050475609,-0.14537751267039029,0.010437343312224345,-0.2173205534909603,-0.49695133429266497,-0.04023611293876521,-0.48782387433983454,1.0326324096860422,5.1486430198701343e-05,0.0001772203500515067,0.00032057909236143245,1.3682885942626415e-07
-0.3636550357846734,-0.29112617758668546,-0.1891979344061514,-0.16087462379721584,-0.2033128514161366,-0.2678980612128221,-0.2110721122115602,-0.5251287547988631,0.8280620291323466,0.0005199584267890223,0.00015976318507067474,9.077859871869739e-05,3.041217948781719e-07
-0.3434812592529327,-0.43565282581656645,-0.3602253866754574,-0.26413524129186033,-0.07404467472693155,-0.3779622142823406,-0.08499212221742532,-0.438088148283204,0.8577930118729216,0.0006979636464854971,0.0006614105784901983,0.002650583359380855,7.95020935018077e-06
-0.3127460254887392,-0.48762010725551513,-0.2416815064549176,-0.23458876266393403,-0.47488815442969196,-0.11009006733609089,-0.007518468670573873,-0.5370524766904466,0.73998207383129,0.00012045323731972531,7.961919648799524e-05,8.395146187109605e-05,2.789604678049015e-08
-0.17720572351572822,-0.25567364716525787,-0.11441330326727323,-0.41988360314547113,-0.32812445113036204,-0.4170207092790835,-0.09594819576702744,-0.36951462461632956,0.8254391456552933,0.0003634113174728649,0.00010852864724327094,0.00023928829107431576,2.0110513918508424e-07
-0.09660645573721788,-0.4658505383357084,-0.4809697095023722,-0.021257261296456664,-0.45676771631911167,-0.14866059583144814,0.0006560043062823572,-0.4411723232004853,0.8345859565773662,0.00015503997750245367,0.0008082895854140913,8.531681864536826e-05,6.846484080566121e-07
-0.20049743223980654,-0.4776938358983099,-0.10698366756440236,-0.04762183022094879,-0.41480578263899115,-0.2752368478461107,-0.036592932627372274,-0.584243612544624,0.8834779727207824,0.00039813069830992465,0.001285741167129087,0.001805492854201309,5.071442848359203e-06
-0.009443895027870297,-0.31352951654612704,-0.26323251944980053,-0.024983406546945308,-0.1911678550636396,-0.4135280523783522,-0.038074898600214666,-0.46787637255867737,0.9598204576138833,5.642164145672727e-06,0.0002782252896460342,0.00031514513349854644,1.7675760098268306e-07
-0.18972490385994378,-0.008231178793062455,-0.43556305481756247,-0.4788432996302281,-0.3085938298287733,-0.15921577111078883,-0.07360386636054196,-0.5331176725674119,0.929861032358042,0.0016420208764226993,0.001066821928136358,0.000400000205540492,3.994341749392983e-06
-0.2858924479199357,-0.07753630146219609,-0.2120624034053843,-0.2292011619204402,-0.08329150544326303,-0.20709342885296866,-0.38111685165077075,-0.5456707260831221,0.9128361119764159,0.005259819528279402,0.01078550776228332,0.005748869216500159,0.00017704237642876625
-0.19238971639423758,-0.3382620409195789,-0.026832453793692312,-0.17932057650164918,-0.4940246076661503,-0.08669414773434986,0.011512815092290364,-0.5122422217720782,0.7511057885485658,0.00010664979283611432,0.0007202237373463446,0.0003544272601788615,6.557150929070165e-07
-0.15360615939772687,-0.15453030667426665,-0.11889811051196075,-0.010948870504447428,-0.052345153145807954,-0.03870859919974723,-0.12928651706661076,-0.23572114821034057,0.7391012299470834,0.0029807884108722415,0.0030293136015168685,0.006826383536047213,6.46613526279418e-05
-0.4735465931267305,-0.24182713371424874,-0.009812572389424845,-0.12645718529644367,-0.16674090035768502,-0.11454500039177562,-0.1764577174534946,-0.5557016954424145,0.8481990123709205,0.00010172318744643864,0.0007791133018745324,0.0002214886807487655,6.66422379721928e-07
-0.4639839643352686,-0.14138362923758518,2.9132926678610005e-05,-0.09425159462930116,-0.21950803774487126,0.008330632181507203,-0.19045722282538038,-0.5012618723027009,0.8224927487889544,2.814323076683883e-05,6.15349458960871e-05,2.8874621670617232e-05,5.412334781051186e-09
-0.2721389980011387,-0.10669903003506281,-0.1891834959708637,-0.3072379068982204,-0.006048471498749486,-0.2512721145924026,-0.4764093052145991,-0.5945074827891099,0.8742322547272022,0.001805675505090041,0.002292863848682313,0.02542973757835833,0.0006551892419624461
-0.08820446750726074,-0.18273704892726117,-0.14936906739120664,-0.3436109789935127,-0.015583218750682692,-0.06333680959192689,-0.1959806716507255,-0.35672081101988484,0.7334440019186041,0.0003814863967277116,0.0004168448125495498,0.0010494012454693872,1.420534442630463e-06
-0.37145423358736007,-0.38091872476849614,-0.20321094377365784,-0.27691333349466696,-0.3409635365693558,-0.3264047775599316,-0.15327767560216554,-0.5195442092155916,0.7564128402775234,0.0005525666113166524,0.0001175220552091917,4.3484195478194496e-05,3.2103216865894657e-07
-0.42936383708675396,-0.41521422655415785,-0.2936674354846338,-0.4973102772274078,-0.19468883818698884,-0.0031762780303188354,-0.24635620979174158,-0.41519506014613067,0.7850634924683292,0.000268152593055115,0.00039469047021115506,0.0007654955170828605,8.13669767111641e-07
-0.4800907359670573,-0.0934323506284856,-0.02408826844007339,-0.10205474254534935,-0.11175391890309289,-0.10418763570224049,-0.24036231683976278,-0.5704198348342788,0.8601404679330616,0.001243541400182558,0.002505733580600819,0.0015709661785168862,1.0293030724962545e-05
-0.021776250858504154,0.01656754967701246,-0.2137980751088966,-0.11068887112682707,-0.360949996172202,-0.16206542349603736,-0.011293866278072946,-0.3689347410259487,0.8461301504960846,0.00023969571991901633,3.240136429013316e-05,0.0007861593090937546,6.76550345830127e-07
0.009230136792903187,-0.3408265143338447,-0.47007329740183396,-0.07449203971777052,-0.12712022345730217,-0.28031862898048376,-0.03411077546578823,-0.6885841234965345,0.9709242553503139,0.0017229827063221376,0.002052158204133089,0.0007046254836674657,7.676519773309512e-06
-0.15750705547913163,-0.36883321827031285,-0.3390890239657476,-0.1661876533191477,-0.36048731320777955,-0.4424737426520336,-0.005922725236020743,-0.4181767116728121,0.8447267716155736,0.00023852296063566224,0.00035015504481394666,0.00023605848925859957,2.352253685101111e-07
-0.3518370507035615,-0.3840904759778364,-0.3645159686068007,-0.4539057084057842,-0.3028588654689892,-0.13015368481432132,-0.05209543795472042,-0.408149887471513,0.777309208724542,0.0004725013924883907,0.00045916018076286986,0.00019304448277011638,4.7135180982964134e-07
-0.2692116722681661,-0.13310545611030822,-0.36696150431199026,-0.058835927883795325,-0.09897289348783683,-0.07422845709774711,-0.2049954630283722,-0.49527308710296947,1.0018464527723974,0.0017374703309852955,0.010593428144352905,0.0016722360645956805,0.00011803589645635682
-0.04109546720017043,-0.42959917122948443,-0.10399636510551402,-0.05345463704587394,-0.27299786677288707,-0.25647953712887267,-0.027212217670305332,-0.5046951132936093,0.8579866099151554,0.00013181215696765183,0.0002916844542682185,0.0001976314132046038,1.4151244107146215e-07
-0.0815151119900559,-0.4897836343136657,-0.2909324875370065,-0.08999484562498528,-0.28234629598784333,-0.4300140505777219,-0.07480805117110276,-0.6099290064417114,0.9038101813199461,0.00016761357546076213,9.389961857633653e-06,0.00018444544240048703,6.220260328473978e-08
-0.27040743430857234,-0.2882855415607426,-0.050214846145242964,-0.35721666562998466,-0.3816582663061697,-0.31547117651964246,-0.14674633154240863,-0.4702992788580158,0.7941978169864569,0.0002133969198223539,0.00030295056447694914,0.0002226486907518785,1.868897294000959e-07
-0.07268278723400184,-0.1835858148616311,-0.19703208787891185,-0.13767398157164412,-0.4592777082006015,-0.21344235185864507,0.012183901683455426,-0.2973362294453269,0.7655110734488718,3.497858221536086e-05,0.00014710731582822924,0.0004904378369450409,2.6339333549131363e-07
-0.4029021981999258,-0.2574863618869423,-0.45720443524620386,-0.18942257326529383,-0.009153259796241653,-0.35488892192335464,-0.2845702024409345,-0.6682337243836659,1.1046451716280652,0.0008886727856268309,0.0004766622124637065,0.001061327891149272,2.143363077235909e-06
-0.42114969198681457,0.005151713907501798,-0.1473571955738216,-0.03150390410642501,-0.3078339796038595,-0.09726830720565599,-0.1144489519503168,-0.5209397129587087,0.8257509670006946,0.0010339428496485394,0.00010260896542268533,7.880983519358704e-05,1.0857774062476966e-06
-0.21584877979147699,-0.14249990007188712,-0.4672968597096848,-0.3572939783257698,-0.22974063307280473,-0.14684664069636122,-0.1070526053734128,-0.5317316773619434,0.9255480492704642,0.00017196647852370863,9.33147357581883e-05,0.00023008341592521637,9.121848792928174e-08
-0.43214327272985703,-0.45874164472521517,-0.36205322987634203,-0.1089944858926839,-0.04459058846072789,-0.4654333850356478,-0.1704122846905306,-0.39812274135351344,0.9315164034897712,0.0031751964070529876,0.00026121621944223347,0.0007342185129052807,1.0689182961354733e-05
-0.09275897038302905,-0.24659229696808632,0.01831233159365675,-0.2696702960164117,-0.25703279611732094,-0.37225942963968284,-0.08821802343174098,-0.34700033549842846,0.8424193356943612,0.004209822667837802,0.001105279720708752,0.0012420527025790537,2.0486945071634937e-05
-0.3438755011418318,0.004735723677658177,-0.4583648331639932,0.005754611229883744,-0.13595546472705672,-0.28629255401985515,-0.2071080966041533,-0.6465643250937495,0.9636112978598731,0.0007016870394339816,0.0003625169796835108,0.0003430851456146821,7.414906790099285e-07
-0.1125408974853695,-0.23218806988462176,-0.4299873227631784,-0.3571314569387324,-0.15685037839382782,-0.179032332706204,-0.15472040845173568,-0.5066356223222334,0.8892893407531618,0.0010570797687696172,5.863835681134615e-05,0.00012530574606691062,1.1365576244289467e-06
-0.37194605348422793,-0.009491441956007984,-0.035848428070449745,-0.23591708517681076,0.0022154219799895847,-0.4749638051760527,-0.28883340013273257,-0.6400183706934774,0.9559600016668242,0.000112710909773918,0.0002269861805947016,0.000517975935938427,3.32525545574324e-07
-0.44394620675442337,-0.3684213248326852,-0.4934402098645809,0.005792679844165427,-0.10684272710223758,-0.1607608619729885,-0.16407712807592548,-0.4058147569430494,1.0357108737135083,0.0004724618493145368,0.0007382961515239935,0.0018675760149826396,4.2561415781512865e-06
-0.18031749234239747,-0.34841345662329326,-0.19504478650502471,-0.3595548363146702,-0.04302894202146035,-0.45483566850674634,-0.20944800792129062,-0.5069358805863945,0.8695246532444109,0.0033831850171495165,0.001518924575537113,0.003961554660311965,2.944698805307501e-05
-0.24688111364645648,-0.18997560522677054,-0.005507370099584907,-0.14515772060700438,-0.4964043805963392,-0.11241432585352201,-0.060531675691011054,-0.447135314717719,0.7534946855008813,0.0004419194112829874,0.00011848485281428624,3.590829313518206e-05,2.106208319310074e-07
-0.2127640327462194,-0.21224042946865812,-0.3539144568507798,-0.350014671908676,-0.16831050997510644,-0.10033077928807427,-0.09936162579760278,-0.4718715904366941,0.9021981607771806,0.0005624553285288505,0.00021215763536824392,0.000625525173304174,7.526486012727589e-07
-0.2768408081640513,-0.250697262454944,-0.15699120893324847,-0.3079221542723637,-0.23984909760023232,-0.3480686695801257,-0.19792843086550835,-0.4328455790387462,0.792286282216991,0.006147250627831223,0.004809134951889769,0.002570409895028703,6.752347629532063e-05
-0.45652167385895204,-0.43586135837619094,-0.019364041019869827,-0.08908063438169372,-0.09680907263248162,-0.01368121048140819,-0.1946902917303079,-0.5260496805433242,0.7288943951330311,0.001167182240522623,0.0035287276321469213,0.000995620235164346,1.4805492737137328e-05
-0.13506641657572005,-0.468468466391587,-0.016220806953406164,-0.048354001118551926,-0.02642597498754501,-0.04343327201812347,-0.09853219095876069,-0.4706352454530824,0.8004336589750319,0.0004644833549464683,0.00017130482844172166,0.0016192892088868023,2.867187673287019e-06
0.0024772768497605124,-0.21091362543662084,-0.38654114705547327,-0.03799496314667572,-0.3304468388272767,-0.09152725789160443,-0.03217826829353845,-0.45816964248553993,0.8843750376451635,0.0003169231845997666,0.00035908749280747567,0.0008335228923899249,9.24144544565683e-07
-0.4049027911436,-0.08218780344158105,-0.26618596074931156,-0.14792855751217948,0.015781155099363287,-0.2945720840649534,-0.19828624616375054,-0.6717416777138884,0.8890925766120188,0.00023865249521486142,0.0004043091368262292,0.00032110995376321395,3.235324939992633e-07
-0.19412642605739522,-0.007269526774631774,-0.23419318381117216,-0.14683749538772572,-0.20419601723516612,-0.32155810414251185,-0.21503144632978052,-0.4179037882942735,1.1380697385702052,0.008811871556884385,0.006785289026903399,0.004460873375811858,0.00014358861878867082
-0.1367520955349123,-0.08524042469761955,-0.038076856371578205,-0.05469878463141048,-0.23388837278504715,-0.3097070530020981,-0.09536331131429907,-0.22448390728680015,0.9846172144436763,5.499623616062378e-05,0.00012488725028930627,0.0016678546474540243,2.8003605363106463e-06
-0.21386780334813937,-0.3364153127087698,-0.23753934226900003,-0.1402618468511984,-0.10077194397914108,-0.11974446933981936,-0.002431432746890776,-0.4647208002903298,0.7343723912824422,0.0013238064261202778,0.0018626708700441562,0.0006371594304995364,5.6279783638228905e-06
-0.010072113040448416,-0.36442678396575096,-0.09950680723707189,-0.05122638633944521,-0.39969857003622405,-0.3951907034055522,-0.03290993759050965,-0.5087874215511623,0.8738474946537675,0.0003040393561720089,0.0012214276660122935,0.00024835897688763546,1.6460076548024015e-06
-0.2341957386576901,-0.4157186909934264,-0.028170748415245694,-0.038793803804964055,-0.23512276929216985,-0.40652432347059575,-0.04291579209990622,-0.5550028837364347,0.9248206965624436,0.00019139838798638446,0.0002679873818746722,4.2552039724778705e-05,1.1026125585256703e-07
-0.39441538583555535,-0.16387801698436505,0.001560222404333178,-0.48386635704433,-0.18321595175915123,-0.02342369183003007,-0.261035059601081,-0.6621102647047248,0.8170338820794831,0.0018577296712561039,0.0013934796914927313,0.0007962006099200909,6.026880593305113e-06
-0.08248358872462536,-0.25217556456890033,-0.09008428998607598,-0.31768041609883746,-0.14464531919098322,-0.3618674738021822,-0.22182000526488818,-0.38563218279179673,0.8429023019655134,0.0019855821901989847,0.0010733693848358687,0.0027942724867126892,1.2902617200337845e-05
-0.023203500049826187,-0.10809656179382754,-0.16194868849534705,-0.21803449949130277,-0.18640872825740268,-0.09313350384568309,-0.05560595637567527,-0.3089482765653495,0.7868339628617154,0.0003518240356307236,0.0003318007752640227,0.0001025961617619601,2.4439787892158145e-07
-0.021723690941803653,-0.06137936780205683,-0.042744416797924345,-0.374470810819887,-0.06474802122093903,0.00716379050395799,-0.3269995130425597,-0.3439818638273139,0.5757899856891909,0.00029874655458274,0.0010337350152573414,0.00025746843842422353,1.2241475824287616e-06
-0.40057988466023914,-0.04783129327632135,-0.1937503725045691,-0.26927893406649994,-0.1494651285556139,0.007836888152789934,-0.24594481805790577,-0.568826524827136,0.8807667517091866,0.0005671928815760949,0.0009765061997100942,0.0009297271088025212,2.139664619825139e-06
-0.3374021627413181,-0.2755450167312973,-0.379078182072357,-0.23808254682891505,-0.30015262060959247,-0.4323997078663034,-0.19390991224565177,-0.40894798542567656,1.029635297952415,0.0007805997405611767,0.0013000763996615144,0.0006046826023599606,2.6651756495178365e-06
-0.16866247212520513,-0.05525467495660019,-0.1778126937248543,-0.38649304560243225,-0.47798913340426125,-0.4516696074421283,-0.1639978724978776,-0.22180875169001152,0.9154662065311392,0.0005857871959043607,0.0002446241926082443,0.0012301159555563295,1.9161728986089914e-06
-0.04085704903085691,-0.400892357577924,-0.28783570747566606,-0.05080654730794382,-0.33782022627296127,-0.06526819709840337,0.02526338719124754,-0.4692749996898995,0.718602403047785,5.878760215131238e-05,0.0005684027386772153,9.862057321761731e-05,3.3626367296423097e-07
-0.2948241466787179,-0.34516912048554904,-0.3752878674521968,-0.06624573829900215,-0.49075402248932126,-0.16158953515063268,-0.009804799463963714,-0.3804838973233928,0.844072624694164,7.476965588753813e-05,0.00011344148427765506,0.00032649823220402976,1.2506056742901488e-07
-0.0028922522146169194,-0.47481502530570396,-0.03585025987086282,-0.21705878261054212,-0.38048521955300313,-0.4247775987648479,-0.0830507134703455,-0.5421382957588882,0.8668746714113474,0.00010666014055819644,3.451814069327886e-05,6.467308386357638e-05,1.6750495397240393e-08
-0.2469153626927179,-0.11869128002449825,-0.29505799815773703,-0.35919373674930577,-0.049021877595045615,-0.25493259685050174,-0.31000709910441765,-0.4798684557829355,0.9526594129203043,0.0010541769567335784,0.008236155403725073,0.022183274969469896,0.0005610432332615272
-0.20347243731104037,-0.34902105022028457,0.0011865879953038005,-0.15518644486006244,-0.2344074476897281,-0.328022132214957,-0.026461151254790875,-0.5058756866502426,0.8911947336649444,6.230849357947193e-05,1.9396995534862394e-05,9.8549372053078e-05,1.397057053997856e-08
-0.1478674149779864,-0.04035756050621925,0.011972304920633614,-0.10584286273372467,-0.13874649717809218,-0.14830215409791603,-0.1780766903081358,-0.29149555224542323,0.7261819785246917,1.4268870671446005e-05,0.0003860929488842781,6.464505256828593e-05,1.5345034866995267e-07
-0.4701506512823122,0.004122452302918078,-0.09058500882362591,-0.3597477925380356,-0.3493032438946081,-0.20727552589208958,-0.22713478865439418,-0.5619839618772775,0.8530614914156194,0.0006004799754448104,0.0006057935009701098,0.0001857877179552547,7.62079042870844e-07
-0.4162281934758207,-0.07504027344194403,-0.30582033199067304,-0.47720903277635074,-0.27099214991245196,-0.4868318249990384,-0.22228021058877712,-0.5845648814436881,0.9654471868211526,4.285426352890354e-05,0.0009544679696854248,7.40105847377316e-05,9.183231597112427e-07
-0.4426516342614238,-0.4448998193808802,-0.03936018811178249,-0.1108951142933598,-0.3988781049174216,-0.13235449743983946,-0.13946827881996082,-0.5234499815563484,0.8254762221749469,0.0020806786586564535,3.626298549424187e-05,0.00017705545197970864,4.361887317781113e-06
0.0007314010658954206,-0.2504118283981196,-0.13120842734828736,-0.11970702901835611,-0.13529773115904048,-0.4726499455972265,-0.15226309951710723,-0.43922039697797605,1.0731765538103446,0.00045122588727437363,0.0005366314600087248,0.001801127990825472,3.735640164552643e-06
0.0008919381204156585,-0.300154780438863,-0.25809927553892087,-0.4959389661926786,-0.36189535720004956,-0.056963015367701875,-0.005898018810882154,-0.45456826781620063,0.8201120216781678,0.0002643489748809623,1.4321760367201974e-05,0.0009522381452140365,9.768429785412997e-07
-0.04772051732042887,-0.2582673083106864,-0.028922566852549403,-0.2211057891807186,-0.0039383403066008404,-0.37142736893677414,-0.30285080324875835,-0.5034926443192199,0.9918156893311727,0.0008309065852702661,0.0006829661665106204,0.00039455581315063037,1.3125228277346622e-06
-0.34333938674475484,-0.36466598102340875,-0.3842764870062867,-0.1264730337823045,-0.21334883408806687,-0.20113229699976165,-0.019281708932361818,-0.3815863732504424,0.868927599016877,0.001126437036967123,0.000996762242983309,0.0034704660819530097,1.4306530193274661e-05
-0.356884786722677,-0.06708206594082833,-0.15186993257577297,-0.35704113293660933,-0.397230569335885,-0.48936919795725764,-0.18961510564066816,-0.4644708759677329,0.878315946884472,0.0003186544250136718,0.0005779591389568135,8.424512413384019e-05,4.4267464982482105e-07
-0.2856447922073462,-0.0707443654572601,-0.4595298070589232,-0.34379918679527804,-0.0382647902357261,-0.033022139043726584,-0.21170653250835397,-0.4991163188446176,0.9381114664158928,0.0021017184650634394,0.0012633112010723877,0.0035378649024509832,1.8529663765138084e-05
-0.3358119322196568,-0.08477096944636398,-0.1095061208954039,0.008795896898571853,-0.27340350576513994,-0.29900103715748205,-0.08766139988466834,-0.48540923613753884,0.9950509368463821,6.266711490661293e-05,7.834930634182877e-05,0.00033794914865855046,1.242754081740034e-07
-0.4069306994745763,-0.07341458687681424,-0.35118666179589736,-0.08355152866705312,-0.2520283771415568,-0.18654750740129983,-0.1817855145942698,-0.5247254754780954,0.9869236260382535,0.0004002865905212928,0.0011621414137764569,0.0008688937451683916,2.2657783605582564e-06
-0.015589166200022486,-0.21556343862914862,-0.16710393849147642,-0.2032940491928022,-0.23383731523961476,-0.21102237703782956,0.006331267764733755,-0.387300533492282,0.7673705732838837,3.759552951495367e-05,0.00010650461926661743,0.00017175998776116155,4.2258151160351277e-08
-0.24598841998490423,-0.2528727248081736,-0.12914216737139766,-0.4511716446635398,-0.461603837080357,-0.19439399247400846,-0.1602863914948858,-0.444293749965748,0.6874175946301876,0.00019831975732955944,0.00020872786446499465,5.349648557008714e-05,8.575992151972307e-08
-0.1565829613758175,-0.2109969106248451,-0.22148336825867743,-0.2641808736710948,-0.33455531694781,-0.05820963918621058,0.004521890310507237,-0.3353521009786125,0.7978526694645471,0.00045063793037279827,0.00045237266361607836,0.0017143632840148839,3.3467570406560807e-06
0.009636352145180549,-0.006583266371555152,-0.27684611194680814,-0.4270521180202544,-0.30261306933208654,-0.2954711540319256,-0.10459705485252327,-0.36733143156535447,0.9570505059495142,0.0019404651592192332,0.0009322010905262926,0.00210164266196848,9.051305785928092e-06
0.012879397071282828,-0.4095775554446883,-0.16232184893323925,-0.06526724205274537,-0.3783095803165242,-0.0809096971288858,-0.009599966026080226,-0.5288656405774667,0.7998403610693804,0.0001457550295133764,0.0002172000121689256,1.3027897138554305e-05,6.859010001847943e-08
-0.04002241345649604,-0.1470801573686693,-0.41123331303430943,-0.18959024160764093,-0.25560154877595254,-0.39275231054631515,-0.0751380210810068,-0.5233280136547415,1.0459131357422926,0.0003195304770632071,0.00016317712643040317,0.0001202320419440089,1.4318224427235045e-07
-0.19626404052420304,-0.37877311208553394,-0.4980405410807385,-0.14081723541018193,-0.47365891060013354,-0.33551791106955337,-0.03361957735619504,-0.4126179701920989,0.9558287844490462,9.730650191059304e-06,3.955696084355453e-05,3.4904825607180367e-06,1.6716221728259455e-09
-0.14422766886838712,-0.3269390548693523,-0.3238298852049783,-0.035432212431571464,-0.4162881309263581,-0.09193201820524849,0.014565858008265771,-0.3970489498601601,0.7638476880510618,0.00013298789179930543,0.0002661531444701561,0.0003739851745265399,2.283881864422221e-07
-0.4394678917742138,-0.3563064982071338,-0.3473865602121536,-0.4129449288059601,0.012293476456710861,-0.24969316972523076,-0.31940577839794887,-0.524150878847386,0.7705410998883391,0.0003720174324841666,0.0011755575105253655,6.865823056202599e-05,1.5250463832486146e-06
-0.2116030017762262,-0.410453940529142,-0.30718849397378767,-0.32887161789382613,-0.46801488868955843,-0.10696420669012269,0.021819554467587064,-0.4859182916601475,0.7382430407531548,0.00018168039836083318,0.0019225887097453864,0.00031036540529117513,3.825681798790536e-06
-0.2920815732469349,-0.27017062188622354,0.006256943038052909,-0.42154678221299824,-0.0658348897028529,-0.35447031162295217,-0.22295606087439973,-0.5516718720480661,0.7601810271251177,0.0027069509203798015,0.004233911704066713,0.004435045123179789,4.492321684781897e-05
-0.38421577830988174,-0.44842237585206435,-0.06073414359646995,-0.47606962510274414,-0.48910241377548064,-0.08016958122399492,-0.09223416497711276,-0.44840832704160555,0.7172260314519787,0.001679053499844848,0.00523670434237786,0.0006609763870517073,3.0679182809060304e-05
-0.018753667616806247,-0.25283724900756716,-0.3155881656553977,-0.1357198779226746,-0.41406822676297195,-0.47557283593257155,-0.02145505349013128,-0.3407974254350503,0.9113124734916138,0.0008944769469846587,0.0024983494003278117,0.0023672697172913266,1.2645804649209893e-05
-0.0998919135930898,-0.013140320994330212,-0.15943112153777134,-0.03055553868509614,-0.0060618851577505795,-0.3329710674347824,-0.3162867525059305,-0.6680204599624777,1.3230053051982744,0.053952057166269204,0.013029744512122177,0.014197134307813039,0.0032821573370776396
-0.1957400215885315,-0.27741421298683666,-0.12099761116765101,-0.4744400708262637,-0.06633016536610775,-0.11234687853546982,-0.12768036509289293,-0.43949940184615255,0.7215290051532693,0.0012040937083745665,0.002850403142168197,0.0005423574339295316,9.86879131756817e-06
-0.15519969907630327,-0.07954997674915598,-0.1693496350050489,-0.048643145920661934,-0.4752546680228149,-0.2393047207227701,-0.018958499289684714,-0.29385534093262256,0.7800049230621677,0.0005350274326698663,0.000766735815795004,0.0006663627623761327,1.3181774960136887e-06
-0.44233181029296786,-0.17803830278350735,-0.04242320960770546,-0.4470333244259848,-0.4965081896621888,-0.2911867494437489,-0.2024380083827323,-0.5326263171454283,0.8871239926923571,0.00014279364450531611,0.000119449136225266,1.725450156553508e-05,3.49558388803478e-08
-0.45509554111497935,-0.1633485615175751,-0.26027323967583127,-0.2623401269791211,-0.13951999708564644,-0.3100783806706989,-0.23956401441664768,-0.6530684939386915,0.9010414323116159,0.0010901120649926808,0.0005019825468771095,0.0008604983815303423,2.1807882562281747e-06
-0.058438958387122264,-0.21177884869109154,-0.34533928313519413,-0.36569320141115413,-0.47849639654242665,-0.446225980231477,-0.09371826471314931,-0.4369822718595067,0.9503695056891659,0.000139112572748787,0.00010506715878743787,8.154685349179104e-05,3.704130506686286e-08
-0.49250199082562846,-0.06694436535819759,0.013070186743858958,-0.36142412995243234,-0.2570473427069926,-0.48195344650000493,-0.20525500445666198,-0.5472432982947116,0.891647768781538,0.000155502109565592,7.008858198788978e-05,5.649502558871173e-05,3.228500332069171e-08
-0.06906753678886651,-0.05385990488444942,-0.4686281905761873,-0.058450187724638225,-0.36755324556951924,-0.026658640318839855,-0.04163421772930101,-0.49136391942738,0.9197714362675236,5.985647453216709e-05,5.641415645521726e-05,3.0237436911015598e-05,7.679657182921347e-09
-0.1238592125427388,-0.058959257089665984,0.013245574456861253,-0.21807701708359933,-0.1762224644158708,-0.43392079059460303,-0.36731012618422765,-0.22237584154903972,1.0308508368658686,0.017064303301088803,0.013957186946374557,0.01905319206513111,0.0008490176424783737
-0.4204417332090483,-0.18496522396786352,-0.003355844345162229,-0.14437171004350824,-0.3724226514981498,-0.3617426064066469,-0.1767837357322542,-0.5043538792342434,0.9103299569943315,0.0010515623744128603,0.0008344800349283961,0.0013588609121563898,3.6486433345614053e-06
-0.3644446457575779,-0.41270452476030345,-0.25705599470132906,-0.45963114462532734,-0.47163291046861366,-0.22994313089018092,-0.11947766788187897,-0.5143720101765176,0.7340338292874917,0.00016809592001534876,0.00012417711928889352,0.00029398013016758467,1.301005122140447e-07
-0.17344206786961064,-0.4685307998668617,-0.4151520869113128,-0.1634510945456032,0.015617699154901299,-0.2838948181832025,-0.026414218722822617,-0.5034627684469455,0.9036187474383645,0.00033286160134515943,0.0001624818965775179,0.0009700125565439478,1.0781215722184166e-06
-0.31059334609918815,-0.06191815750850188,-0.3280636533500533,-0.06688577284329272,-0.355574813606046,-0.1763670327331614,-0.09998928420626006,-0.5294453431668492,0.96032109719935,0.00039904651651454187,0.00024790856434817434,0.0002735904672766271,2.955485224042067e-07
-0.24662574310748248,-0.06243413762159333,-0.10554487566707638,-0.20698200610832718,-0.2475134355560541,-0.46439267969164877,-0.23607765782222456,-0.36306160743261917,0.943264376559651,0.0014656190912814917,0.0012416287041580602,0.00725929009782367,5.638697388407878e-05
-0.2615594815736651,-0.43916354030845856,-0.4435258300309384,-0.3680660233429862,-0.1809031340774529,-0.49713356396174835,-0.019555361671505227,-0.43570205128889045,0.9135331672080275,0.0001894452778127057,5.613851144143829e-05,0.000698640472456957,5.27139555507274e-07
-0.14587567372946592,-0.22570552244261638,-0.16734699650938117,-0.3469014022737398,-0.29513089744855053,-0.20334719920069294,-0.04614636652683479,-0.3475038200316876,0.724252303973685,0.00025994247871545653,0.0003811001840248325,9.650238907765065e-05,2.2212015360219104e-07
-0.12296618493462902,-0.19823433456213585,-0.2363760421852737,-0.38303389241236896,-0.15016823872287122,-0.4764728660964681,-0.18914583870657928,-0.3366025417470943,0.9034851484938418,0.003948109459942948,0.001821065097520602,0.007355412454109834,7.300593876717277e-05
-0.21996331685319787,-0.2250590522133306,-0.2338269519803165,0.008299483914107952,-0.07320118621254851,-0.4150617544570504,-0.1343840192905622,-0.43702273886768894,1.113168485750985,0.002615318966558104,0.00040046713113739744,0.0016497450047252534,9.721925800575893e-06
-0.41234098813524117,-0.035866092135345085,0.015906497983168344,-0.40027829962180106,0.010219678589091785,-0.01024225382149746,-0.259168271255435,-0.6761782685946124,0.8354220332008568,0.0009188937607018974,0.0004608964343773747,0.0016048706158509356,3.632400960300414e-06
-0.16856695528477394,-0.1139394171161281,-0.4833939399931187,-0.4159873464646444,-0.2325926398003818,-0.4720406976282173,-0.1123647761495611,-0.5427823656622146,0.9945304647146346,5.5430658560086424e-05,7.309106577198315e-05,2.0345884272942124e-05,8.828816810937199e-09
-0.34669088933632164,-0.4947993748359044,-0.05272734369227933,-0.21858610864649258,-0.14964318934279758,-0.1975177583945223,-0.06589571935751092,-0.5364560345187971,0.7426628205733743,4.3730204956556883e-05,0.00035282281302833365,0.0004640279801747514,3.4171823460382837e-07
-0.20940246650298833,-0.4061347255767748,-0.49982759395761645,-0.24371654704044082,-0.3090192191508721,-0.2281916765046202,-0.0357753699093675,-0.43952192245522265,0.9856670531971804,3.9136132789376804e-05,0.002254898761079724,0.003904279515160352,2.032949859210934e-05
-0.030776977509438475,-0.05940851522448304,-0.28793049322953357,-0.05863270229220535,-0.1978110423232266,-0.2717248794965976,0.03135262217120851,-0.6541221606989593,1.132174271007761,0.005622718785933947,0.009438160664987085,0.006984092625581919,0.0001694713930865117
-0.4212247144669347,-0.24510052175709995,-0.4977722053799525,-0.2540068268217234,-0.08775180405167121,-0.32240398669867976,-0.27082838203001774,-0.6419048439242178,1.0887963895658623,8.742585886302769e-05,0.0001458446877426824,0.0001996378685677451,6.876923230697086e-08
0.0023612496586518095,-0.4898136445132204,-0.023976594726527967,-0.32616466769022034,-0.022015772331269057,-0.22202286445283315,-0.17666008419963442,-0.4778606696267681,0.810842134173773,0.0002906758198286454,8.254937234251775e-05,5.888161137299784e-05,9.477387526507955e-08
-0.07270129551186827,-0.04129587831338061,-0.39555440127850533,-0.42450830318898963,-0.12056601000661071,-0.2905208820209183,-0.1873916249867928,-0.47828781563257705,0.9488729350185197,0.0011754074322180628,0.0022176242965157435,0.010020596354802666,0.00010671179145809488
-0.4891512162999286,-0.4098183448907955,-0.2164875016256509,-0.33612636944161206,-0.14751178348298283,-0.46558676815941846,-0.23371898467768806,-0.5026799485565708,0.7760538476440577,0.00020555882150165796,0.0004447086682282316,0.0012637455786567772,1.8370731162690308e-06
-0.4006320974769977,-0.26054208601494855,-0.22607188630720554,-0.05819145692596278,-0.27100434660655537,-0.43389309394070064,-0.13862389697439248,-0.5479639516384798,0.9134844004416542,0.0005693295253688243,0.0005660395565310277,0.0007990305632500822,1.2829867290222766e-06
-0.4591328600810678,-0.37597893386642217,-0.15797495088673852,-0.4134246873756683,-0.007876353218077281,-0.3758703237306371,-0.2763040215890815,-0.5745752261203368,0.6977160073560459,0.00030285886806532804,2.688231601903014e-05,0.00014249925969056347,1.127521918927174e-07
-0.04592853613594938,-0.023741510469382276,-0.29972252159718765,0.011153283120690749,-0.1255849717437615,-0.0697413343341643,-0.04947807208161269,-0.384805793274014,0.9366166088747938,5.128483155339924e-05,0.00038844757176710376,0.0020681571649120182,4.430795708736136e-06
-0.4904998044284674,-0.16881727633359306,-0.4637221336004582,-0.26264382776039846,-0.1279373107078567,-0.49467160164293894,-0.2412458855689929,-0.6790605913132933,1.0136134559082046,0.00041481592823339983,0.001178222817777192,0.0004266476486610502,1.7423094787549667e-06
-0.24378998020855813,-0.22340292513403115,-0.49645020163557685,-0.43607826385652826,-0.02320258028247174,-0.0733116795231627,-0.1855534519073073,-0.5237354594124225,0.9028251319406245,0.00021745255857791404,0.00025202206153696863,0.0012122243966395886,1.5802887225416391e-06
-0.26007077927974215,-0.07999988653455986,-0.2917806054733886,-0.4926953290628637,-0.45150928497986886,-0.39316461640119243,-0.18678613749537273,-0.4088227521024038,0.9733159911721636,0.00020968272431183966,1.7002641154866077e-05,0.0002970435412819941,1.3249080009842389e-07
-0.34165779879919633,-0.2775335016045436,-0.3986958812552527,-0.21475854902495967,-0.17697265053353545,-0.24680046906428965,-0.2210822900638578,-0.411727586862291,1.028425517473442,0.003118181273886918,0.007872221038689897,0.016311689075325465,0.00033776611902890303
-0.10939368089592988,-0.10385881418605164,-0.2152562644925256,-0.17861161099987977,-0.20802644759292888,-0.07090555021792427,-0.03727486673406785,-0.3903069962858975,0.8088965506201389,0.0001140964003282132,0.0006181466233430245,6.55506993047677e-05,3.9942013069758294e-07
-0.22358066049365788,-0.06662233512671573,-0.15104751236232916,-0.40919341919197755,-0.4022906680393386,-0.3023194519046636,-0.19428156687568315,-0.319365136151098,0.8617387793229546,0.0038461473616204175,0.0005975896177441667,0.0032190412114571493,2.551218919959483e-05
-0.44623859113569597,-0.2988496889731037,-0.33959435027484597,-0.09857910740400944,-0.20704488550398575,-0.30892738244997153,-0.2719636419532235,-0.48063181255742476,0.9037648894926573,0.00034045304803353126,0.00017405149160110343,2.6426249169839137e-05,1.4690054628907733e-07
-0.47372609966085555,-0.4742475070727787,-0.29460906823082816,-0.41131893376676587,-0.000784596584421926,-0.14956504393749237,-0.3169409116348282,-0.6121315763919536,0.7571241539180222,0.008000034573653152,0.0025984063915837027,0.007016777248813784,0.00011998743191493954
-0.20518437394297734,-0.00017008045204036648,-0.37712901365716134,-0.2737897866322791,-0.20967741619805208,-0.3339786225085004,-0.13678179641408536,-0.5189980713436891,0.9995825157653274,0.005132754228965182,0.0037111148431198,0.0007580943548090839,4.069224640457744e-05
-0.3572463481224623,-0.32674301481565543,-0.23827422768260564,-0.24961441062746276,-0.2572304033782017,-0.428502661320179,-0.19503844705877899,-0.5066208902308583,0.7812604094971439,0.00044952676030386615,0.0005416930725285176,0.0011078896192742661,1.7229251015503539e-06
-0.14406271561343154,-0.15672284214534266,-0.11334293290297548,-0.19613061044221186,-0.008237945565500004,-0.0573554218033232,-0.2582042477533065,-0.3670022409488697,0.6239720939094732,0.00019736911607161914,0.0002249753387334002,0.0005317857214914143,3.7236452459924445e-07
-0.33360253011393914,-0.3014232783452172,-0.2982269484120712,-0.3712427739273884,-0.15918463260834304,-0.15715927380613864,-0.2597841789993963,-0.38518257207929735,0.7656662964972141,0.0004982323121312019,0.00023414609045672346,0.00033214814104678617,4.1338221612860745e-07
-0.23771162031776677,-0.024661707129662036,-0.3625627841474228,-0.33419968713843096,-0.45586297057431985,-0.12627818197216945,-0.11519803810999722,-0.4794380479174637,0.9236248270063477,0.001313725543519417,0.0001498031178653913,0.002050089436529761,5.951182475588492e-06
-0.47334775668045126,-0.3895829792191971,-0.3431432262251416,-0.294884211091721,-0.14054056434869666,-0.09233809054055242,-0.2954035621008356,-0.47394253393078584,0.8013069059918247,0.0009897757619671565,0.0020215678118043617,0.00022827919575879322,5.118503867917424e-06
-0.1815688861762202,-0.4023816847268967,-0.05568221686585462,-0.22654510053815502,-0.09376177579108302,-0.27407311975054716,-0.1986310511119155,-0.49912355526387214,0.844217920190919,0.00024867423735063345,6.648594633672097e-05,0.00039878609612848667,2.252896078476072e-07
-0.3624750415087896,-0.14522317195565604,-0.34571680782198577,-0.22201571178666774,-0.1053840753012334,-0.20751632930720487,-0.26775756798674594,-0.6124945726756474,1.009288489049185,0.010825762478473232,0.005282867628955987,0.003696408111941634,0.00015876925655541782
-0.41577679206027,-0.3159496436554992,-0.3630714472656082,-0.026331696304076946,0.0026467693769957057,-0.30252612410308205,-0.35302177909425586,-0.5669680850375147,1.044349406289251,0.001591436655081451,0.002280604402315224,0.002736177083657054,1.5220492100126434e-05
-0.06458256844356319,0.018076904855259035,-0.3958328819798471,-0.45796052604218623,-0.18406260834515353,-0.07505050895410231,-0.12695699881583586,-0.4767264054411733,0.8827215320615192,0.0012568168923582672,5.487016675661034e-05,0.0003910038529556221,1.7354834491431316e-06
-0.24120398232601437,-0.037808471646505026,-0.3630018471282326,-0.18420249728302435,-0.13133972741332411,-0.3050504152620438,-0.2155588349413841,-0.5982525258869078,1.0605004593579497,0.0022254258596874914,0.005298507377400047,0.0018166429512925285,3.632689229780936e-05
-0.07303743632774584,-0.18385028418083454,-0.17435542698338713,-0.3616106688771193,-0.16230060668132112,-0.3954594936296013,-0.20348875676574357,-0.293330971421288,0.8362376599469067,0.0009548837233471171,0.0003976311954273417,0.004152625726340053,1.8314213915751494e-05
-0.3364404124678704,-0.03816797563919705,-0.38146815265519735,-0.00623141839359892,-0.08463991280056488,-0.2851335966717351,-0.18252422605950178,-0.6362347131740259,0.9537696491677449,0.0028877135190083034,0.001202674518406902,0.0004771588817888344,1.0012995963558564e-05
-0.38403089025926523,-0.45878541648073645,-0.11564217960134454,-0.014620234101244634,-0.19904993542853572,-0.36472709053480196,-0.0860806393872018,-0.4910092505355366,0.8135034662296837,0.0009153194980415573,0.00215391668891936,0.0016943665017942306,8.348044728702801e-06
-0.36300942333837866,-0.1813916251669075,-0.3051096032312274,-0.05129438468326858,-0.13242423849655915,-0.3447819062762588,-0.3028622065197463,-0.5463518541900239,0.9521838175792059,0.002344947075499368,0.006821489213784054,0.006744021797539585,9.751332188635425e-05
-0.46899800912176676,-0.30851110061355647,-0.14376661571521465,-0.07990856210811614,-0.1911039250347112,-0.0971412448773995,-0.18099009666563373,-0.5496324376808277,0.8491149933485381,0.0005063720067614774,0.0004182216909252032,0.00023651534713951537,4.872615014245075e-07
-0.05910115956976408,-0.40850497258683366,-0.20437793677028093,-0.012317663030076365,-0.15371888913820136,-0.23341082540725405,-0.0620184505979309,-0.5174864661881091,0.925564915329243,0.00016335550585256254,0.00019623062275379787,0.0002716573417119523,1.3898918990469437e-07
-0.3294448164669342,-0.3769103369080966,-0.13470157492321805,-0.2621127349497847,-0.053121679304499625,-0.35898328163405435,-0.18214561297138107,-0.5454146343524052,0.7644525840689468,0.00014646341086102505,0.0017658352489798624,0.00030005709119634833,3.2296599152380304e-06
-0.4387576140927914,-0.07112179273404373,-0.48784259709500394,-0.11259429799965426,-0.14891300991017925,-0.28902149289362516,-0.21086988893217662,-0.6851232711314837,0.9984259457511373,0.00019846127607778456,0.000152052918818103,0.0002134217362290068,1.0805580571853097e-07
-0.07830593531668367,-0.12879688667028688,-0.4062474509286861,-0.4019538657848428,-0.11497341147880352,-0.11300748669893673,-0.2240720913707399,-0.49928355941604485,0.8726176197813129,0.0005138088604488534,1.782935767852881e-05,0.00013293472645098094,2.8198907256757515e-07
-0.20841531460348184,-0.1624413088476086,-0.34530621020085533,-0.355264634248954,-0.06641155206621441,-0.2661317351170088,-0.2205795205385329,-0.4771699648090257,0.9358413923891548,0.0010731521609953902,0.000559872115903491,0.00611446051358995,3.8851739719065994e-05
-0.2925270124039311,-0.24609764248445082,-0.015419185892377396,-0.22156412160139122,-0.06595630838589805,-0.46124016818952007,-0.24716028349230498,-0.5024254469952477,0.879431943604039,0.0021742697936982277,0.002550213572407342,0.00527093594838411,3.901380417264704e-05
-0.3415053771995339,-0.4637963406547343,-0.18907206700308565,-0.287652308934256,-0.340154496241069,-0.2617242710357365,-0.06417763403142902,-0.5362519133868467,0.8259882606363629,0.0015071241550334129,0.0027539353654305447,0.0007655150342924346,1.0441596483381995e-05
-0.3985249249780207,-0.04131691665548809,-0.1809749947634941,-0.1295792201731265,-0.0897374905617076,-0.09675747724277545,-0.22444059571442285,-0.5946358619693509,0.92466682507273,0.002671608706486159,0.0005840356106432487,0.00029059217634560354,7.563034488025357e-06
-0.2123067168411612,-0.0471552523003132,-0.02465830502916777,-0.26686055417560806,-0.14854966466759356,-0.4246450753860759,-0.3920168004411398,-0.37155614970156314,0.9642768066907311,0.005083199026829065,0.009014585319844054,0.02120880784323435,0.0005569151909663427
-0.38863477341814934,-0.43159672254302267,-0.24479944148490057,-0.2579694957490367,-0.19641811851449592,-0.31077025776089184,-0.13732609566706613,-0.5064695507765425,0.7454655351095086,0.00025491595202879454,0.0012606558674770172,0.0014014841221234478,3.6183931033671083e-06
-0.1926712249345286,-0.14787309378531388,-0.4958224753680948,-0.021403352427525446,-0.412669527470985,-0.1561740472539015,-0.03722950792311146,-0.5471097079594086,0.9626710970726984,0.00020443529819196338,0.00043554339061507516,0.0003354620787827854,3.4402664255658073e-07
-0.2892307042774189,-0.31377961016027395,-0.38064551916674433,-0.3504741862620428,-0.4921062497538128,-0.39029625437197213,-0.04455554751307033,-0.3954327131148495,0.997580245360881,0.0004540293344162079,0.0009197168368233588,0.000762437035970702,1.6333319302665783e-06
-0.3480083084814187,-0.0642668288971101,-0.34767473789276815,-0.458870294513112,-0.22674128525089732,-0.33980427275043146,-0.19725291911251042,-0.5327516856424004,0.9834578507919864,0.0008472270376995259,0.0006366572117662183,0.0005882387420085423,1.469150876302841e-06
-0.46732609151594373,-0.0865567386114825,-0.10799953055464268,-0.31412416428946077,-0.4043164289184301,-0.2728185943643357,-0.20084225899964567,-0.5407073904545279,0.8890719489288038,4.016842303083421e-05,3.253079684545986e-05,3.7358163678793925e-05,4.067387345636192e-09
-0.09983316722455193,-0.4443817920503741,-0.3165093955715693,-0.07305411049010974,-0.14654877820885676,-0.4563745503711799,-0.07459147286050793,-0.5551313426448229,0.9270008129291496,0.00015759008574242527,0.0006053333469699233,0.00039771338750625035,5.494390346798116e-07
-0.043311919510439056,-0.08304380934999567,-0.4492017799692748,-0.35102622952569346,-0.28861139122207913,-0.07673101076118394,-0.07025294964235601,-0.4956746144805549,0.9054983820477938,0.001235961187678055,0.0007130219034314498,0.0011629120643635103,3.3883647616617585e-06
-0.21835727648099285,-0.2776400286696332,-0.218793716033145,-0.3476790321351455,-0.4819812831308756,-0.4178554792261685,-0.06391423629871638,-0.3586683538126269,0.8083735017503216,2.4082250181333763e-05,0.0002857456121034428,0.00012790642524165654,9.859056322826707e-08
-0.0226428050610627,-0.20111259953023997,-0.2661693326890756,-0.20616561975573783,-0.22092633882489976,-0.14498472132337925,-0.039131851860304545,-0.4292519450637258,0.8133960960847673,0.0002891897052871776,0.00019216455845786482,0.00029250785856136324,2.0611875049154525e-07
-0.16956168098666907,-0.37402384746857237,-0.4832380725939347,-0.3431696999854593,-0.2667505341394849,-0.02468191314321344,-0.0418456480110402,-0.5142011021315278,0.9440440847153299,0.0007905885145379965,0.0012808207954736067,0.002212033933294356,7.158626231482738e-06
-0.31237912780123234,-0.4283668926167217,-0.017701213698525897,-0.42740365889219023,-0.007294966906483735,-0.3474751484215207,-0.1176619475711743,-0.5387495664148205,0.7846625347922963,0.000751632122635439,0.0004921194892466108,0.0002035317594702821,8.485576165868697e-07
-0.28754490720730974,-0.4867681143960982,-0.495721407805822,-0.3547739502787062,-0.3891055761434742,-0.13115629391099493,-0.007141712511021184,-0.4473251032128653,0.8614043718289951,0.00015261626046825623,0.00025977266291705065,0.0005494890905933348,3.9271182003942055e-07
-0.14667548782961404,-0.11016905270581112,-0.22586733488673832,-0.11400612756416223,0.007654955900855409,-0.4214113108905878,-0.3213181939078725,-0.6052150866067894,1.218161323611288,0.0023519586734301527,0.0011884746000098865,0.0005039866479656873,7.198184017719674e-06
-0.030760382594378577,-0.08013949687349359,-0.015684049401413325,-0.2250096992567852,-0.13615256531781855,-0.05302890817082595,-0.1408095071480894,-0.1875437504359493,0.7203052340349373,0.0021173046652496154,0.001122855994892129,0.00022595325817186858,5.794839505631463e-06
-0.12750832859505,-0.28287239875136905,-0.4156383267697866,-0.09662186798461425,0.002736578151088631,-0.40159436468438914,-0.05415002951682435,-0.5744494311208003,1.0902217991058836,0.0031330496954877995,0.0028391656032878926,0.0016407969939996828,2.056907649280769e-05
-0.16932285626328908,-0.19027366953038966,-0.4301441716537735,-0.21031996690916183,-0.07131802370306173,-0.46363864810926514,-0.14412497872714536,-0.5774515444996583,1.0114426847062503,0.0019410061685612837,0.00020185646442650524,3.8158702771769696e-05,3.809707065220949e-06
-0.49288190427226314,-0.11903216883791284,-0.35310807297351754,-0.000664221179602742,-0.2569299451499921,-0.21990536993255017,-0.24724408344334423,-0.5797220233155643,0.9742522061260562,0.004255843349275653,0.0031663109796690415,0.0018713762324122322,3.163977683678394e-05
-0.20980392111778234,-0.15658533658929907,-0.25221410793131416,-0.1982800850868675,-0.19442526786808134,-0.2149735415246965,-0.17513174275142146,-0.34232610640538164,0.8851925470850549,0.0010640600753755497,0.0036325416020050513,0.011924802623468699,0.00015652849994299143
-0.3585633403477805,-0.08034868759787372,-0.49157742283822686,-0.14028499417490292,-0.42902116333835266,-0.07620780757716805,-0.11785294154780544,-0.47563914681569064,0.9791053090867999,0.0034135796259726634,0.0011279799926570847,0.003718578244402962,2.6752688886437373e-05
-0.02960175146318561,-0.32004219528777733,-0.15912968470930694,-0.10448369565043225,-0.4452277788064714,-0.11999069243412053,0.010172838926910921,-0.47842386066543907,0.7443275770244198,0.0001335655196115633,0.0011169790972185482,6.581472299521252e-05,1.2698136294152068e-06
-0.2815918965411181,-0.3252464553579974,-0.12833285367101088,-0.4094149303763691,-0.4164536749134793,-0.4281341559238184,-0.11575456680511853,-0.5095760245503437,0.7899260322169142,0.00012797743081471453,0.0001630579362474357,0.000548399266881006,3.437078692868326e-07
-0.15542801535923823,-0.26000814121220994,-0.01850506600179508,-0.4604857366745872,-0.2700410612801677,-0.43117419505840776,-0.09683217313935157,-0.3658643435175786,0.8356258132109062,0.00021471190188025358,0.00011275722908392058,0.00022873392118424513,1.111346002200398e-07
-0.07031216516752464,-0.3277832266340788,-0.4103522608781881,-0.1957026194428677,-0.486994148804071,-0.0304239286807802,-0.02932740652537374,-0.4144274566954204,0.9149103739896217,4.271910182929072e-05,0.00010957193579438102,7.283178213613897e-05,1.9135399263955273e-08
-0.10132955423280682,-0.22835685144662254,-0.30622362662588654,-0.39821542826256096,-0.0009341414697203732,-0.18694858911895773,-0.24120993914373873,-0.5167543558898517,0.8517998792014064,0.000571949657084475,0.0008459111594064212,0.0028828871290181744,9.35373029850602e-06
-0.0022707767837122916,-0.4878803010000002,-0.2558732150493711,-0.42408862149279547,-0.26551578686287614,-0.3828051975971414,-0.0841202228072541,-0.5466478838570602,0.8890031628722784,6.106554550444519e-05,4.569180581770248e-05,2.133919702884924e-05,6.2721032964741465e-09
-0.260789767198366,-0.009912756357207342,-0.3382298146568734,-0.33570644454969883,-0.33477876005515383,-0.2556628276205699,-0.16500612569708137,-0.4571221403851337,0.9632254538446847,0.0029593717855760887,0.00228371598511336,0.0035392844551286897,2.649977452024169e-05
-0.09438843849753908,-0.21128322466057525,-0.30596763456135767,-0.294638143968437,-0.4946362469093763,-0.2992856794847341,-0.054646392085337836,-0.41270744101133783,0.9265737648748089,0.0008607659723379672,0.0001724955097660249,0.0011609393160410808,2.1184528555542987e-06
-0.12233627566498467,-0.22070748145664026,-0.2501063947937874,-0.3468763658698148,-0.0608577070261504,0.004336355204386022,-0.13505525715702,-0.4139824472086925,0.836721676502813,0.010854324322814916,0.003306984633926245,0.0028509521914669616,0.00013688043227190605
-0.229462019275609,-0.13935551406761554,-0.02444108198758027,-0.4895249439346948,-0.4376019468054518,-0.12263515759062271,-0.2309769762334873,-0.3953048248974533,0.7022137506973923,0.002342873253982705,0.0007434642436575413,0.0004068809240357343,6.207346252168964e-06
-0.3464323629610394,-0.3368894206274684,-0.15853720185125691,-0.06764732512074068,-0.3747416665577594,-0.15601920162034333,-0.12746173503761382,-0.5315646202290246,0.77297695015368,8.332586436088462e-05,0.001548746653061532,0.0007614636421479061,2.9853862733539407e-06
-0.0795048566869937,-0.23967264787238884,-0.20203984153729676,-0.20139324673193088,-0.2947361672853067,-0.17242575485958228,0.028651089705636554,-0.33910369447374833,0.731502527081884,0.00015201882210080778,0.00024063280622335087,0.0005561384051896017,3.903037954306754e-07
-0.41029944825671577,-0.08200503827952721,-0.15725115247640353,-0.4834145324542891,-0.20434480138741912,-0.11054902523775034,-0.23525766119101382,-0.5394988543943577,0.8149984061592909,0.0002731727360639458,0.0016864781583487338,0.00048481008071889713,3.1538727366826617e-06
-0.3226148632511493,-0.16569952348491046,-0.2724649643200119,-0.4105726299742453,-0.2094741868256108,-0.4577852999715408,-0.24318776766425257,-0.46745034733599167,0.9709193129364337,0.0013907243829707487,0.0004836775433166847,0.0023780665003627346,7.823258555445701e-06
-0.10237661747786925,-0.402066851006647,-0.1824536791764798,-0.3147900494812886,-0.19642101476711393,-0.3165329891684412,-0.12107202705748789,-0.4981073491646607,0.8559314656918977,0.00021722031765855992,0.0023484851482242007,0.0018486569116471841,8.980099534814236e-06
-0.369194758707413,-0.47000800606041115,-0.3630186781187966,-0.4231492451949398,-0.24690938144355906,-0.4928958642403954,-0.036442602791324046,-0.49540278310069735,0.7961647404115474,8.783691452059124e-05,8.548947071625335e-05,4.2922769507849924e-05,1.6866137298066802e-08
-0.2531468095155677,-0.1372692731232728,-0.007432012157250145,-0.4688773267521269,-0.44461103610371466,-0.22048341620104994,-0.16243044991801317,-0.4005139173774341,0.7450360502344949,0.006765340591479779,0.00018103245598386904,0.002722476787112688,5.321448592521096e-05
-0.4566048585191142,-0.2558196958811834,0.009065311535322862,-0.2539708467436983,-0.27197634832526485,-0.3647338892991411,-0.16373557868372954,-0.5549345849904166,0.8918127880243367,1.1399337944375306e-05,0.00015315125426255271,5.975521991259593e-05,2.715593789456584e-08
0.018087919492428606,-0.44003842258754644,-0.10150338639249801,0.008698264988571514,-0.36542137633964333,-0.12892585496565406,-0.009528465114923914,-0.517618742350852,0.7927522600108379,1.129056975275211e-05,0.00013035266710427292,0.0001242936205845195,3.256819890454764e-08
-0.1479419699544805,-0.4645796478215827,-0.43962512208558463,-0.4857499335993026,-0.37276154241882165,-0.14933951946051588,-0.001620958216594446,-0.44523449833574896,0.8468165395280421,0.0003651897162795532,0.0007607636778878432,0.0012112517021025246,2.1792555883160423e-06
-0.007831458792125212,-0.48344000277160426,-0.2839622918661317,-0.09269624963895018,-0.3033639542238458,-0.21973851242073927,0.01727791837279331,-0.5584256391283496,0.784818174359604,0.000695744086587694,0.0009304393958926146,0.0003766485700099811,1.4916414487413222e-06
-0.3807602406041144,-0.06334012487138857,-0.4049320516224716,-0.2510398460133097,-0.39570095397119776,-0.1765262221124651,-0.1620570899086173,-0.5639356286814461,0.9581977695941303,6.105375648942901e-05,0.0002882142428228634,0.00022510510439463524,1.3746731897194652e-07
-0.05741183485219681,-0.3682672072928878,-0.3783921441874998,-0.07256202105811832,-0.2955018531932121,-0.006216474632328994,-0.0019151883230332976,-0.39613262995136334,0.8230343896670702,0.00021311271715472748,0.00010466073252996288,0.0005494733072311527,3.582918145063199e-07
-0.44089438659636976,-0.2342590341665417,-0.025438876235413244,-0.0754191849847709,-0.002743458394579734,0.018300804587090602,-0.1639017494110453,-0.5669700437820719,0.864880066629751,0.0013879800927791748,0.0005017329184432727,0.0012236354136231952,3.675508284873699e-06
-0.052385208115724446,-0.14960353563432655,-0.3591537197373814,-0.4280201612474902,-0.12034762649283415,-0.0366303845565879,-0.13392707429618042,-0.4469011112471339,0.8705631402921628,0.01048742689246786,0.003854913257424551,0.0017267121760063313,0.00012782801398589412
-0.46861132167414904,-0.01995352762500663,-0.03505302241953884,-0.04142425958366114,-0.19716144582984707,-0.28385899261364067,-0.23770697731681886,-0.5435756248571189,0.970871257535298,0.0009284452043695265,0.0008091224498513074,0.0015239628835357173,3.839152506764652e-06
-0.35784751856955044,-0.12435479291467455,-0.0031839138894625973,-0.18429305793020778,-0.4434161361480511,-0.2931634299925269,-0.13103301584333374,-0.46747458111349444,0.8464674933710138,0.0012719132533805745,0.0013594314996654827,0.003082158635439315,1.2965519180421038e-05
-0.3827840759370402,-0.36685526748304376,-0.06266890768689382,-0.43328580005174966,-0.4199545031175159,-0.28076841564722094,-0.1900991609071368,-0.5270320956945772,0.7359743761208063,0.00041995103643618627,0.0008349530738514403,0.0003560981533417412,1.0003114033511942e-06
-0.17468407111700002,-0.33686798668123463,-0.2093935362459819,-0.4669779718516578,-0.4587287737719921,-0.2503050874320095,-0.04788673925674651,-0.4783134051750479,0.828175482270733,3.736476639024305e-05,0.0001544527219573612,9.661081826256363e-05,3.458541929279746e-08
0.019931487833276695,-0.01579029773786006,-0.3340019084660404,-0.33707069910230236,-0.1597288322729098,-0.04994491955979996,-0.110239613520105,-0.4328699088672356,0.8480301815950214,0.0020095655600748693,3.8305511601513595e-05,0.0010542700749491345,5.151306443391331e-06
-0.08057223237262945,-0.46818002401954806,-0.41561909144545595,-0.14231931517367696,-0.23219556267915392,-0.24934082370088734,0.005852097087026197,-0.4607474704374958,0.8113337744608398,6.637335518312004e-05,0.0001337211568772883,0.0003109677621985021,1.189877192016091e-07
-0.3438035789456573,-0.21913416899457366,-0.2647546910032331,-0.016018848667792296,-0.02540706236591933,-0.11872261297895187,-0.3133297173961612,-0.4199742392666982,0.8856778955458199,0.005042816655406084,0.010330567066020258,0.0014603351714287008,0.0001342831945384951
-0.49560969413899175,-0.27017554257367343,0.019882387344314134,-0.22776522411879463,-0.09826904176432527,-0.362170528355661,-0.19117948893050793,-0.6055497395971375,0.8885596510342657,0.00020398916029917816,0.00015807725254078745,0.0002813900788737958,1.457803717790087e-07
-0.16685570823269297,-0.36621801858263575,-0.4130463090519506,-0.28715859491813395,-0.09433431509995494,-0.0916048821704547,-0.04803684860216732,-0.5022425283563595,0.9275435781865571,0.0010940423365867489,0.0039677133516724215,0.000549393142818839,1.7241510700660157e-05
-0.08274469967908282,-0.21702074408097538,-0.2179139754590642,-0.09129477196987151,-0.27366155941045667,-0.2607437495223623,0.00641305040521785,-0.290260975488308,0.7857492471242099,9.883763026910415e-06,0.0003615408497942228,9.031718026283051e-05,1.3896666789212947e-07
-0.11810500206718988,-0.4035296070671396,-0.013483006795157182,-0.4885929913354399,-0.20463640475788775,0.0004927549443060064,-0.13867287203734924,-0.4824776468401623,0.7717896334028183,0.0003092905316736027,0.0001549917402517576,6.510780310670489e-05,1.239220985545895e-07
-0.10157331701762667,-0.06677122389363133,-0.20389389024503174,-0.18405695686954537,-0.17283539404383208,-0.36171253739819953,-0.2889519306637489,-0.37527039353064384,1.191433130162101,0.006068528172574615,0.002427550263012576,0.005318158011579192,7.100283909690815e-05
-0.17551762389043823,0.006518017743853521,-0.08492983253135167,-0.3064246545113816,-0.12037540208691855,-0.3549158796176779,-0.4776135039922918,-0.35395883450102,0.9350108347849576,0.0017262512284655295,0.0032561513375905806,0.017384681861935997,0.00031580962827779807
0.013571349005786826,-0.38210589743089407,-0.04836891088733447,-0.04013721161437972,-0.402904056374843,-0.17545496462979254,-0.005705323142229208,-0.5045874771922667,0.7855895998005996,0.00010541752873633162,0.0002313027597391845,0.00024401706394108725,1.2415814952226686e-07
-0.05195024835018086,-0.10492874000277952,-0.2697616135026083,-0.039900001429346466,-0.10677240389371229,-0.4435061441055599,-0.06093953641885353,-0.6620987958388479,1.1835745176140966,0.003753103807492282,0.0014049776405570334,0.0009069928625060502,1.68823864129152e-05
-0.385634866617413,-0.04219929407783585,-0.2889687872915914,-0.47955064923766966,-0.2555665659728185,-0.35532195193559024,-0.2197006214047261,-0.5535820227207245,0.964440451047263,7.80906551503296e-05,8.79399887563916e-05,2.458210849845727e-05,1.4435872102511898e-08
-0.044068107202986706,0.0030236907962606363,-0.4549850987314251,-0.16418000659701687,-0.11170496594027707,-0.16681584593452248,-0.12539080738408512,-0.526926401800062,1.0306575989181308,0.00021935000581303204,0.0003380399847408189,0.0004166506847855993,3.35983249466059e-07
-0.14205994705610653,-0.46991645188992054,-0.03365543942937321,-0.2480683872191683,-0.34837274778839955,-0.42189278990084,-0.08466101848437087,-0.53961817181649,0.8632686228832532,0.0002679202340940808,8.769592032808262e-05,0.000324775600998599,1.8495101728321765e-07
-0.2590553393710029,-0.2959795110481137,-0.10497361253874488,-0.3004126239233962,-0.2546465445639514,-0.20331448245305767,-0.11347501967196666,-0.35162163784836864,0.7092729291429407,0.000857177640163866,0.0003594520371179338,4.729086709295248e-06,8.639816380462308e-07
-0.32280555700244423,-0.33376196277646974,-0.33235714130596405,-0.14117152666378902,-0.263503000922946,-0.20232524179423128,-0.02909791968740135,-0.36843710413818814,0.8217567867321781,0.0005074809447841409,0.0003461309239707407,0.0005633183845054373,6.946711281696588e-07
0.010920429313744595,-0.37943578800000843,-0.4648364552358945,-0.3780517271980731,-0.13489928598333895,-0.1074994359248872,-0.06665035471536927,-0.5136444338594824,0.9320191191048494,0.0020081457639323313,0.004823015623453083,0.0006400503400499639,2.7703793551069967e-05
-0.40139913293233065,-0.3004818532655472,-0.27800230727812403,-0.28512525655841325,-0.13235953672747297,0.005408429257649061,-0.32905206343589294,-0.4929246566290262,0.7919275213548488,0.0004440551035359538,0.00024130492265205555,0.0002818508979317046,3.348529293373494e-07
-0.38746633947603765,-0.2525580805460943,-0.24788682705854592,-0.40710423776003635,-0.23150710715496303,-0.38337893070240914,-0.24389130446310278,-0.5276094941717129,0.8491348350219554,0.0010050580544236994,0.0007929937713217145,0.0001784782315839968,1.6708352932663393e-06
-0.19882821127630523,-0.33946337426236667,-0.3364560469984843,-0.24966293561916458,-0.009386138481921047,-0.04068291966271542,-0.04717947122435616,-0.40878985553463604,0.8662522182006318,8.60108190388079e-05,5.186558622891971e-05,0.0005177190964337372,2.781209628387614e-07
-0.15138809029193068,0.01549405031767026,-0.3202371891754615,-0.4798105750673297,-0.3147834509436471,-0.2649641164893338,-0.09025509664560896,-0.41778326839621865,0.9478968488374458,0.005276163645032325,0.002044428332146328,0.0008615039769434798,3.275977911673285e-05
-0.24711235651707048,-0.06806503857434393,-0.33724850028778136,-0.23032387451365322,-0.0543287306544144,-0.4050756379157025,-0.18998921542058425,-0.723277015844025,1.066491117120128,0.0017675981506423569,0.0023740669059512456,0.0017192277496847893,1.1716340951373431e-05
-0.027239907913546912,-0.42874476569386,-0.1400931392893563,-0.005614146587227031,-0.18431611058808223,-0.14381838075376424,-0.028105346738862214,-0.4881378360327474,0.8536481611258496,0.00028069850538175263,0.000472208845320917,0.000301208040778028,3.9249912835220166e-07
-0.1008922085610151,-0.3745281514145987,-0.44827203960040674,-0.27288494721270784,-0.19848220626310503,-0.35966551614007564,-0.05560528152592357,-0.6036673997829641,0.9950159612988442,0.001387359061549335,0.00031255535573530813,0.0007587925998188532,2.5982222256017297e-06
-0.4772238911789223,-0.06439751909626212,-0.10942883793990682,-0.007961769737855617,-0.4200579503635874,-0.4826599649149668,-0.17680466610503462,-0.5174008445122285,0.9141493689814895,0.0009893161605131337,0.0008564184930981322,0.0011288932606223568,2.9865990946515007e-06
-0.11579354848215118,-0.049503588845284885,-0.38449220319571625,-0.3037791054061114,-0.05930910674263251,-0.4940296309499137,-0.1996831395182217,-0.5973147132357343,1.0795130738064898,0.0004697444597850288,0.001906862718453407,0.0004862082701180189,4.0931837664574035e-06
-0.36111845625440914,-0.4325222969443642,-0.007118587471985682,-0.4769556887507034,-0.22297459067455871,-0.13500094575749905,-0.16062253066029328,-0.49306064839468183,0.6929016462018632,5.0867184279251255e-05,6.76186682610388e-05,0.0005284250525150652,2.8639279085944507e-07
-0.2529139446384524,-0.36335829782864615,-0.3279546008541474,-0.3838915850174673,-0.05554326347062999,-0.4985262480320097,-0.04952188042060309,-0.45650577874038045,0.8770205529040267,0.0007494545525323792,0.0003807184619593642,0.0005185312330877319,9.755033132756966e-07
-0.43455744692447285,-0.04934499724485614,0.010158580303892495,-0.26976994962993295,-0.09778634040091616,-0.03973019056477617,-0.2654584925387857,-0.5414275506274658,0.823738736585785,0.003121122566963452,0.005680902792155566,0.004653088818894411,6.366529816844961e-05
-0.07275875404792537,-0.2813357111557606,-0.0426809610549001,-0.2614662327005818,-0.13969483673491673,0.012268793834495084,-0.10280365204103828,-0.4336298182043948,0.7356984314556646,0.000322517482358765,0.0009046622714996945,0.00023357864848357805,9.769903369294378e-07
-0.31847500336769974,-0.3036055165400309,-0.11664883192858222,-0.1066861221067672,-0.4555332474776156,-0.3890476524295004,-0.13981009934346814,-0.49709557759452133,0.8930235855229516,4.1705045585242505e-05,0.0001012500318330853,0.00046635036258526024,2.2947354045687155e-07
-0.2887785480051262,-0.2852347723736488,-0.4331335718640038,-0.4226438179934704,-0.348254280163468,-0.1032729745261124,-0.06777451073070745,-0.48471383536171436,1.0237080021886191,0.001079067436849952,0.001186954629685357,0.0005379312566492728,2.8626178630816934e-06
-0.23897903756225758,-0.3752518779619517,-0.397234473426042,-0.46630920412089116,-0.26299441553889,0.012786387460625992,-0.016340275574591598,-0.4211324277772835,0.8863136861639469,0.0002989370459799931,0.00040848256463545677,0.0008691175879992387,1.011586744840019e-06
-0.3580695083310186,-0.17249355302156383,-0.25913510073666035,-0.21470418590599039,-0.38328779663856827,-0.09820043007615831,-0.19237044797897246,-0.47944671010448203,0.8739906556096237,0.0024167795620913687,0.0032316354373024287,0.0019061719634127967,1.9917782605472407e-05
-0.11375743389538434,-0.10401945046273303,-0.20216601216667207,-0.4552243124628463,-0.07368724687764167,-0.49260837183145234,-0.3705781050503687,-0.3846324904374312,0.9310212939633755,0.0009451786237339648,0.0008826909800932793,0.01117801347108602,0.0001266204911568822
-0.3742505686727861,-0.2875633477843311,-0.34074951129763076,-0.2404352235767248,-0.3074804163204865,-0.32743264746836126,-0.26017503794986724,-0.41617498174950585,0.9217489065339488,0.000710495842355459,0.0007194290762178811,0.0005433237450149655,1.3175832296091943e-06
-0.36306692228043697,-0.46255071976787226,-0.27416754157018086,-0.48373038902432297,-0.4558020178046185,-0.40685168350352363,-0.08280586900279856,-0.5131679780924913,0.7646812876103488,0.00016449174560732367,6.894535314711277e-05,0.0004904432481890753,2.7234557578777544e-07
-0.33349681944367904,0.008127979713129951,-0.0864853593850608,-0.48908873006438636,-0.11847675370399552,-0.4125797289790589,-0.31659817755356406,-0.5235402033410751,0.8111428891422457,0.000916546264053776,0.0034130275724977175,0.0021858993599030564,1.7266970276405188e-05
-0.4158263487791682,-0.10025696140634499,-0.39604453653236943,-0.2780455835135136,-0.19977765325446484,-0.11568903731739733,-0.21062902510145295,-0.5608805715513936,0.9605945787992174,0.00023720722613364539,0.00031123023805628385,0.00041796504446500027,3.278263076052191e-07
-0.1286339855281281,-0.30236914119399194,-0.2325954619721216,-0.3422887162867908,-0.14932616390593395,-0.28062542757420905,-0.11332432407584557,-0.4474950239382279,0.804619523114362,0.0012504327823685008,0.0013791577008547093,0.0021471959567049277,8.076108583538669e-06
-0.08376740311025088,0.019865355350186076,-0.3083461588794766,-0.2918901653927235,-0.07965445395357401,-0.34119162186116647,-0.2690024699975416,-0.4726280688794388,1.036327053595185,0.0031133485433638727,0.003935502521839059,0.005869979165254162,5.96377746523855e-05
-0.3363014495144591,-0.2193716914626893,-0.3073971150196204,-0.4422037949520321,-0.34662448093805787,0.01885708327111124,-0.21801020671515106,-0.4311025333244513,0.8888910580226057,0.0007549798960728299,0.0006049823070601196,0.0005880598273728566,1.2818125958997197e-06
-0.26996869369784526,-0.05884804898574297,-0.43350842883155666,-0.27007890644092075,-0.44125570538596165,-0.12298581736855346,-0.12607859454029008,-0.5201978746149509,0.9648920106633085,0.00024420822785917027,0.00027603302655142297,0.0003663237246973822,2.700249615774184e-07
-0.3286988559021373,-0.031938987758545645,-0.31503516199375214,0.01805673499916849,-0.23508667219152662,0.007911751429624858,-0.0963360428093433,-0.43250485271574274,0.9175111666961031,0.0008269898972813149,0.0046626456229847905,0.00011259893835311596,2.2436855016662834e-05
-0.2787013827941075,-0.33861989657614167,-0.08957206668732193,-0.30676540147176634,-0.32579178115843654,-0.03918304671423184,-0.06648823882934685,-0.3830567483625294,0.7094435610934557,0.0018810076262520692,0.0003738976230370465,0.00010769519349772472,3.6895873772337096e-06
-0.17315984925718741,-0.257642679935558,-0.10426804731349248,-0.3420279520298534,-0.41169725204245555,-0.06340928325232814,0.02281702634019682,-0.3648188652785015,0.7176500162679339,8.825913203816536e-05,0.0013103932036626434,5.8785860223363516e-05,1.7283757999555769e-06
-0.3713617375167163,-0.3978823859396881,-0.3278963001484976,-0.43287886605471826,-0.045329066664523465,-0.25819221391883673,-0.16412150733357767,-0.42120431766258515,0.7649755342319756,0.0006830051222314888,0.000214856580014359,7.714336191439708e-05,5.186104452573734e-07
-0.4199954462029592,-0.2441113941660416,-0.2838645997192945,-0.262928185577185,-0.49869438579684994,-0.33142457703251216,-0.25751223843825277,-0.5753158970453833,0.8799089676994908,0.0001238497831374228,0.0011330201716227494,2.1991734763605695e-05,1.2995571144851441e-06
-0.064092843069597,-0.21197831679676232,-0.10541411385890503,-0.2388978861957402,-0.41070512871708775,-0.45003873097620356,-0.0726067795122672,-0.29034464708539687,0.8266402942737242,0.0006674350946505833,0.00010533279004490928,0.0004946883687743989,7.012811844305536e-07
-0.3818680268314568,-0.11207487255727172,-0.26066910641318475,-0.3679998305983232,-0.3913258790392626,-0.05767335636426435,-0.21183055782905993,-0.5208366630042319,0.9125878922154629,0.0008739256341077827,0.001122539099515096,0.00022487790079179923,2.0744101141553793e-06
-0.144975705401012,-0.49747249500072904,0.004476488889989749,-0.09570960901137432,-0.07930303644239095,-0.45149862926371304,-0.07555375804056899,-0.5098415385267244,0.962745338542972,0.001568629219400357,0.0010891666237512394,0.0027329867425375303,1.1116098097136149e-05
-0.16138177905251905,-0.30484784439520596,-0.27596637811126623,-0.28578496877257714,-0.2799014287273631,-0.4751196642111164,-0.01611551886654846,-0.3932575487349362,0.8771785055527809,0.0003913397730267272,0.0009080699837554271,0.00030198711596310276,1.0689341315579045e-06
-0.4420280505447784,-0.05158942530338678,-0.47471134371359713,-0.14438600075108754,-0.02411319690111835,-0.18750312034889327,-0.14847922938596944,-0.6992825448536645,0.9627776304196762,0.00026776901964312356,0.0008973464112163965,0.0003038087499348118,9.692305861405388e-07
-0.31465156187835813,-0.4292669128054013,-0.07475294063420823,-0.2787954810228852,-0.22401096091179945,-0.23587987114746645,-0.07773086764425188,-0.5623580951799627,0.7616312289808554,0.0001083940941892659,0.00022984878059140163,0.0005033116556932168,3.1790236435111295e-07
-0.0414195053930454,-0.12210879189325669,-0.1886307727102557,0.0006027653488490659,-0.09515778913259898,-0.32829153370009445,-0.03645886776771281,-0.6036258423069317,1.2399067729664026,0.0034643245435826615,0.004964798104409477,0.0013433082400070551,3.845524178848799e-05
-0.27620512672128117,-0.21859748626473885,-0.11271483339347615,-0.24389247543548942,-0.08541904626370045,-0.4005365175390282,-0.28723446035761574,-0.49312386354057497,0.8699043871569105,0.000935081651396676,0.001261768987528983,0.0023453091772194018,7.966913809418193e-06
-0.08054785008755178,-0.09722531858279282,-0.3010171328020955,-0.4296405710695228,-0.13087540291965905,-0.10241331921337399,-0.1565497241803563,-0.41692568607134345,0.831963792706717,0.0021926341757317488,0.0002975621324928009,0.00015720700134904943,4.9209018925536684e-06
-0.377498779776582,-0.15366206750641753,-0.1936703273819249,-0.1571180927833129,-0.18192144649535985,-0.3431842989164723,-0.2270988787908282,-0.5232817170695888,0.9445416183002926,0.0008281218503663289,0.0015772607923632046,0.0007769164940351728,3.7771366448842615e-06
-0.0813237963522902,-0.2231004896934663,-0.2067836077270796,0.0018119894882289156,-0.3367624212988311,-0.39904595676058363,-0.020552179013144458,-0.2958752423372833,0.8820759523596243,7.617684730514985e-05,0.0001632691095534261,0.0002665145160047712,1.0348970144097823e-07
-0.38395413757438446,-0.2732515140754721,-0.4469922982341408,-0.3089678734072666,-0.311963937528905,-0.4312378665740061,-0.22441693413959557,-0.5519191891656426,1.0539252340184277,3.675569256490071e-05,0.000180397613617138,2.520260584153815e-05,3.4529451275887636e-08
-0.31408390588882806,-0.26591221763797435,-0.4553590088987948,-0.14073276932857298,-0.10449440525746473,-0.235793301121352,-0.12283452040520708,-0.5584971731685574,1.1440540634395475,0.0030621610978061697,0.010152315308316132,0.003808334330562821,0.00012694974708173096
-0.10541577502789534,-0.2875052631995203,-0.34127120404525557,-0.3910608928013991,-0.3464556076924311,-0.3576128496963706,-0.06603887582664766,-0.4766557324539925,0.9729159044727017,7.741142376632298e-05,7.50645828460476e-05,9.195711280650805e-05,2.008333072308923e-08
-0.03412216164398102,-0.17186257104154795,-0.03391093234368564,-0.47338369269407227,-0.0795866031725857,-0.48128639853030253,-0.35721558922478425,-0.3921784842813952,0.7572741500809913,0.0012869265812326125,0.0010144594675718325,0.0040910404023452385,1.9421919610450275e-05
-0.35821168907423695,-0.259907464889803,-0.03657795144398557,-0.4489954824043935,-0.14342492973759607,-0.2105533329058738,-0.24611266031266396,-0.6771037901486889,0.7796325648817707,0.0006885399749219246,0.0015603055341336445,0.000716695853122197,3.4222936027961154e-06
-0.276806324117791,-0.37738589504685416,-0.32366629517933515,-0.29645569601263405,0.0016225177564768156,-0.47341777524489065,-0.08892749264350645,-0.4616566968043945,0.8709748667716541,0.00461864308813565,0.0018149026218767274,0.0022056074916393074,2.9490439909653668e-05
-0.005209755517952608,-0.3639114650033726,-0.48125604551722584,-0.21404192488918827,-0.12452949140692071,-0.15450156885544497,-0.0577864696940634,-0.5819158229476555,0.9679642388771981,0.00012959316381592144,8.18464765743538e-05,0.00013910900980899476,4.2844550445495496e-08
-0.016455921748681157,-0.18911142092383665,-0.10571782507767047,-0.11794660664105866,-0.06928130945267014,-0.21140036600976492,-0.2180325867964121,-0.3268725508795571,0.9009839185886517,0.010181202386233787,0.003474695648155628,0.006468983153295647,0.00015757813491438713
-0.4973281017572967,-0.1223808684168517,-0.31024904004814413,-0.18390692895036764,-0.013937257986050222,-0.42496764590096336,-0.25023952681547273,-0.6598510574123299,0.8791090903187151,0.00013169919687250085,0.00033285817942469825,4.951398869936796e-05,1.305908811437075e-07
-0.002482235831772872,-0.04812679340683418,-0.47994836233151933,-0.3523829652446655,-0.1412676320031162,-0.33755072957126264,-0.14194237429171025,-0.5503331514914096,1.0248594407206264,0.0004915144429598988,0.00037720878983936527,0.0002517673247027632,4.472597045582446e-07
-0.21978231642130563,-0.28058028834064347,-0.01427617941857201,-0.23624247455580305,-0.02919330327723413,-0.1273275902278304,-0.21286393813232432,-0.5286160369534694,0.7635410917630433,5.2617775972846594e-05,0.00014238432608693822,8.050619120109919e-05,2.9523173485268168e-08
-0.14700212825713094,-0.2175667057777878,-0.005570394955581537,-0.10831050969380901,-0.48765071453014963,-0.057757164976716624,-0.019514505471456934,-0.31250656691730005,0.7089916383235325,0.0013011084872944288,0.0003826060663526378,2.9880993304474656e-06,1.8392796264570445e-06
-0.4510251953107144,-0.17369062445675393,-0.2468792299209958,-0.2929278539006188,-0.40768700706438044,-0.06433150584835146,-0.21736627124866284,-0.528690115657535,0.8263767829358355,0.0021606931729400082,0.010109012838837483,0.005213305903851608,0.00013403929401050463
-0.18844921796098651,-0.1402984619537878,-0.2438007797498522,-0.4351300437946023,-0.3501687527097429,-0.11558448622572193,-0.1367591689829212,-0.3634958101839832,0.8442329940148082,0.000547440028130807,0.00018820317417794503,0.0009977300555724256,1.3305762829630684e-06
-0.07552603094354643,-0.0849880567004187,-0.34036293184447297,0.007597446218906345,-0.10713221838456666,-0.11775485321670837,-0.0643270204312049,-0.5023042544348354,1.0008923639363396,0.002651625257603079,0.015597292691839367,0.0016029596872695468,0.00025287613558067545
-0.06342647867199885,-0.18703785849354287,-0.22413324088505104,0.008551415593727518,-0.4555678753607274,-0.4270949289404176,-0.014771540829802098,-0.2751690438435755,0.8795622579271937,0.00011924553276139308,0.00011635715184567701,0.000714525720498837,5.383054891235685e-07
0.0024914805286919695,-0.26582976626543187,-0.2879333293323153,-0.05007628719407764,-0.05884240718224859,-0.1718244649008931,-0.04115862254493876,-0.45138254131610167,1.0145018984418093,7.49285398052381e-05,0.0008419137597451868,0.0006556443514329444,1.1443025804915472e-06
-0.32331574988371753,-0.04760316652304469,-0.4464881933519444,-0.16010380184916867,-0.10477016964677027,-0.21559419965239185,-0.18274972535235143,-0.6643624882654338,0.9885400928842725,0.0004660733587309652,0.0016254538133907684,0.0009686682380002298,3.7976426304958244e-06
-0.19891959062391618,0.007702215409597701,-0.1903908529328392,-0.267931641821196,-0.05962869716562269,-0.39843773245737113,-0.4195524505375212,-0.57664034483253,1.1076525974816775,0.009027126339728622,0.017061495757098824,0.01006120160654511,0.00047381142519046946
-0.40730169080799283,-0.07685032878445769,-0.08444716364263144,-0.4199697968294661,-0.30532319062815527,-0.23565535976817376,-0.23790788841954108,-0.5239376189973248,0.8317762951390706,0.0003996905869334311,0.0003171047580301243,0.0002271544361530667,3.1190713071255197e-07
-0.20221248008316084,-0.45444460111745044,-0.3998492162468858,-0.15878910621978792,-0.43719742958049523,-0.3446859045940512,0.0009047215022826483,-0.5009448371286165,0.8229823803520026,3.358884247692439e-05,0.0005802403096290301,0.00023821562458267175,3.945537110526447e-07
-0.3942550024301652,-0.47826238699144685,-0.2400360256593188,-0.09773075119408647,-0.2316388432166706,-0.46117822973645933,-0.09388968093054571,-0.5084507829513265,0.7820432488957462,0.00048065218683343385,4.072337851442868e-05,2.4208200889629075e-05,2.3327095525570423e-07
-0.0290639192751197,-0.0529269270508026,-0.42592519629250747,-0.3834437394903291,-0.2637393179203905,-0.20905632940952018,-0.11558780529885888,-0.48130276895134866,0.938350706419112,0.0029717126791172256,0.0011957497091970761,0.0017059171575375042,1.3171046962651808e-05
-0.3984928900338012,-0.466480598474088,-0.06490126052979095,-0.12556353584522595,-0.05748601044200197,-0.3533158296090739,-0.1382599174176102,-0.4832807083548171,0.8196763435237503,0.0007549205502105365,0.0006656856166442537,0.000961297318918853,1.9371349126977943e-06
-0.4967568196253665,-0.2431192724559051,-0.27976581339990925,-0.26794966615697213,-0.08655845903758441,-0.13268885836790023,-0.3229859842142081,-0.6966951738117119,0.8834032485326785,0.00010186862993986552,0.00012862116613884833,0.0003996070185872307,1.8660639144891768e-07
-0.14471151872805732,-0.2779420145310342,-0.27812817966034853,-0.31729402479059,-0.09000891218936313,-0.22987465468747093,-0.17149592444451225,-0.42767623611727607,0.8797414076376395,0.0027334812865531777,0.0007762702261503892,0.0009664718316775466,9.008583209370147e-06
-0.01498755900734805,-0.36496916552726344,-0.33144932698145546,-0.09683110365143272,-0.4892733555529195,-0.3169249651174862,0.004786122126998238,-0.45964820432506576,0.7949687077293411,6.419171043685919e-05,0.0004294539047421567,0.0001610375824316788,2.144843349425347e-07
0.015179180884698606,-0.29348748050861245,-0.47485023292404577,-0.26709968508245424,-0.3875587633785068,-0.39172451317185375,-0.10178657578304559,-0.5617735010184635,0.9499825561948868,0.00015363739823882718,1.0531663883019967e-05,1.51263412097558e-05,2.3944172280134847e-08
-0.10358811921332284,-0.37414384013150537,-0.40574832122191645,-0.2669033352403175,-0.04797141337462918,-0.039025158060643106,-0.035571854382017924,-0.4534270965758555,0.9055132854446623,0.00018442330306820128,0.004033309690542233,0.001938011191932824,2.0057486394593355e-05
-0.07726017499203724,-0.4109590171754629,-0.1264566325426233,-0.25076173560359744,-0.05753630482621708,0.0024469526461153857,-0.12130007474616024,-0.47809059394916237,0.7817785683907175,0.00047520245410395104,0.0001417065388197621,9.702536709378723e-05,2.5531203739037854e-07
-0.11588391960338273,-0.37659305412259586,-0.4787349030909485,-0.20763350078526077,-0.2577847389585862,0.0013080591306143807,-0.025332572851317407,-0.43252618662018105,0.9009023042373987,5.70570407385256e-05,0.0017191758973412082,0.00043428444128525525,3.1474242478392323e-06
-0.1433069234596307,-0.35972829138843454,-0.4698506614296167,-0.4818959134856392,0.013981883376361193,-0.18675767318216624,-0.09922971582389681,-0.5371790468716756,0.946555335028742,0.00019397924855446943,0.00025487185518857614,0.0001637407338555517,1.2939863936057776e-07
-0.1780245688106618,-0.006578949633881004,-0.2717436377442261,-0.011335584156944967,-0.49949110864877244,-0.05480695749923026,-0.02794876506236232,-0.45038383746096317,0.8926901549290545,0.0033998564532994884,0.0007677692111521319,0.0009210498459963371,1.2996826283445217e-05
-0.40512538524617736,-0.23525466008741686,-0.4166414965015026,-0.14158613246849328,-0.413558519256811,-0.20262660093732676,-0.18644101825079434,-0.5294666718461529,0.9956219281795491,0.00024427043243710917,0.0005749379672364801,0.0002991508304218975,4.797129296751391e-07
-0.13397528965161115,-0.32007777427521067,-0.0960059498097055,0.010737975494660046,-0.2610382724758785,-0.35466892732203936,-0.056424910157738,-0.48183087762500615,1.0460661761283239,0.0002353534907910265,0.0012860119871558166,0.0022675159430406984,6.850846648679721e-06
-0.110654375096217,-0.4816698650114914,-0.0649652257619634,-0.14204497090061147,-0.0874153367962654,-0.26923741253768674,-0.08587210582807463,-0.5011906604196168,0.8702390360246597,0.0010429870709647419,0.0010095887523086694,0.0013758760749902667,4.000126452718409e-06
-0.317921655104077,-0.31467527533115236,-0.10250887552907695,-2.0903860453724832e-07,-0.21548122308689288,-0.4072373695557733,-0.1417307262837175,-0.4830628866219442,0.9254795485280927,0.006770759421044722,0.006900682801545557,0.015135292741135713,0.00032253969262508787
-0.17897538389567108,-0.43007293648778533,-0.1881132743672273,-0.4654190511590147,-0.19757081818649963,-0.0693355397897748,-0.09262627028586802,-0.5295563673614467,0.7888000144661792,0.00013388508818251203,0.0004853674755722554,1.542255768278218e-05,2.5374465846650176e-07
-0.26621878040467983,-0.18743532464431428,-0.23834046653445712,-0.211913378872564,-0.0806441236820078,-0.29167187054988397,-0.42922702829443754,-0.39658867340960136,0.926397465736515,0.001148390161379705,0.0014456532888045405,0.008818280069412082,8.117077677677545e-05
-0.3637284577872535,-0.37433781740229366,-0.1706564951517085,-0.07097651866492632,-0.21866157963141486,-0.15266755738795557,-0.15168000505371992,-0.5295200240848962,0.7521729628906043,0.0011757135288112735,0.001515673705925147,0.00165082443177852,6.404790389219601e-06
-0.2643317274854826,-0.12470911218164527,-0.30355119263413766,-0.2584831358489282,-0.18929853344438036,-0.488955650870326,-0.25221686371358304,-0.4790986552103818,1.0468656882840195,0.0014233336899643438,0.0012487837587490595,0.0035205543051380107,1.597964228452872e-05
-0.36158433013718955,-0.14193295846288873,-0.40813056431431943,-0.43439920985020253,-0.4970370673722775,-0.48177665812377773,-0.18351978334740152,-0.5795594299097117,0.9699886268218845,0.00038567707169090827,0.0006442570808342177,0.0006751098784697208,1.0195873378405032e-06
-0.38444403091586693,-0.4932180886696472,-0.10600739046235247,-0.4897623090164727,-0.06201202954260837,-0.16264430078503878,-0.1825642772418112,-0.5719123857356011,0.7325673450726006,0.0001734926273868074,0.00030518927796855554,0.0003660842952645109,2.572578983838595e-07
-0.1574080441534918,-0.08013310484073521,-0.22570932690465306,0.018685326582539297,-0.04851709134303028,-0.38503732765802023,-0.25506711764946005,-0.652537783074571,1.2932530912891096,0.009771276022511962,0.0036448986635620713,0.0007932458327229638,0.00010939236032688606
-0.49674451960796984,-0.21888897002229002,-0.007207968438629642,-0.038305861585846146,-0.33308665335261034,-0.4154954221081429,-0.1789782912822408,-0.5274121796559569,0.9033922478723215,0.0005226411722605224,0.0003452374166105631,0.00045799716449109883,6.021040714516752e-07
-0.4808895012206021,-0.1919785123855231,-0.04523915235872522,-0.07695748638202965,-0.038195217044228735,-0.0369769848226546,-0.1903916826919313,-0.5434451227647463,0.8663105830388353,0.00015153230988047662,3.738214101172774e-05,4.619069399629235e-05,2.6493045616192612e-08
-0.39782379662495543,-0.2725939039511796,-0.042413284488511616,-0.25491331981377896,-0.016984588721202898,-0.23067178879138783,-0.23545754508886857,-0.6606791448883716,0.7823631531486905,0.010683785976781912,0.016708224897066033,0.004833285588016192,0.0004166687115839444
-0.27390015976848237,-0.4615473736806311,-0.3789318548215264,-0.0023490592614905936,-0.3236157079474137,-0.10916381773004469,0.014233706567189152,-0.46089881651232467,0.7657109190476797,0.00010973705419190024,0.0005605229711242238,0.00043277259008657086,5.135203369508826e-07
-0.2006270736752614,-0.06229432444627364,-0.21088110089020562,-0.2546344161853782,-0.41415607574446056,-0.4517255990640011,-0.16201395912045502,-0.2900362499241965,0.949552427155932,0.0019061175386854,0.0004915304197276974,0.0015690907254623312,6.336931929533683e-06
-0.11088546884962014,-0.3367857473061243,-0.15973818618026564,-0.3259880480928681,-0.24791008137790038,-0.41653084710617877,-0.10177487228500982,-0.43674740342343765,0.8702973258236713,0.00043350848274140564,0.0002686570914307317,9.508348028299118e-05,2.691471056075021e-07
-0.018133045408915804,-0.41660336940665355,-0.4545497908679959,-0.23394279383334826,-0.13794002402002004,-0.45730255705814615,-0.008351129292068944,-0.5927334548351949,0.9968878587118513,0.000172793259638869,1.3004829386278507e-05,2.4822211446980853e-05,3.064277834511042e-08
-0.38743084901409647,-0.41519083643962096,-0.27979586888430896,-0.30469527371191074,-0.4647193997360947,-0.13395983135778927,-0.12047418729606264,-0.4686629971234949,0.7239321561996289,0.00022681333479366135,0.00024225025418471877,6.35270946607741e-05,1.141651662488213e-07
-0.23825532847258502,-0.21657318252018165,-0.34700816860581063,-0.42612674304765086,-0.11264495838691468,-0.2680948955519956,-0.1837578639243178,-0.44277734126987434,0.9334105978677348,0.0020334026853109856,0.00014989272450800269,0.007556776931700626,6.126207190497312e-05
-0.09676300681791472,-0.3331496339636676,-0.24804654131981502,-0.40323324539540595,-0.21536173775207856,-0.2594579252457543,-0.08122721567589619,-0.4879567013970712,0.8143562939934769,0.00020799456877353635,0.0003551390537953988,0.00039541269488057765,3.2573668744270135e-07
-0.47238818002563443,-0.3065545997421456,-0.3860712062140442,-0.07787518565176044,-0.4666538864447791,-0.30633475960819645,-0.2592117970886599,-0.46614938596732786,0.9292763443200169,0.0004636183190841267,0.00034854428066983606,0.0012321888264626147,1.8547143654373614e-06
-0.3348349626002206,-0.11681869756465674,-0.059818069331838364,-0.15612468663601536,-0.2950710794891409,-0.21438788290702976,-0.10682029500692013,-0.47027056617994084,0.7924287316392055,0.0005683269676924564,0.0006546242841202086,0.0004582701378121978,9.615400147768085e-07
-0.012544407763722232,-0.3401806016274897,-0.28696589576922416,-0.15834785794466927,-0.19882898588647252,0.0026834297710728316,-0.008042369356304209,-0.44239692345201587,0.8287703215250235,0.00017191969095924306,0.000333128783505742,0.0007482470198572383,7.004047692647757e-07
-0.29188868917233135,-0.2507615144316546,-0.19513500000238215,-0.05495933628563482,-0.33769384493532906,-0.15390985827468934,-0.1420140581054554,-0.45374066132220886,0.7745481503242831,3.840763875708585e-05,8.68349627941944e-05,0.0005196349472971063,2.790359359308305e-07
-0.3939364349357468,-0.4325514506718308,-0.3880499061648382,-0.1854419790222926,-0.46542047138053066,-0.16941470195301145,-0.05285659698782582,-0.44302277248030386,0.7726516295687244,5.652102056560957e-05,1.9622028680646406e-05,2.4927963421557257e-05,4.201053135668666e-09
-0.09776117604704276,-0.49099757201354954,-0.3068501203294519,-0.027325966119248535,-0.423410898742502,-0.26894622020342557,-0.04933478624312921,-0.6327601754724761,0.8676149496981173,0.0010508408550091363,0.0005086528869477509,0.0007000635878276073,1.853083288958676e-06
-0.01822564616750083,-0.09458460867809049,-0.0724459606035816,-0.3747769824477942,-0.24237713389337617,-0.3092708735030407,-0.24568086829403632,-0.20174560017069945,0.7362636475167096,0.010664322634418641,0.001012216799317554,0.0043449569608614794,0.00013363101109153307
-0.2885640361779543,-0.3058881214456335,-0.29440329920871966,-0.26343496018928453,-0.11300400033414004,-0.27498104141168905,-0.1945398660541469,-0.36331747068513753,0.8055550671742977,0.0062077363605899435,0.0047152080712728585,0.011660321813729854,0.00019673228267773148
-0.43540582683217466,-0.16164156722469863,-0.0715863190672727,-0.18254771111270834,0.00679116482128872,-0.3911953567957886,-0.22873571636613965,-0.5735579835481411,0.9357778117721648,0.00034701159727874446,0.00020144157897727016,0.00027268405966115555,2.353523547800899e-07
-0.17685658279610916,-0.15929282262126498,-0.020213348187744395,-0.39841644209551297,-0.1358706279054675,-0.0937352070981336,-0.3318369744262544,-0.4739888372040573,0.6687809915706454,0.003231537397535892,0.006187611161368157,0.0012009915126392724,5.01717464493924e-05
0.01704227962729632,-0.4877836519969342,-0.36021542967060827,-0.019289602086914825,-0.24380939499064502,-0.18274581656627764,0.013158323749798282,-0.4935293550388718,0.7635831562172349,0.00030662802816522317,0.0027682881115661043,0.001338137985024099,9.548053083259077e-06
-0.03939615305516159,-0.4381433329282413,0.010189205269602208,-0.24179986392865388,-0.29062842109055265,-0.10936772150764157,-0.05094739870861301,-0.4976922387430074,0.7647976957952319,9.392756222600369e-05,5.606065181816853e-05,8.556715795882835e-05,1.9286922149148798e-08
-0.21572018237744478,-0.26832311575929013,-0.482785383742507,-0.2485394047350714,-0.14529606179819798,-0.2677212031208065,-0.0907288437876285,-0.6044586549227149,0.9837814766824697,0.0003179779604602695,0.0008432641997099981,0.00021664488920375793,8.591395018691254e-07
-0.42328502310601224,-0.23663219598368318,-0.4396503737915535,-0.05322031381165465,-0.45102779932621073,-0.3993382196326644,-0.2162668154715336,-0.5699834923705823,1.0389274848330998,9.291128885775003e-05,0.0004696914197673937,0.0002563807789109591,2.9497364119530846e-07
-0.4598882128124018,-0.11026068419905916,-0.06949381923887998,-0.32721613728744037,-0.1260333382170768,0.01072200035861326,-0.22598543171624969,-0.6496265472261467,0.8592951622014848,6.1012533711511385e-05,0.00037728761920920195,0.00017058883222807516,1.751690265593845e-07
-0.017403452392087015,0.0021800345205540417,-0.3821981615763546,-0.20900225139845496,-0.1803574597370014,-0.369390329110031,-0.14481183758136748,-0.5117041706351294,1.0619450810896365,0.004383973565311767,0.002969323056109012,0.001750345925993189,3.109981449353388e-05
-0.4579697359681754,-0.27249779082784664,-0.026806521129531302,-0.46499686437711263,-0.22416562282125546,-0.10909871100991769,-0.19381848582890454,-0.6411073852676243,0.8339767824966927,0.002394497076674768,0.00078391337266442,0.0011071011875212486,7.573809465457075e-06
-0.11221760238216077,-0.034733374220006885,-0.3668881351985277,-0.3097512164181442,-0.3870540826818175,-0.02224756781171522,-0.033722286383693754,-0.5025301305332525,0.8995291459885497,3.278158077283098e-05,2.34009582534509e-05,9.251188398970061e-05,1.0180685564469217e-08
-0.22091484109872966,-0.14606697011067316,-0.3142385259545438,0.0014033726922410006,-0.46615604998643806,-0.4748632077634215,-0.09109816560383788,-0.4299413896171661,1.0563205884451254,0.0013871160264112762,0.0007412004398780905,0.00028956474077636963,2.5573167019033687e-06
-0.22533577414310146,-0.12001768370521304,-0.3422122293537563,-0.2821960625025969,-0.046498480964148936,-0.2757550532093137,-0.23342270396845421,-0.5095996341497097,1.020455314172455,0.016074337355040196,0.010374839111844003,0.015252422225693075,0.000598657991751105
-0.30850080632073673,-0.10561861041178167,-0.04770304559247729,-0.3210468734126992,-0.07481636149664656,-0.2351723078218672,-0.3464860721079909,-0.5909664886241639,0.7653551774565002,0.005230010878461152,0.005943786529304297,0.006417327863973833,0.00010386370900849615
-0.1384074548105494,-0.026106727968580767,-0.28380522678006803,-0.46763511540444636,-0.08207112254999116,-0.46146960308963936,-0.2958529676366043,-0.45423945542225547,1.0225140536594208,0.003955223742938009,0.0017794002123084193,0.007235627593022085,7.116436663716633e-05
-0.25943327337102295,-0.03402584708039608,-0.3905496339028924,-0.30925475263112806,-0.16820926016691906,-0.17356613813952043,-0.16445209923228113,-0.532116288018655,0.9435850958450502,0.0005660876171471655,0.0026195967931444703,0.0032388160783355597,1.7672672138225095e-05
0.010629557634735276,-0.26978865079214676,-0.4162589797194357,-0.16236469729014075,-0.31741157369545414,-0.07449087319597608,-0.03705291528985602,-0.5182102223507775,0.9075056332762144,0.0003523205516564424,0.0018091433046233095,0.0005644276503986856,3.715707840317429e-06
-0.4430531243711778,0.01430421019749728,-0.36677044105127027,-0.4677537405149769,-0.06590489718180564,-0.11056665936214954,-0.24140446211302635,-0.5859295012994932,0.9692679764321693,0.0021978054929913944,0.00020610202155323985,0.0011470600548301253,6.188573797698367e-06
-0.3975989494980991,-0.4953569710806047,0.019638271530548868,-0.36159062581342505,0.0035010265907203797,-0.2410061018709161,-0.22305255767717097,-0.5268739885433024,0.732318222595209,0.002591514844251712,0.0022321236515683513,0.0006981895912910016,1.2185793889254902e-05
-0.07107582665491607,-0.04144387306858022,-0.4237948780277534,-0.17492347298967864,-0.23953052560414617,-0.41523958719050846,-0.08255397641494516,-0.5428859896363007,1.0440692367702993,4.2155813544271696e-05,0.0005395809377897886,0.0002506713644577583,3.5576083400080146e-07
-0.06088164925195039,-0.15165628857192515,-0.2536343529221868,-0.32394410589532296,-0.009827995570524661,-0.1826367432731949,-0.32384511114624914,-0.5326550139503466,0.8419666876086581,0.0024222269641836092,0.0031308193912473912,0.009412781906233484,0.00010426967674094533
-0.36316308935079655,-0.32961982899338804,-0.22198753191395787,-0.4174001231103516,-0.25031468986742755,-0.46247628214868874,-0.1956804501879575,-0.52161817832807,0.7709472695041627,0.000173869511916371,0.00027412276611398385,0.00024364894326913745,1.6473870563218634e-07
-0.47544279647885707,-0.37842646426717275,-0.3028198093288613,-0.45713457003463553,-0.43603584543433027,-0.44996439131906535,-0.23332854261830274,-0.5038638263134949,0.7973412787298286,0.00013585323488149,9.105784611648957e-06,8.995906054570784e-05,2.6631649315425356e-08
-0.17524433010714724,-0.11020923871754329,-0.0010772194525770495,-0.35622020191129355,0.015862044710267975,-0.4209653102146498,-0.4536123872229269,-0.5128335715138962,0.7926622374269017,0.000595175330933828,0.0026244722380483155,0.0051459449622657015,3.372283775750629e-05
-0.14865936148269604,-0.38784681670168525,-0.11665507847318807,-0.2768376894878497,-0.30932271520983023,-0.012999316850189124,-0.06083879451940462,-0.4921152759058376,0.7717340215002476,0.00024939134758427144,4.5271849541769676e-05,0.00017436999185533025,9.465047867045943e-08
-0.33896835260745783,-0.07400393502671027,0.018027924826472752,-0.4895139933215751,-0.01224215942600071,-0.4394137830337941,-0.35949067452388483,-0.5933519401510435,0.8681525804488212,0.00040882199842381955,0.0006629781016168621,0.0017930474643890239,3.821694599170653e-06
-0.07851774698235303,-0.4291771028850312,-0.26260138881933937,-0.16059825415744478,-0.019957581328611973,-0.24356418235571042,-0.10323367504854412,-0.535352337093407,0.8792031717827913,0.0021143651374149934,0.000881706565974939,0.0025300927255730334,1.1649315602796821e-05
-0.333434200771858,-0.1409034405611263,-0.22545881714791194,-0.26879163588661276,-0.03858546373220273,-0.3038363580078678,-0.4039511460123937,-0.6559025817167183,0.9474973721542596,0.00029721151437207745,0.0009282593964760082,0.002412205439363765,6.768735273117481e-06
-0.4645706765114893,-0.02189372304372078,-0.2415461080202207,-0.45123774279044276,-0.46912430327388516,-0.2514512394354952,-0.1864825128025441,-0.5909745084450715,0.8858521211618378,0.0002775793201437949,0.00014780991298154978,0.0008367493327999517,7.99047495288269e-07
-0.43185865689210884,-0.3606962020362071,-0.14862175224779922,-0.3398056203780967,-0.19349118316617836,-0.13736083076597683,-0.23324901431689207,-0.5699179042462259,0.6927177521943443,0.00048659288294647455,0.004075225028127987,0.0032632236049154463,2.7492859959292277e-05
-0.3015094591154258,-0.2920077259483602,-0.47099945640863583,-0.3422391198696344,-0.03109851288335186,0.0126589965825461,-0.20539765817286795,-0.44042658388767725,0.9114511132314692,9.841057158097896e-05,0.0003967608338661985,0.00035120364930148093,2.904478031717737e-07
-0.1628705882699169,-0.08063771396396358,-0.3106529499611352,-0.41536281206448544,-0.28230542270159,-0.47551845696991435,-0.11020017707046911,-0.40651067945067854,0.9771114617428472,0.0001407073757717193,0.00035694439753619503,0.0001307672416872159,1.6430794002752374e-07
-0.25241340891557135,-0.25655568161448317,-0.44491300442002796,-0.28113517609018895,-0.4469338818334646,-0.15443228241918983,-0.06610790441769368,-0.5603082277218258,1.0135027444399227,9.878239890592656e-05,0.00023118830539287615,0.00010821345114429829,7.491614589259878e-08
-0.3684537993440037,0.0030542861225167917,-0.43526735542397665,-0.19269852663166304,-0.44364310797526074,-0.29644747085828094,-0.18804104136268912,-0.6069774197158242,0.9791334265317385,0.0008974708503947221,0.0020670788109105006,0.0014321930447955499,7.129445655384145e-06
-0.14075760027273898,-0.22308627647920737,-0.2824699175654873,-0.04155036139481155,-0.30454921371747323,-0.028569959975002723,0.003374596009788777,-0.3317419363055354,0.8022905907993201,0.0004819077682804283,2.4774891754939315e-05,0.0018634414864307325,3.7052630657416698e-06
-0.2278601182322002,-0.3885209312765,-0.2777210626280546,-0.3553799500698898,-0.2312500281710515,-0.4687411575194259,-0.05444358860232125,-0.5368628740356829,0.8521552440525658,0.00019786615993070344,0.0004948362742140621,2.4345912017246227e-05,2.8460667895572863e-07
-0.24311790635834363,-0.23486383412224004,-0.1084895590458943,-0.4592352672740495,-0.1413446565615908,-0.3942423730872534,-0.23434698119011077,-0.4585746722720146,0.7354461123341386,0.0021061834009852218,0.016892866406490202,0.014621078430173663,0.0005035808784074004
-0.3012594585198151,-0.23724214049100567,-0.1871987641200304,-0.20818552490043224,0.01445238379797309,-0.4354796010523381,-0.2795478958572117,-0.48590927544919943,0.9147375307030411,0.0003119530168637707,0.0007462875453460624,0.001419443567414382,2.669079826143126e-06
-0.37559748939556625,-0.02347717476814748,-0.24480865204877944,-0.2051810437975773,-0.42820945866794874,0.01124824296671767,-0.2020048205962171,-0.5178936103698069,0.8835413167563954,0.0007804920084643765,0.0065343321281049254,0.0027183606678351734,5.069614885609429e-05
-0.14312316279434312,-0.14428343979058372,-0.14594136091621407,-0.43561057580214657,-0.14251750322672446,-0.4082806201868367,-0.28229689838780186,-0.2403803210608925,0.8206333490650651,0.0042424536540390505,0.0016316375977546112,0.007087475686092463,7.089296585802759e-05
-0.18338027346900804,-0.32622513737620806,-0.4287180667416077,-0.47493455740147866,-0.08953155974886445,-0.49365679305404725,-0.08891388898371543,-0.5802943953046252,1.0068040182531444,0.0010802326298352662,0.0017221222851920394,0.0002838549499862092,4.21318133234754e-06
-0.3449223770831473,-0.36473277559453054,-0.35825499735354716,-0.3892791002213139,-0.19928584609763805,-0.258450743079068,-0.13319042376684695,-0.37972993453470116,0.8143925239587839,0.00169634487395864,0.00019373799496421825,0.001165616511839566,4.2737821947715454e-06
-0.47108962407668115,-0.2026070366008052,-0.3533313732848098,-0.35103066906866104,-0.38858829369903236,-0.16515741139470108,-0.2225223005412228,-0.5649846242556499,0.9682093023141476,0.0003258915533587526,0.00020614955351132356,6.540997955716514e-05,1.5298140838916752e-07
0.00537545710851095,-0.28418863826568985,-0.15887589117646445,-0.38762346646865325,-0.40159917426871067,-0.0846193702930147,-0.019494415898908372,-0.45207293889743877,0.7467195507160242,0.0006733054812366201,4.201875019765042e-05,0.00023986026348470576,5.126387924304016e-07
-0.05595505303899756,-0.1700180985665889,-0.3789036200595892,-0.4191412905728189,-0.22446114777439585,-0.15238495093068855,-0.14331082104324414,-0.4640907377113276,0.8697438292929838,0.0015067531230365918,0.00020096256229274793,0.0008462298196447505,3.026795832879776e-06
-0.26575283977334374,-0.38291924898245583,-0.02246258242868776,-0.30684286903764263,-0.12222746270216667,-0.49749820557465885,-0.14417387104855706,-0.512949508167146,0.8737006767991163,0.00022247357707355075,0.00014509837413848278,0.00032303908297163993,1.7490227980069034e-07
-0.29804498553117975,-0.06580108889275377,-0.08494673041618095,-0.1440260069425397,-0.012551558949173702,0.002352669901939053,-0.25297220497605344,-0.5218186068553136,0.8152363934770825,0.0008960936236018152,0.00346571693868889,0.001170857487706408,1.4185084937893088e-05
-0.4597481106448275,-0.20686954632117077,-0.099821293555579,-0.4885957614257222,-0.35595535945384166,-0.3317824783292239,-0.19845216257059145,-0.5401924904855028,0.8889076106681085,0.00017646862629586797,7.942977628653148e-05,0.0001389929984123354,5.676931903533061e-08
-0.07290750165513116,-0.3653775871558477,-0.49980185191246007,-0.008242933662295782,-0.33033855946248947,-0.45077914810504244,-0.032793242899158755,-0.40438895574807476,0.9562843495041133,0.00013068541901082955,9.091754558964974e-05,2.712542229323429e-05,2.6080467372668413e-08
-0.09372072182528102,-0.21122843298693567,0.00970879699064131,-0.31805484918650917,-0.28606468615098024,-0.27884491816202506,-0.12991877534163834,-0.32573550098351617,0.7286576704949496,0.004298676866783294,0.00030720631762877617,3.317374825692384e-05,1.8574099024182285e-05
-0.14059489441021533,-0.025843451947992924,-0.3480545430694748,-0.47056364816254037,-0.2588429629843124,-0.0013649274863010707,-0.08299711719321265,-0.46043960454317695,0.8675112383256458,0.0003820223330958602,0.0006712683877836582,0.0006912969850517609,1.0744338329633307e-06
-0.11847616450664733,-0.2609436025972542,-0.2550634005953991,-0.24309619936638344,-0.31303816717428506,-0.4565623546921423,-0.02767284540822646,-0.34404483947910375,0.9183034179934294,0.00013204489703328386,0.00038529699218820543,0.00036415886124123214,2.985013032423195e-07
-0.16600576451580923,-0.25248479831261617,-0.13916658454481284,-0.35154312198246174,-0.07971796546541332,-0.011664935100002272,-0.09934528209211674,-0.47023509265378693,0.6198460636560854,0.0018934819585758249,0.002780968046266479,0.003573394400716632,2.4088204744880318e-05
-0.3032678260268331,-0.2596738288850208,-0.4886153471558768,-0.26775482233636544,-0.40597087171773166,-0.14144946975327383,-0.10966486837379845,-0.5142645780432993,1.0261585133358624,0.0003175209425119024,0.00027368154160897974,0.00015174169902121,1.9874667837295797e-07
-0.43187078778166305,-0.4819794231184338,-0.09895649673429402,-0.23054242766217442,-0.05662185831998684,-0.38270615476372194,-0.15196241608444805,-0.5093302865809851,0.7610896367065796,0.0003938779652734455,0.000154911108095701,0.00024627665165957935,2.397894920920413e-07
-0.4541566282555982,-0.08647015475990316,-0.31030860093719975,-0.04733944429328785,-0.3156950210150562,-0.16888275441441863,-0.1917344557269209,-0.5182844967740999,0.9331066108127953,0.0003645195683902973,5.722364126703544e-05,0.0002565965156593795,2.0199083270784119e-07
-0.4969022223280144,-0.2881903978439274,-0.3194751777990963,0.011210858288562942,-0.15870097366912772,-0.27894143094457535,-0.30356098094531697,-0.5528954148589966,0.875019222125262,0.0014863884744914337,0.0009182712832866624,0.0005814785382194126,3.39069013721969e-06
-0.11440800720479216,-0.14462380273471587,-0.07010315849010007,-0.3344530510531646,-0.20089879249239118,-0.3259941381903302,-0.26375090790767525,-0.24670871691853916,0.7267089578815656,0.0037846136213199565,0.003410021996339767,0.015464099991463498,0.0002650899388241831
-0.2925605098397397,-0.21606570396167557,-0.3476135369231973,-0.49142428292803525,-0.0066547493961496285,-0.26447618163616327,-0.2782089182792221,-0.42623971175365416,0.9808146360726027,0.0015244214323849072,0.003424742274097417,0.008792739567760091,9.136498945395834e-05
-0.2648596901854672,-0.4764869376812732,-0.36483101391686285,-0.23243719829895354,-0.2693372912556572,-0.21429379112476482,0.010015440351613478,-0.5061614156100915,0.7820864305358918,0.00014122274002039282,1.4521588673854058e-05,0.0004518803051674978,2.2435054903475098e-07
-0.36806785448767165,-0.2056047162843727,-0.33138594624639206,-0.20550074457328227,-0.4743589693896794,-0.3923593014876561,-0.23143980569043882,-0.5257839883401113,0.9939757649908503,0.0013339851704063633,0.0013321631281282772,0.0012255407063736167,5.0561250577873556e-06
-0.2793817516859907,-0.15910543153807355,-0.32483868588042564,-0.154041091344504,-0.3192230034695295,-0.03305544091583845,-0.11473813295968821,-0.4978431576683461,0.9060979709130844,0.0008360106287646247,0.0018421289476294473,0.00033979595671748924,4.207814123303351e-06
-0.01858384945228736,-0.4049160297775835,0.017399886638530537,-0.13279864395950614,-0.15306174866447242,-0.31405397531901014,-0.06688767917658361,-0.4845502458505194,0.921083302660269,0.004309946858713091,0.0010837681764277708,0.0027340226421982,2.7225075193220853e-05
-0.2914886885174527,-0.16056675475668558,-0.4763596113462658,-0.12907617341255145,-0.49492952432274734,-0.20508680300495108,-0.14943113796442972,-0.5601961662642683,1.025187502774409,0.00032683879718343876,0.00027880507681857946,0.0005170351544791695,4.518812211714298e-07
-0.004065566987445646,-0.3767808674041682,-0.09450830055098969,-0.1144004402176711,-0.25547320379226257,-0.07214547620627293,-0.01412771501209854,-0.5024929934832577,0.7810657530909804,6.252750473231505e-06,0.0005165282419451771,0.0005985638280710063,6.251191778904731e-07
-0.48332134056654724,-0.28210650468443843,0.01776007272108382,-0.2305316964582353,-0.28174542604399266,-0.47859836106553616,-0.16128828817042523,-0.5879034082260799,0.8873205779626879,0.00040392484681298665,4.705571031416603e-05,3.3621327450066494e-05,1.6649991540557001e-07
-0.3155319396987543,-0.2262430880282501,-0.29067949572097584,-0.1956541105047696,-0.346053292467386,-0.37488618496723675,-0.22646742490952737,-0.3957933866709242,0.9692213288233716,0.002416272860331072,0.0012114674656172508,0.0024551118024329576,1.333360191826719e-05
-0.4194290598826055,-0.14765209933322027,-0.23546250542474756,-0.032713146502620694,-0.31344103593654465,-0.09777209466491343,-0.1541245108671567,-0.5101562121318733,0.8523812950710435,0.00040378575308745116,0.0005002587418033949,0.0006149864781790759,7.915101114902188e-07
-0.14809631410646185,-0.04696343456140478,-0.1696099366321519,-0.221253907540369,-0.2506842173772006,-0.29495515402074496,-0.04196529720537931,-0.23853511452171985,0.8467038651738413,0.002842502596773532,0.0021335530972784998,0.007768204141077079,7.2976865409018e-05
-0.37254318751609394,-0.15806257590876766,-0.008023785108968118,-0.07600866416696916,-0.39394801819970904,-0.29642677026382014,-0.1100078241367142,-0.4795653659021461,0.9271954115390282,0.00026348958714573145,0.0009189500718328235,0.00032235703631741094,1.0178100559191247e-06
0.01878235354446789,-0.4044278897199923,-0.2730645840979353,-0.10748517131746282,-0.001894038780105245,-0.4918084841897883,-0.12686543382480625,-0.5251098342300543,0.9978088499513041,0.0011593038931238012,9.506464508453386e-05,0.0009925858778966083,2.3382495283568313e-06
-0.3166143248789638,-0.18623024373153113,-0.43006843262628436,-0.07215320760498695,-0.44449015023792127,-0.21901702086660813,-0.14595962719438668,-0.5433275752471602,1.0090962827324816,0.001574389835043551,0.0021697881697152403,0.0003003985272840431,7.276923329319096e-06
-0.2920060381253967,-0.1764980148706598,-0.28674749444834635,-0.2646908538184524,-0.048010131710371995,-0.3962527846804873,-0.419057775985824,-0.564454912598342,1.104617198773403,0.003091032384350863,0.004513777359630942,0.006512703394368736,7.234397275644473e-05
-0.2791554368414536,-0.07513516861021546,-0.25790433404379687,-0.11386631627213484,-0.2582078060299474,0.019707843882900034,-0.11727914042653037,-0.4369514008602958,0.8695764273523177,0.0022008720237433194,0.0038266216632589305,0.0020484544517390085,2.3683036659467915e-05
-0.3509994141516328,-0.18962337192424572,-0.15403019894576675,-0.3025209973041669,-0.33883402551728004,-0.0699992989445658,-0.1861734784650841,-0.5217875558483527,0.7820503944290357,0.000789145746224756,0.0005807000799963247,0.0001252308319786714,9.756463529704349e-07
-0.0028473962900944505,-0.17377491778841903,-0.006906809655855772,-0.4938103224885653,0.013900673418107523,-0.42404731552259095,-0.38470961679897187,-0.4875817020143718,0.7717866582140785,0.0015032696885167376,0.001591040889869799,0.0029565870697920815,1.3532637970912618e-05
-0.16778918900131828,-0.05426344924016785,-0.4687357708940799,0.009145843272559628,-0.19237307101871476,-0.3436184828292086,-0.13442121479084604,-0.6621144213831722,0.9638435251832405,4.0415098585341264e-05,4.509562975392096e-05,4.1331580960545047e-05,5.375295601263663e-09
0.009852326813351353,-0.4414036133629671,-0.4896114456407985,-0.1325579608933276,-0.3544887745238495,-0.41299312195016535,-0.026818418550887516,-0.43040688994138415,0.9392350827196745,0.0002914071834996071,0.0005935552195869706,0.000734173695905132,9.76236961053112e-07
-0.45573156076503074,-0.009650326343834226,-0.35116262309898977,-0.21557863301304214,-0.09247051653548699,-0.03672013304283195,-0.24054056979197436,-0.5571800644594462,0.9678695354322538,0.00023877179911225177,0.00025065080629001825,0.00013355075131071464,1.3767360192079406e-07
-0.4487902692634652,-0.453463327693488,-0.14794943364222019,-0.007648117406785282,-0.14706922403835093,-0.1563179951005993,-0.16642039326816374,-0.5200250575230675,0.8232115018864739,0.00041188840949205724,9.03017576236384e-05,3.243113596946754e-05,1.7885824788408508e-07
-0.04659770059275703,-0.09637868190983445,-0.4923403502478342,-0.23600275124251285,-0.46755051570894735,-0.2089266613906658,-0.05786034105842318,-0.5290274659958422,0.9674322267176076,0.0003906520768764829,0.0008385549278636165,0.0011084523866089259,2.0844501055912877e-06
-0.19552606167549935,-0.30890906678591296,-0.43789226883891935,-0.4570973778705439,-0.3439869334595931,-0.020126622740077593,-0.055826016435929375,-0.5640687039491977,0.9314644848330723,0.0005938033278213487,7.061347388357062e-05,0.0005301810914008201,6.386806445045786e-07
-0.040870150135298156,-0.4637034084218652,-0.42848126591136404,-0.302082976311137,-0.4817568716744412,-0.23070484790965928,-0.001621385708317591,-0.45764937169848274,0.8455961949177041,0.00034600947052133385,0.0010272327039474328,0.0015416572068522097,3.5516365251889653e-06
-0.27548208571699345,-0.22535987229699533,-0.21898878208089295,-0.24245588467711365,-0.31114879487805935,-0.06368176407166681,-0.17250263316624653,-0.3615452502654493,0.7418471280272831,0.00042994810145706577,6.058556064830359e-05,6.749566417558728e-05,1.9308164478810832e-07
-0.20733173593473658,-0.2207344464295667,-0.14530973588016427,-0.11831048430259167,-0.1852884674021068,-0.13896473693652256,-0.07051178165437184,-0.3364377867621356,0.7148524039810185,0.00023665231836044522,0.001471407179309396,0.00011495160612893761,2.2342572788602286e-06
-0.11728042932430216,-0.2835830910531687,-0.11115683723051417,-0.04799653262134157,-0.4791218875283877,-0.21210629948056714,0.004185597307670086,-0.4427167605138276,0.7761527148444668,7.220875061151573e-05,0.00027965005424211085,0.00025185266332083993,1.46848020524292e-07
-0.47645511417974357,-0.3279327546954244,-0.4987526245454787,-0.4430973418344678,-0.22135425013861215,-0.1618483121862268,-0.24993209685562043,-0.45219349974063366,0.9580234204488673,0.00025329170764739034,5.447301867053168e-05,0.00031597217052992403,1.669624114754026e-07
-0.20026965857362455,-0.38431124366450664,-0.34921705914794693,-0.34143160602588063,-0.10043959483965376,-0.03669586440431899,-0.011813706086159368,-0.44694936490158904,0.8497284553996324,0.00062995047953012,0.0007300747827718059,0.003204154093629062,1.11964502508194e-05
-0.3522525724508959,-0.3068949016359168,-0.47113668401403486,-0.18475791337470038,-0.08988369464471668,-0.012963175166450958,-0.1713392535556481,-0.3769740034254951,0.9466695323662527,0.0010048060740487838,0.00022981037738336967,0.000518730061737258,1.3315289329483567e-06
-0.3130614272424177,-0.09201584828598708,-0.20701762259584766,-0.4768078856231523,-0.31008817652999787,-0.22982354942604555,-0.24995699435725893,-0.45593473906903653,0.8551868682337802,0.00025633866751300017,0.0003488015803130414,0.00024031198681534992,2.4512190589835646e-07
0.0019241677306944815,-0.17444480369522108,-0.062415018512374465,-0.12427951783975416,-0.06364279508024756,-0.4572589259681981,-0.29571820600586385,-0.5613680160103246,1.1240276425118862,0.004992095401645072,0.003009760065517645,0.004113413677456998,5.089984423300095e-05
-0.22219062969168735,-0.3961436931183945,-0.13622741866135002,-0.012185222838649645,-0.3734366049818022,-0.4758997671614945,-0.035448397825564415,-0.5800394776839778,0.8566788525136108,0.0013693517968822642,0.0001913360301078245,0.0005094940604220974,2.1713180176475036e-06
-0.16849036142348872,-0.15894148852228346,-0.4167588075577915,-0.2943770847500521,-0.2531302627429022,-0.48423983019428807,-0.10548621386954979,-0.4997634092791461,0.9879382618982088,0.00038792652481381504,0.0007141802140131677,0.0002931876531517222,7.464993667026317e-07
0.004252593452011677,-0.44166272927062705,-0.48398573575705034,-0.40270996152507055,-0.24956496773766096,-0.19164982360512034,-0.03022262217192274,-0.5491757412044497,0.9683272672174156,0.0006608218495293214,0.0016441312195201539,0.0010772382672780284,4.300295268304351e-06
-0.07425551469553254,-0.3981571365465176,-0.05774022540905427,-0.12810916182894716,-0.2697331968810487,-0.1275166705242715,-0.014381334297550235,-0.5063285089119629,0.7909271862558531,3.562348616613592e-05,0.00019254632444720395,0.0013501632417101841,1.8612838990901108e-06
-0.12092275518722667,0.007969087899729832,-0.03385530873718445,-0.1223839151487991,-0.30422099442015704,-0.3018602586871797,-0.01083841573072133,-0.2407503266711005,0.7187896846588302,0.00045023071652676677,0.0003192348025318613,6.120565119926425e-05,3.083646889904883e-07
-0.1279559596706084,-0.09113154838470156,-0.3855407254936887,-0.02116704536568681,-0.42709663112817114,-0.2830909325507305,-0.044930352734408804,-0.5614493754094263,1.0643429625143885,0.00016788308021112506,0.0018761198195952975,2.2112330877006557e-05,3.5484992612762794e-06
-0.1621775177887404,-0.3449450570104613,-0.24011550044779428,-0.2795886829222831,-0.23564234456234634,-0.2531849329789859,-0.03293692278259479,-0.5052706883900772,0.7964076049344769,4.730053956600549e-05,0.00047064076061059803,0.00020982035760101772,2.6776464905517645e-07
-0.09011427184461135,-0.1816357609449355,-0.04200036866071544,-0.037052527606145524,-0.08177664782951427,-0.3803656500479209,-0.17107153278198128,-0.5608294101847057,1.1838215964296939,0.002083496176755646,0.00040089177430333484,0.00038622283545055507,4.650838611882939e-06
-0.08984676805919384,-0.21746344477067198,-0.01749438003418846,-0.3638237777217421,-0.13647403597687396,-0.3512578573662231,-0.2317926984835888,-0.36052161123637466,0.7886228304425029,0.004268734470369114,0.0070402358669182504,0.009311741438146406,0.0001544955436512526
-0.10388666337689983,-0.3988653298642217,-0.27938890138256145,-0.2516285098764529,-0.4303537516690153,0.017246776807981257,0.021935369894986154,-0.4819557357567284,0.7332360508899513,0.0002929509936016949,0.0019455567319681135,0.0007831452251598674,4.484327725649365e-06
-0.15873881794951678,-0.14812402876426595,-0.2148799096112216,-0.2907495160683746,-0.14660395131736115,-0.3922299162246764,-0.24777715043645365,-0.28715591715371236,1.0285429151384866,0.007444007401009216,0.001017468270551249,0.01653488277254261,0.00032985083616958504
-0.2251439865996362,-0.45019476852306706,-0.4710295344906445,-0.1126785157082576,-0.3220838560491901,-0.487322747741063,-0.01311093765355723,-0.4388030443872346,0.8900434866189496,0.00032172789667548663,0.00021853147343044526,0.0012484344677118758,1.7098534645499487e-06
-0.08442295773083136,-0.45247103849075593,-0.35085333838198335,-0.24868244311895,-0.43739135188598516,-0.13274255588966655,0.02216757720295046,-0.5155382374890547,0.7610647340998312,0.00015176499425421868,9.50625348518964e-06,0.00038601951258033124,1.721340464290642e-07
-0.06993610471256728,-0.03695974663859242,-0.45153575521506845,-0.1608902274473879,-0.27939013301456916,-0.38801841540696513,-0.07186990427924037,-0.567743813947952,1.0366579881579168,0.0009937662960297841,0.0006745768981881955,0.0006122887992220969,1.817523016346801e-06
-0.02316547371308375,-0.09177848690607715,-0.27970336515143246,-0.19406229086303278,-0.20709748207374418,-0.1435593890398955,-0.0496466291956672,-0.41389858176241234,0.8210825401554241,0.0003312479581592037,0.00044854262314939994,0.00011752254501578063,3.2472724315337234e-07
-0.05919982928116385,-0.14784653884905052,-0.10452845300802849,-0.4148324812018395,-0.2718605981222192,-0.019872374553974503,-0.0720011600673187,-0.25205466039558555,0.7187804448004939,8.517015728668251e-05,0.00042036521446428804,4.406654323401728e-06,1.8398028782617107e-07
-0.118938168687101,-0.2588521195991918,-0.16923373187085944,-0.35375313522616425,-0.491478143414981,-0.4843734853108311,-0.07258218037530254,-0.36084180725290077,0.8388921645854324,0.0001933856691749705,8.007735807628383e-05,0.0011474145594109362,1.3603705714669214e-06
-0.40044665484556796,-0.31195611954228447,-0.017283791845635832,-0.03638701687505863,-0.4558938433281888,-0.4594184291804575,0.001184317372069379,-0.47315714280679033,0.9838004362076075,8.662942478556298e-05,0.0013428908189964486,0.0011902118598342427,3.227464680273717e-06
-0.36220908362350546,-0.15225413043719088,-0.37977248187312285,-0.08702026640777916,-0.3709453470768178,-0.3855614770449357,-0.16119224571374743,-0.5908273191737651,1.0099719561934148,0.00016444661199535338,4.4317226943853415e-05,4.078570898766364e-05,3.067017885836969e-08
-0.4418003257303026,-0.13308463029432632,-0.4720894551383441,-0.4742474010899632,-0.465772703374727,-0.3676456623329388,-0.19530432011278767,-0.6251473895750784,0.9886925882472483,0.00015773971595535566,4.850793639728708e-05,0.00016413310621239522,5.417451443812896e-08
-0.12875130883784974,-0.0959099233132012,-0.4290974408437652,-0.06087835404822234,-0.06786708845732392,-0.3007792795344922,-0.08148380246696019,-0.620667688868373,1.0322721028244335,0.0004314130406981025,0.00019213243112272042,0.0008227941754884367,9.000223379912058e-07
-0.3767069949756696,-0.2470151571839595,-0.3690579371003197,-0.33229804936775825,-0.40187498170678226,-0.08407323211837558,-0.17995676270749927,-0.4692525533137218,0.9442542083621711,0.0008773072748424825,0.0003891081054041042,0.0002237065669418021,9.711178002756015e-07
-0.16796417629913113,-0.4271207592804757,-0.19496621140901998,-0.29497111604514614,-0.006902571525708667,-0.009296413945550475,-0.07663897448669615,-0.5253409155272329,0.7893320522616406,7.619422123997401e-05,0.001251691530968985,2.1476939462667618e-05,1.5729985069785315e-06
-0.19814362543079683,-0.06751798030921258,-0.35910360491239746,-0.4373935520399185,-0.05527477690084004,-0.29198786590203285,-0.23452202922347135,-0.49792571157135507,0.960689496047033,0.0009577738084582873,0.0010927850524401427,0.002907176636841346,1.056318583680146e-05
-0.2193568723448971,-0.11285283534028817,-0.0034899515008052218,-0.3100668686059596,-0.3841534449724331,-0.4900024664852724,-0.1922582328237316,-0.29723030712342785,0.8553781916409073,3.112470970079079e-05,0.0001246164214149185,0.0006714384148737149,4.673275450083459e-07
-0.22359860497186262,-0.4628346547362085,-0.2368385147083817,-0.17695715883509827,-0.3687381295887393,-0.33952006753154323,-0.08104495468312098,-0.5667559819129263,0.8985733215583857,4.1986034355213804e-05,0.0003340173166822112,0.001184616011629102,1.5166454899325023e-06
-0.07757974825794389,-0.2547147719173901,-0.19180216074436768,-0.42390787981457667,-0.1039983030011224,-0.11978492443140049,-0.10911975308174995,-0.41165434516424687,0.7668306553321627,0.0008026692903534431,8.464680725063251e-05,0.0006063502023648572,1.019103639562129e-06
-0.43182946486643475,0.011351583344565652,-0.46791153524155055,-0.10786077656870774,-0.3939472869883921,-0.0006036860125656629,-0.14176633947313602,-0.46531466419497625,0.9516364154921677,0.0029684774453817013,0.006612923513919018,0.00241321472802519,5.836622106824062e-05
-0.23310058077541124,-0.2036308449262621,-0.130871675076991,0.012474917816183484,-0.42792201964938137,-0.057709068238853245,-0.11496709385067404,-0.4202756817307032,0.7494538525055591,0.00013152340446783141,0.0002609704860070796,4.851993839188474e-05,8.775818491113241e-08
-0.01797658766726906,-0.4629205643789329,-0.22808670852492346,-0.19049111970162014,-0.14798446898700246,-0.39332630024967014,-0.10725269148448328,-0.5209544576633126,0.9281048557343496,0.0012367609178644714,0.00020970472011194375,6.597849296538109e-05,1.5779067991281808e-06
-0.3452843865970897,-0.17904817135600232,-0.369913934434799,0.00504922690939924,0.007098805246335327,-0.1353460398067473,-0.2695346014914383,-0.5839475544772286,1.0463775012511591,0.0010740843142343877,0.0048068473595292,0.0007369962490586503,2.480260212302373e-05
-0.3247456249739094,-0.018885346894238875,-0.134690881602411,-0.08635334473286516,-0.2846478838420049,-0.10972754419504988,-0.11504628966182345,-0.5002862030184569,0.8124565055734695,0.0003250073369596454,0.0001300244913134308,0.0002508135528200172,1.8544357569711645e-07
-0.4961744264959411,-0.39302595850217864,-0.33092250733458384,-0.026407767316829978,-0.3520066023647978,-0.19992274735009075,-0.1747545118274542,-0.47504622675801866,0.7783814582414365,8.34511040262901e-05,1.9780809287408796e-05,2.0548892111909235e-05,7.777624146298413e-09
-0.13695505934082275,-0.018955824081759776,-0.3605734577080506,-0.4876561216160892,-0.3898053563998772,-0.2894068887042489,-0.09516623184249855,-0.4456140710899185,0.9639154905689016,7.722267887740724e-05,0.0002941864398470423,0.0002223492513896486,1.419481931164177e-07
-0.413460764464664,-0.17963061467126273,-0.28507470674482105,-0.47672686725789165,0.0006087343234324472,-0.028464389895186626,-0.32519632987724995,-0.6202176915312525,0.9590297591961632,0.000666699358159721,0.0008782189112093726,0.0005040497190239213,1.4698226094244538e-06
-0.4320659993096269,-0.23811533100046245,-0.11424201294174052,0.00453395459087913,-0.34249038307007407,-0.3334653581258149,-0.12317994357782296,-0.5314184968359831,0.9223605025920593,0.001970527686676664,0.003984361695769467,0.006733243753589317,6.509468893192377e-05
-0.28011465669122726,-0.01785144971332725,-0.2525513952058332,-0.1277895567823522,-0.1319381850575042,-0.0732216441517326,-0.18542692401021035,-0.44231038394197314,0.8742616714544715,0.0015001220784250197,0.0012050531708203186,0.0027077288421732365,1.103431487741912e-05
-0.21983913748906775,-0.4998408290073104,-0.48271850922597115,-0.2113792407761214,0.004065161603114653,-0.013353342444125893,-0.006396249879462582,-0.4471159304281412,0.8402349917719245,0.000617629854429248,0.0004697701852124971,0.002112435449288204,5.064534191406334e-06
-0.03279478919259887,-0.2038419989331558,-0.4250589345866478,-0.38859492865945855,-0.15411844072186848,-0.33257459544135937,-0.14510448899081607,-0.494905240949669,0.9794448084384633,0.0016908598161882536,0.0015782585681476187,0.0042636988863284314,2.3529035219209857e-05
-0.2238023275151515,-0.4449152925237823,-0.4417785368953142,-0.19030648320405408,-0.4832759209085591,-0.26022026324259306,0.0014824316644207604,-0.449513395512623,0.8336782296213309,0.00013926108791389573,0.0006664281465801312,0.0008912214962743491,1.2577958805826798e-06
-0.2272327031081548,-0.16566517355583993,-0.04556017149150199,-0.3653846289049335,-0.2432127719762613,-0.42752479740421295,-0.20667374928268784,-0.3167040150549246,0.8339913522777909,0.003944422460349932,0.0016235628708621316,0.004277274551174759,3.648950252748234e-05
-0.43653656890748477,-0.43573631556348863,-0.09585124274724416,-0.2503874057861144,-0.079381744152765,-0.15597913656079526,-0.16964013598547417,-0.4816935238670263,0.727943766425897,0.009274387540605455,0.016583539045651415,0.005312004182173169,0.0003892454199634082
-0.019628996838476964,-0.2166856535643079,-0.47874132632639566,-0.43892821180647185,-0.3312580382243996,-0.33538365726920183,-0.10500449683664881,-0.5371691901898553,0.9839934734320729,2.7098464944132176e-05,1.8126899975251304e-05,5.0858399868897224e-05,3.64948814226577e-09
-0.2842181642522926,-0.33848345219541087,0.0013759121538011732,-0.19759926722824,-0.2698195076829185,-0.2948537641696288,-0.11183708724586384,-0.5458323678220124,0.7732813564333478,0.0004478148974250906,0.0006453035632851278,0.000287671127324822,6.997095486406613e-07
-0.24934296725455912,-0.04266150580050465,-0.366373360292757,-0.395969840434508,-0.08177647217812423,-0.26291019028601725,-0.210651728474968,-0.5336661506718648,0.9537216934282085,0.0037634125460099667,0.0054555117683656555,0.008843218097235551,0.00012212838896151574
-0.3593243428783491,-0.07748397451201539,-0.267643467307067,-0.16356862209996537,-0.09541576838758192,-0.41159493895450006,-0.22982073453956114,-0.6612871530684042,0.9520554322953132,0.0010882599613866032,0.0010711983158973883,0.0005771804815628306,2.6649128838356725e-06
-0.1401451508913082,-0.1560237004719527,0.0019383480545797083,-0.07066794718556596,-0.02221037158307526,-0.05428012042097147,-0.1637499931285644,-0.36905042594098475,0.736113908620163,0.0005363321390990227,0.0002937676462324033,0.0004174911221279612,5.482504304591242e-07
-0.23252484142616714,-0.13011013590805115,-0.09210974758012574,-0.013871283255595335,-0.35667321863678403,0.013000633953794583,-0.08604259771813919,-0.44132741601334874,0.7767783973761818,0.0005139463427999178,0.00018378944157329343,0.0001644319536740407,3.2495726950029547e-07
-0.3639614900400824,-0.01075328089165567,-0.26009738171933316,0.01824449476562373,-0.31911606066091247,-0.19396667450524546,-0.12759940098478034,-0.5083021384366736,0.9333819744281064,0.0041967784669450356,0.00022410935072567377,0.0006565033284931641,1.8094171122018807e-05
-0.02651682728229482,-0.22833553665507578,-0.22796625129352666,-0.27514365532021134,-0.4896333035223866,-0.014571883156120069,0.014330996724322006,-0.33326409218477326,0.7708300861352523,0.00010674925421590033,0.0006316707546182062,0.0004082771683471334,5.770935917091386e-07
-0.3088852669432638,-0.3712104825826571,-0.49101214172342983,-0.09537852088793158,-0.31774226190983057,-0.0024340251951754377,-0.027778270203306168,-0.40821706535041113,0.9131766305865133,7.941201727426884e-05,2.8790266931490177e-05,0.00030547611499388524,1.0045080478931266e-07
-0.011243088633152765,-0.1862097113399106,-0.1487030575678876,-0.10715061775171109,-0.28937366626485217,-0.08133601635699672,0.025962512768617014,-0.2971444506816358,0.7194505042009581,0.00022799402038828058,0.0006709620555787363,6.868126787906389e-05,5.068884699167306e-07
-0.4512779843372933,-0.10808376164454503,-0.2869917910545049,-0.18381257854197652,-0.3800830677484977,-0.3537728861711194,-0.21751221418512168,-0.6061697623429134,0.9102482131353103,0.000628968780082591,0.0010602295587152188,0.00017341523563941792,1.5497612874439253e-06
-0.3441760410755105,-0.03993469938097077,-0.06389925528454271,-0.028215206734172327,-0.020645241698435846,-0.4740289959731985,-0.28048860477696724,-0.5917620640578363,0.996529112156132,0.0009263412813320012,0.0008403821598289814,0.0019140513440514123,5.227942891723657e-06
-0.38336743204846574,-0.006508649053067528,-0.008063074729323105,-0.0781374046946105,-0.24644699709342127,-0.3106871570333837,-0.1702715346010468,-0.49878046427361394,0.9874605333308113,0.0017021053258112337,0.0006324553765322628,0.00023406132438831816,3.351947047033946e-06
-0.20755505955920361,0.017291707186270378,-0.08022629094063533,-0.475200816921291,-0.29157677589195197,-0.06625406087569208,-0.27403127800430327,-0.38392089002545193,0.7096235412096097,0.0017779619672388966,0.00046710989909155376,0.001225333982917013,4.8807837844686e-06
-0.07219194219608593,-0.4774600118699114,-0.4468369555638052,-0.18135561829806973,-0.011147484196916246,-0.15379389247536485,-0.016071461287993683,-0.45748743052870655,0.8691197475397653,0.0013706867620497767,0.005131655343343119,0.002041476683303224,3.238029581099122e-05
0.010420893398750852,-0.2830206008495592,-0.28226304535165025,-0.41471761527510975,-0.49404089016798924,-0.29881943976282066,-0.035923062198424345,-0.41040955948791524,0.9333855514751364,3.353698199299023e-05,0.0008584998441662328,2.9169921488708545e-05,7.389975959143013e-07
-0.032092965037768095,-0.34665391892219966,-0.4774879968003513,-0.46922918459001306,-0.0970133120047465,-0.4054266548539375,-0.08592645814248097,-0.6044135181659924,0.9814476193231385,2.544819172599599e-05,5.374758350925436e-05,8.399226706351768e-05,1.0591114121676602e-08
-0.1792406868875121,-0.2993272450189174,-0.16267124674839328,-0.41846419161224474,-0.4303007231716266,-0.21390790029271683,-0.010408580707491306,-0.47059990347382696,0.7451221268393339,0.0016573227431552504,0.001018385128965107,0.0006908787352760532,4.261140372733559e-06
-0.0828409451215616,-0.37991855740817326,-0.4196913667350826,-0.32818113343787114,-0.48989150829948125,-0.4850626121714462,-0.04202823536786434,-0.5173015566408968,0.9902237423704107,0.00035071689914174044,0.0014825368871661693,0.0005035415958268214,2.5744721038797752e-06
-0.08672914633426038,-0.03287878977820258,0.0162415112722748,-0.06366501223995985,-0.4414228861410775,-0.13145556361451255,-0.006933426155113062,-0.21991584994263863,0.7203635078488787,0.0011794192761384336,0.0001275419084608638,7.855064394624718e-05,1.4134669710051157e-06
-0.2594971530988471,0.0052974642902017255,-0.13049523399099272,-0.15987142805143856,-0.3186811523348271,-0.15717677249436846,-0.10972028742359445,-0.43732059342080193,0.7890116545790822,0.00023995989954119342,0.0003016634866442672,0.0004936801908138562,3.9230174336420104e-07
-0.0395911504204452,-0.07818812519221552,-0.10198079738670335,-0.039791292690740165,-0.026173613376600013,-0.07757159944328307,-0.09019553435688994,-0.16057437206954558,0.8702772226068775,0.003988745780903249,0.0011810620817507948,0.00846583512262871,8.89753648691569e-05
-0.43683610328663836,-0.1123356686340754,-0.4068648455812893,-0.4921059612289428,-0.21672764254679766,-0.3675088311055533,-0.19775486696364383,-0.6164480019832342,0.9928177340656354,0.0005374655142703128,6.289852620674759e-05,0.0003823719189983654,4.3903368806732527e-07
-0.4319099720272389,-0.018464814104676652,-0.48686593146796076,-0.4666661053900453,-0.1796963057454825,-0.4197900266825959,-0.1917145912018782,-0.6429423754871769,0.9823827842738617,8.422661085017443e-05,0.0007884223845747607,4.7214542774957025e-05,6.309331915233067e-07
-0.32198924112761873,-0.15170654572069603,-0.4992401525495067,-0.2751701343970152,-0.23999097429078564,-0.4070218738984693,-0.1688956618192331,-0.6158727082395765,1.029560048306925,0.00017300320950453291,0.0004305699138482502,0.0004952783009008025,4.606211565533446e-07
-0.24522797995568113,-0.31175617748712603,-0.05934773339624494,-0.19323822473309182,-0.4035875799137638,-0.30138758405739496,-0.06465577740954734,-0.5082655489477941,0.7454902670609381,0.0010561760982742117,0.001999167732131332,0.0007206348711013341,5.631494189208108e-06
-0.2669263733196491,-0.1791572363443888,-0.0861653663418705,-0.304471102184498,-0.000630950870846192,-0.36735182898431434,-0.3476676555484076,-0.5358555903575115,0.8523427380045681,0.0014605296649776141,0.003070451509704218,0.0016917689892181748,1.4422901688604818e-05
-0.37700764319200064,-0.4916661556548934,-0.3129990382119205,-0.3887611621489933,-0.2518292418571617,-0.49668689362584123,-0.061360866864881076,-0.505899068834465,0.7797395428774904,0.00020563342993176495,4.3945598358264114e-05,2.673339259932703e-05,4.49309974004377e-08
0.004243377615713362,-0.030317976876407693,-0.14469118327546504,-0.3307816491795821,-0.24371846726878088,-0.33351600099412615,-0.17442232895162016,-0.17705226123907092,0.8559455531781223,0.013813412084157923,0.000528598985657717,0.008126543178648192,0.0002571304743288319
-0.08194346138921027,-0.026778313324531178,0.0014940429944313438,-0.1504601160918163,-0.15826576566035983,-0.2699599061482929,-0.2711087285570151,-0.15426979303008334,1.037287311024535,0.01651127709166824,0.009351105261642366,0.011955405524453296,0.0005029971620662923
-0.3599714205453051,-0.3582744087111666,-0.4324075469136197,-0.10952976962085065,0.018703156007956134,-0.2932841513701204,-0.22523422576916224,-0.4599341758600038,1.1110192273296928,0.0012926360426967897,0.002782898016572179,0.002336391237350459,1.487415332348819e-05
-0.41573689362897553,-0.10807831508225285,-0.477010458090436,-0.22618475756173317,-0.4388455153198008,-0.33260250812052305,-0.21113989677363995,-0.6108057262727387,0.9940575182162007,5.467644788853658e-05,0.00029721495628720797,0.0002519581774752281,1.548091673911533e-07
-0.4075512007239064,-0.21664256427023432,-0.18263005667585086,-0.0029038891286605195,-0.4555433009110737,-0.3094824874680859,-0.11072845181650402,-0.5097618593170756,0.9233945190111383,0.00019256848390244785,0.0010371744214143343,0.0004971315000035762,1.359953129724452e-06
-0.44215274484196765,0.0029660842329835013,-0.2948353675489601,-0.48709128454162737,-0.3257312760787084,-0.2634434586563087,-0.21957958939920358,-0.615180994807597,0.9405933322651361,0.0007633295538560842,0.0003803437139106645,0.0006984753157726559,1.2152011152451978e-06
-0.34490824834700506,-0.47007486621546507,-0.030583078954945553,-0.05960715023228935,-0.3507289705424763,-0.45946118781513307,-0.06562805894689142,-0.545247519093934,0.821732481534308,0.000850609427572146,0.0005069493697600336,4.659686564222171e-05,9.827053296623883e-07
-0.25439846484106937,-0.28970611328361207,-0.279451337768169,-0.2340666293061961,-0.2500761148387906,-0.22276715220443716,-0.0334413646038653,-0.33576008842407284,0.778859442450076,0.0062917443899367775,0.0016676395033291308,0.001747231916977982,4.54198883530713e-05
0.018501658125192444,-0.22392693662439567,-0.3547943502493044,-0.15760231896125276,-0.33803784415017923,-0.4823083834798781,-0.05717366144752097,-0.4431545924548775,0.993963393549172,0.0005152330579493748,0.0018966709586623828,0.0013193467648073326,5.603501715244721e-06
-0.45687745245384775,0.012040773206666744,-0.01315696842047348,-0.4717234116078422,-0.1490627642860165,-0.37592699110133676,-0.24837219884350284,-0.5660954437296972,0.8768476068723071,0.0005967070951193929,0.0024767654320745967,0.001062536051372609,7.619409223351983e-06
-0.3632862265848731,-0.016002474409965273,-0.408300070512563,-0.09295279297508835,-0.3648309050657482,-0.3695055000478435,-0.1654857536776351,-0.6018132119117894,0.9985130504805816,0.0002834259931284364,0.0004633091349685062,0.0002662332831991227,3.6586580920909037e-07
-0.3436896083246391,-0.28709971236683496,-0.020908262843811642,-0.18133613080059807,-0.41900510211887326,-0.18502358925454776,-0.13367753347987993,-0.519152823478528,0.7873671343294925,0.00013726413091153555,7.569893999638077e-05,0.0002338846649158862,7.92738076342912e-08
-0.2453431057268678,-0.05563793841802123,0.016430967388334494,-0.07325519630818478,-0.48711016182832034,-0.04542264331783541,-0.07277474251700784,-0.4429409002086509,0.7727205126657416,2.5652120469773234e-05,0.0008166398673020625,0.00019564821257604998,7.058369272359292e-07
-0.1994489246492419,-0.17827850715791482,-0.060764394331874305,-0.3939209094565838,-0.19639398765077903,-0.22115948016970416,-0.33322045233582576,-0.48082626801754663,0.6679193672790579,0.0013316744707310522,0.0022960253834078768,0.0006323943286908082,7.445012044210412e-06
-0.07020223227455036,-0.29024883264056883,-0.061926267995731366,-0.4103046841852831,-0.12322547755437402,-0.47770316383298045,-0.20495381475485847,-0.4280255727205193,0.8177107829367234,0.0041944321554780156,0.0023404750292823294,0.003375887328912788,3.4467699727115985e-05
-0.4119593416574203,-0.06088135559408453,-0.08865117534851163,-0.3120200720012507,-0.07269779492506734,-0.1814347154405218,-0.2641855419279253,-0.6326308335596029,0.8239638160761906,0.0021464959349730217,0.0020534533149513924,0.0008560394114412328,9.556918789481222e-06
-0.26100094191746226,-0.17842651228212109,-0.40778492264022903,-0.3898554984608157,-0.17503262890506482,-0.1869891540707187,-0.14961463823763088,-0.5340906345660108,0.9588792538987134,0.0012940058033080466,0.0024854955065183714,0.0013578704394703173,9.695951062305229e-06
-0.005683951549473321,-0.30795048875720643,-0.4859288443710195,-0.3893278495367144,-0.37916415558629923,-0.3204778414440766,-0.10190492059638573,-0.5613399235356563,0.9481346922435058,0.00010307079835911966,3.16152499592959e-05,4.3330404847228475e-05,1.3500637488599782e-08
-0.4872157855337501,-0.34314893792807255,-0.06486435213748026,-0.4136647611050172,-0.06340769086007125,-0.01194936784044398,-0.2215436446145578,-0.7308557151979994,0.8084599709428664,0.0004721264914995771,0.000775411359159577,0.0030409303327923105,1.007142348878575e-05
-0.37387457586519124,-0.05942401056573088,-0.11427411367033236,-0.19475024565685667,-0.0712575592536161,-0.2935540580620486,-0.3171758236057468,-0.5975394784742853,0.9359378241489246,0.0011106114254343768,0.0004498818804726047,0.0020612017340493763,5.6844040331311e-06
-0.03676762666369443,-0.3725224232910188,-0.4166225960488561,-0.49528581215014833,-0.015907948560890617,-0.13527984678291666,-0.06904737806364768,-0.5015423152170253,0.9301333147140517,0.0010340431708098867,0.004258573582163072,0.0005529093780009947,1.9510403014077237e-05
-0.14092116315084624,-0.07557817961845842,-0.34818658492411847,-0.08597135604390316,-0.07325727358240536,-0.1799257206585197,-0.10790904616515107,-0.5303325425912273,1.0213488320982227,0.0017615953959664646,0.003959709049276179,0.004506148145655777,3.908788520460692e-05
-0.006027549328900705,-0.1669365316104779,-0.037172329314390906,-0.17671904328216093,-0.004237480027039164,-0.16704693213870758,-0.3463797697806678,-0.44764786120940536,0.7909362880287196,0.021616508178910292,0.021144048165921404,0.013057110278308798,0.0010848323275116166
0.011972624514866359,-0.2548200123445096,-0.4208696286225581,-0.06557017055520248,-0.11391440077569015,-0.3113212819753245,-0.07590176880367246,-0.6404092388781623,0.9932379441595328,0.0014538114417888919,9.917441197494733e-05,0.001360350280828521,3.973956158817109e-06
-0.20577713621237154,-0.1779731568446249,-0.19507694585046126,-0.3384293373455322,-0.47526796101614205,-0.03544619105540625,-0.10650307234614183,-0.30036232511427924,0.7610967878597706,0.0005026176519729912,0.0005320487237252019,0.00017227097700950794,5.653776380122693e-07
-0.3020910582982458,-0.23704644764880373,-0.22777052000104603,-0.4625976284575401,-0.4376342525471624,-0.1847509377221047,-0.18726691302222928,-0.3953057124280742,0.778926795464627,0.0023233791088747547,0.00043698126485660146,0.0004467173915802935,5.788599537331628e-06
-0.2517876545577138,-0.42633869172295885,-0.4944931104779048,-0.34465908440643944,-0.45541575211377117,-0.33171141640983415,-0.029534103863468653,-0.4388423424156463,0.9546729038447986,1.334662349747704e-05,5.317209767939531e-05,9.439568843312597e-06,3.0945097903582e-09
-0.06916124573785482,-0.36768278569374735,-0.36630011299698173,-0.20498350035407642,-0.10791345119698964,-0.22429323170447757,-0.04215455274091574,-0.511748936811596,0.952945667184682,0.00024010601314996652,9.81766538546962e-05,0.0005512905668956882,3.712108420610459e-07
-0.08854676348962015,-0.11197451390829033,-0.12147849330830957,-0.3516634793497322,-0.22912982267242465,-0.3195502908668921,-0.24843967579268053,-0.20019502778842255,0.7621701616952613,0.005979499958855637,0.001746496991444883,0.006763161931026125,8.454503080436161e-05
-0.13421261825619424,-0.46932529558469815,-0.3430622636507933,-0.48471268477734913,-0.09525896172567505,-0.11688389288155304,-0.0582671311397882,-0.5030592398239982,0.800408418280055,0.0006358181997514075,0.0012292306839576438,0.0006869960859293625,2.3872364796003618e-06
-0.014586005891072784,-0.45705688349477314,-0.31803348271449877,-0.24143646991761647,-0.4611473683408288,-0.10324338768446556,0.018282041996446504,-0.5019861709016218,0.7437295075005598,0.00010409143409715666,0.00023016646894635518,9.101296692468434e-05,7.209499022806986e-08
-0.0397757221172641,-0.012608163543124495,-0.316528287644683,-0.051266648773865,-0.32811475158198067,-0.3271355947126282,-0.05139701279511844,-0.3931748646569568,0.9210246316260022,0.0002445457688753202,5.936487558785743e-05,0.0016752886347242985,2.8699188311647874e-06
-0.023931037536508104,-0.4154740100606502,-0.04119815398269894,-0.3397095503522527,-0.26273007994904124,-0.36873741309979846,-0.09969401870119178,-0.49556894174871946,0.8671256148430774,0.00014872085541589515,0.00014943961189773354,9.12241173221273e-05,5.2771930020982053e-08
-0.19814508341886006,-0.03468002509776075,-0.4672858517924652,-0.001218996315775045,-0.48991545015231563,-0.30116554114394684,-0.15632722101939475,-0.6093117823366987,1.0348021784035415,0.00099517580628338,0.0013637123933989965,8.02604522297958e-05,2.856528117513926e-06
-0.3565844112410008,-0.36060849508298565,-0.020484791631900034,-0.26307198926625963,-0.4244255648515274,-0.04372022603424108,-0.12742790021822079,-0.5076589666581092,0.718718938179911,0.0005015785580783772,8.118149093539593e-05,3.3989228269546416e-05,2.593267520328371e-07
-0.25916057809176835,-0.2776712798839793,-0.49719165098799634,-0.29374199916349075,-0.15916403629728965,-0.2497110229205477,-0.0770239392657685,-0.5881030672208865,1.0062221425479896,0.0018154244457776767,0.004784355978135756,0.003454811306362415,3.812154920642012e-05
-0.11132824609158537,-0.4967051658491756,-0.17139967291100328,-0.09464879245708396,-0.14691026940619972,-0.4081091557792676,-0.06796437445428573,-0.5275568164950782,0.9287953981528021,0.00025399453856789916,0.0001660841716492565,0.0004338165576064611,2.8029398334825974e-07
-0.06948622063954224,-0.08306915893626216,-0.04545646039656548,-0.1987549472327963,-0.22329197021593528,-0.38506138888852526,-0.17753387962518347,-0.1773861586097731,1.0709178092055938,0.020636471362358952,0.0010027934453221059,0.007644743275994787,0.0004853116447393096
-0.10465069864573057,-0.22600645600583247,-0.0707710304940738,-0.43574553013534656,-0.2950951330944317,-0.4097170828058353,-0.09675511208280692,-0.3168402092453697,0.8204171819609741,6.982747223265322e-05,0.00017491517631508153,0.0005531495220355466,3.414455885118917e-07
-0.40618776439586707,-0.09246563091965126,-0.14214377590951488,-0.3283180154158534,-0.020862329492023712,-0.437360078181549,-0.28428604838981,-0.5965022610495953,0.911452083755788,0.0006154925323561967,0.00018903216520199895,0.0005665957818666342,7.35594996896262e-07
-0.3481599208971443,-0.1887445888267541,0.0065072488373717485,-0.1615250684606589,-0.2578701645212681,-0.4190144478037081,-0.18322890309007328,-0.4573493376882984,0.944552353525472,0.00516040502636867,0.002869441503788105,0.002470256499548793,4.096564175339584e-05
-0.04388887868952063,-0.47493685572711797,-0.42936158416440784,-0.02082810218794595,-0.2637646431054456,-0.21123109895392655,0.012050145762619171,-0.47835747994663735,0.787044245182313,0.0001156740267118252,0.00048267896576790803,0.0006219074626550491,6.331283565565465e-07
-0.4743703783762737,-0.3131052867560332,-0.10570616823443235,-0.3007052457956151,-0.1456615376666584,-0.3583854708329994,-0.19443283903942904,-0.6360866021045731,0.859467558422703,0.0008694387695022427,0.0008281506804671498,0.0012986727750014843,3.1283083000018324e-06
-0.012882666058780412,-0.39070376583458905,-0.14931798736028418,-0.3011976448196786,-0.47678037732217815,-0.2837924443862757,-0.025067245631664913,-0.4991166834385995,0.7846482743695503,1.9616541608867164e-05,3.6483563197115906e-05,8.628110306178797e-06,1.790303375705956e-09
-0.33315866065076116,0.01607471112588621,-0.3628169497463356,-0.2464094376064298,-0.2613254917885208,-0.24122871009211377,-0.1687219544130999,-0.5160441298141284,0.9502031583024483,0.0034231850112861496,0.004022532965256993,0.002345752839971931,3.3401523464309755e-05
-0.4202646508767494,-0.17288486772924905,-0.0250877781778146,-0.14521240116731493,-0.11864449425212881,-0.33644071572146705,-0.23210437028434452,-0.561926347602285,0.9440146355422813,3.0462358763457023e-05,7.452184544987141e-05,4.202060202306151e-05,8.247191745068609e-09
-0.49885701456883813,-0.13460975187005597,-0.4823788042825073,0.016765688202923346,-0.4139001736577474,-0.26372081637572475,-0.2307777610095535,-0.5883639926920057,1.0068088274280196,0.001717707068408973,0.005405236824469867,0.003551122116982514,4.477757099118962e-05
-0.41274671651664974,-0.16366627785957782,-0.36432365170339254,-0.07607173840438264,-0.356191588459336,-0.3815485616982258,-0.21295726163673492,-0.5708040805241097,1.0058017204473435,0.00011316629147537772,7.193374719897793e-05,7.156080810209057e-05,2.3102022768600854e-08
-0.2503199940187254,0.011377888039175166,-0.30215644249061857,-0.10276960762392373,-0.01943296355795776,-0.2256732112224748,-0.22913391329287122,-0.6074693208762227,1.019974295835566,0.007460129724800348,0.018207321177784203,0.0052256251630656576,0.0004144672383267039
-0.20328995030962826,-0.3988423086375893,-0.36578923081515236,-0.3151132691869458,-0.2372404546319351,-0.14395341137777318,0.008717348150464044,-0.44786690149568603,0.8039755851498265,2.1701765814293332e-05,1.5970380355877665e-05,0.00045322924746243925,2.0614277044353886e-07
-0.10609931406396322,-0.11901131892663014,-0.49396669907507557,-0.23807117814952494,-0.4019434263616772,-0.4274911251881156,-0.09592068017046178,-0.552045659359717,1.0056800836235171,0.00039352690729601577,0.0004689847588462536,0.0005343451589308886,6.603348796689223e-07
-0.04302552329180115,-0.4172112826033777,-0.2839991602935811,-0.22923423167153295,-0.05037698403420071,-0.1667445201744509,-0.04329623931018125,-0.545153268872406,0.8437150964763511,0.0005712379968841513,0.0008489345431893759,0.00029152300027622524,1.131988367394424e-06
-0.13324255725499945,-0.33075302058322265,-0.33511329492788167,-0.3148813202213094,-0.24241565194479026,-0.40450090075550094,-0.04019530758646174,-0.4548458706133348,0.9657915648690608,5.622475430044745e-05,0.00048647696263462496,0.0003213679967905638,3.4309844753153565e-07
-0.09136178426365466,-0.11131817888304141,-0.20026347609523387,-0.14588408532774116,-0.32628856231483816,-0.15829004147033654,-0.0017039354845894631,-0.3381153139389258,0.8168130319182971,0.00013906004147537878,0.0012237463165028907,0.0004082402360871482,1.683552832650018e-06
-0.038653144275553886,-0.4024815645646979,-0.15629612212249389,-0.05440935141539832,0.006511999282304837,-0.0774396280459389,-0.07485113416505594,-0.47547543256538527,0.8640326156983239,4.97861960466114e-05,6.667460717337837e-05,6.96994983909476e-05,1.1782188634465653e-08
-0.03245455247665918,-0.26965894266637735,-0.39172917151426007,-0.3511430291180899,-0.4012100797394945,-0.44320857033896177,-0.09839377046133498,-0.5085537011909148,0.9537099013605158,0.0004049479863956224,1.4168626197337006e-05,0.00013668631335691267,1.8286676991329324e-07
-0.20831198255853933,-0.12822702075708786,-0.33223171888246594,-0.08432880655362218,-0.2612106116063493,-0.17785566586886886,-0.03562554649155369,-0.42655789030004937,0.932067622577654,0.0001997859987098165,0.00016399035293009369,0.0006132958698414332,4.4293910509917554e-07
-0.1550595891118397,-0.07193911672808284,-0.17764835914762606,-0.11123796099456595,-0.39303353555577114,-0.2769009793318746,-0.02060161000513,-0.275741692761574,0.8098560562979998,0.00043029438814545513,0.0001658432859994919,0.0007002076711292814,7.029480386888728e-07
-0.31313102117243374,-0.10987476807026036,-0.1186921620486151,-0.24528312679467335,-0.4429197210423218,-0.4496884071808836,-0.17929229462705687,-0.4252287474854253,0.878922625414915,0.00022309634952595516,0.00010992295034000027,0.00019807760357645475,1.0108977322184849e-07
-0.2448276042807635,-0.2143116322526018,-0.3268303929884384,-0.15139331541623896,-0.2236314044102432,-0.08623106859717222,-0.0807586659217477,-0.38352177625358014,0.9083947929431528,0.0009599712302247207,0.0006596438207063221,0.00041585132260849196,1.5296070555704303e-06
-0.4986268243509936,-0.00433470759658483,-0.016130274004269862,-0.4181908549681887,-0.4551845661633075,-0.20796450043808978,-0.22603591995342398,-0.5634374253561716,0.8612525067947792,0.0009665815100659393,0.0007715788931595901,0.0005426710879930484,1.8241057137142882e-06
-0.22277700170863052,-0.016159209012516496,-0.09601880449494016,-0.26672703267606646,-0.32072464561804687,-0.21201604990692663,-0.12395143095411042,-0.378246493526114,0.7503951077032386,0.005151899814986784,0.0027340567023552698,0.002459303147641883,4.0065309727355915e-05
-0.08843850889547289,-0.40603183228503253,-0.31749969191633676,-0.2941742943278949,-0.041763931046661484,-0.1771013778112438,-0.05232996771753047,-0.5024627517325049,0.8164280123373343,0.00047904473678494314,0.00024733604465917996,0.0005514749031415292,5.947835476239624e-07
-0.3029140998319412,-0.23879135652871525,-0.081158637605936,-0.37213699964997154,-0.36601556717666694,-0.061720867565754955,-0.1278151530560581,-0.48142889107386666,0.7735339781069506,0.0009378853937260239,0.0004491616847148109,4.736526483773464e-05,1.0836186990936146e-06
-0.1490206778484241,-0.250565026602719,-0.040993083980210676,-0.47159374012442756,-0.43124014002871497,-0.3086112049365024,-0.08099923060349173,-0.35416258880550205,0.8279802519684206,0.00013998989930073493,0.0003152570627067132,0.0006029652645311788,4.825512977238488e-07
-0.44827212070083594,-0.1474491978629674,-0.08347368127335186,-0.2835398674160108,-0.17184790545804346,-0.3334597705027187,-0.2510085792352683,-0.5576995637204277,0.8898457761795685,0.00033772795622342923,0.0021698487564011577,0.00019254443825677132,4.859377158774118e-06
-0.19794513788670598,-0.3380506330191612,-0.23458689343938788,-0.3924495168584854,-0.26228416919447106,-0.27437970435311826,-0.08167451027368573,-0.4839201113822334,0.8175817202478108,0.00047424170884371054,0.00026584750703622257,0.0013755584470618576,2.1877411366876065e-06
-0.13163664818800658,-0.3279345385380359,-0.2636671481278107,-0.08041814391611912,-0.17227953013027958,-0.19688241109590948,0.004146801949527679,-0.39843165356176435,0.7943609702471391,0.00020716213045909434,0.0023377621448878875,0.000654890552755257,5.936929630455254e-06
-0.4736251911649948,-0.412845699762256,-0.14012995636022696,-0.22615879910830966,-0.3496494710013712,-0.3378224142662153,0.03386637167380372,-0.4729115082332179,0.8728510639411365,0.0008552003340440512,0.0006841422435070293,0.0012627746756210317,2.7940181020896903e-06
-0.07276905603279055,-0.40903255144857165,-0.4105963216138301,-0.3319744076851038,-0.23095007202741863,-0.07634194789249998,-0.027450689541738908,-0.528382474339287,0.9282325361009216,0.0003569693911174241,9.625911431807882e-05,0.0009393028579101066,1.0189828221621397e-06
-0.3304562947064066,-0.26236580124667047,-0.39164297651299795,-0.45377657328974547,-0.3590489688333681,-0.4896975452936331,-0.19378153659917458,-0.4463475201765322,1.0442293078821872,7.147805146371634e-05,0.001040919115553605,0.000580443479701209,1.4255363500935972e-06
-0.04335903695046084,-0.061105978427236696,-0.050625130910419314,-0.12951090325287162,0.012006168356957225,-0.48651629503519095,-0.4330275786302866,-0.6333333529797728,1.1966703693382237,0.0006894441141381093,0.00491665259588286,0.0007217945661998902,2.5169793330917038e-05
-0.21962481932675781,-0.05094204567991584,-0.4562599585559918,-0.08284447560495806,-0.23475729379934474,0.01810938865620848,-0.0773139496642738,-0.5079549894768145,0.972262864243146,0.0011331306764416728,0.0014007647889154402,0.0009678313468842131,4.18282463977019e-06
-0.2709500697570946,-0.012746894319652757,-0.3674805511137268,-0.4103246360392607,-0.0433515741253902,-0.3537918976045942,-0.21086549290585402,-0.6335106934269142,1.0157309546788973,0.0012013749377679593,0.004296758677067476,0.00037160005060076726,2.004352346765811e-05
-0.3667048486008424,-0.11786212543808738,-0.3723188304066074,0.016302547027482017,-0.4970309447300108,-0.2507646239184126,-0.13402373737505066,-0.5396197410876048,0.9899436234600659,0.0031568856423621915,0.0007815764738024003,0.002281349700548567,1.578134519954698e-05
0.010964948405771668,-0.12534210357295855,-0.031124694849028356,-0.1650858212344487,-0.17917324647511773,-0.19748011810000593,-0.043412736515142554,-0.20878835624329248,0.7192364724282,0.00010411241414669712,0.0002055254802736904,2.3480044522734483e-05,5.3631430311974064e-08
-0.471923860251828,-0.07358247536057189,-0.3595152883705419,0.009865170745139817,-0.2522504750235643,-0.15908209531882522,-0.21617805608579715,-0.5181618865007214,0.9646257674970903,0.001402136896790538,0.0014382334526358046,0.00042234319318538,4.212877114452131e-06
-0.34904038203207466,-0.35617981299513224,-0.013947170102278916,-0.4255166094863262,-0.20154256555783684,-0.1793731710958651,-0.1998532101958914,-0.5544094047673548,0.715314431189263,0.00014485911526919862,0.0003204238512026409,0.00037960422244294066,2.677549733926168e-07
-0.2160763323834089,-0.4138828026336083,-0.4166033502633365,-0.30414876651036304,-0.3972063859639892,-0.16438513655416692,0.0017270723841562219,-0.42122282593362753,0.8280141506564447,3.556551818537146e-05,0.0004646505547449612,0.0001370752150560147,2.3595465869124697e-07
-0.30125149445192634,-0.4428308302013431,-0.044551015900580915,-0.3578879651993637,-0.45294253607825463,-0.378097242950992,-0.06012526174501397,-0.536656793846591,0.7727750118737365,0.00036805210863042183,0.0002035807578670322,0.0013404778680641478,1.9737883944108183e-06
-0.42151051817893725,-0.3175009280741746,-0.3103772496299392,-0.3670005901006882,-0.00013828568014395692,-0.4745005370659633,-0.3191857114793756,-0.5216816520446292,0.8044174052419512,0.0030431862177859614,0.0019282947617385846,0.0018813830167228244,1.6518905099883967e-05
-0.30485289046391084,-0.033389614668007994,-0.41538441538506016,-0.37818871723323794,-0.16226709590597876,-0.1035283303712849,-0.20331888032957257,-0.5456266358845825,0.9581849677356665,0.0007773418575858284,0.0005190200574985656,0.0005429987939268596,1.1684898738468251e-06
-0.15565658352424394,-0.061858177425829775,-0.06797396431280522,-0.24739110123283403,-0.14113474816383142,-0.22722504745190136,-0.3783495223140135,-0.33071418834657346,0.6645661441412988,0.0024730192170301694,0.0026752533283055774,0.00339729006317512,2.4814384191759007e-05
-0.4771482719002204,-0.17190905591160827,-0.029485615353782746,-0.31267263851613936,-0.13348993713280172,-0.036762698378086045,-0.23055598200129052,-0.6366974717745945,0.8471384809237072,0.0004146863537255758,0.0005320773624625127,0.0001532872441440727,4.78568070828562e-07
-0.12361403667591264,-0.02943952242323422,-0.22850693326758864,-0.05131513839735041,0.018349615200695668,-0.20375977590757316,-0.23649187096064847,-0.4692466361325639,1.1216507491018792,0.0049460260597625665,0.026022384890677906,0.022035616057933697,0.0011871960642350974
-0.3797390690284562,-0.45377541173143005,-0.4750533964666908,-0.30455192116591195,-0.07472500101857704,-0.38770877815967286,-0.08075545207937719,-0.4121563730504164,0.9326228240975162,0.0022213772148425635,0.0007196079207306988,0.00237666418105826,1.110088491972539e-05
-0.1719298621959734,-0.4526616065276412,-0.07669076082028803,-0.0638496611527149,-0.20743195380528046,-0.3887439777450066,-0.04547691668602986,-0.5610022245504234,0.947983777558813,0.0009193706848915722,0.0004868898293856846,0.0023487436135597147,6.598900724434768e-06
-0.3503390742912927,-0.2679048547688741,-0.15471985272658367,-0.25215907590135,-0.032946801764080935,-0.1440994197678,-0.2246884114733321,-0.679407180926201,0.6999196516283387,0.003912972281695933,0.003989295745797536,0.0007554581177313259,3.179654959240515e-05
-0.24499446421100324,-0.28510760325208506,-0.0633306663033717,-0.06238797046171618,-0.28591341923332236,0.011803985804097805,-0.11833154754694691,-0.5032993612893287,0.7364088389206492,5.201855517463469e-05,0.0003724103699473367,0.0003177226518278807,2.4234309721130936e-07
-0.25816320315811203,-0.47689433851528296,-0.27805074023523935,-0.30698321968013886,-0.13967419607028286,-0.08975961744083583,-0.05324903472801597,-0.5196937709632633,0.8261984380148873,0.000608300294452575,4.425231010814016e-05,3.675595940640252e-05,3.733385157328816e-07
-0.06775449190369942,-0.3631884802969548,-0.0028330746447058353,-0.47964601036027127,-0.05417432697549457,-0.3890827488937445,-0.23250117567028109,-0.4930059933520258,0.8193058149499125,0.0002261212771180875,0.00010888993604799716,0.00016388895155223328,8.984743857894212e-08
-0.4438611045080442,-0.1640340039551833,-0.4429157568723353,0.0016389453139671328,-0.01348440598279349,-0.36706042284089324,-0.22328113702066812,-0.7350107055202493,0.9680726746035518,9.931584574084214e-05,0.00016166028545919504,0.00017143475074953568,6.538755887452261e-08
0.010589797652167499,-0.19014974730955864,-0.05358102702243689,-0.13961957497075145,-0.0023718005782915608,-0.4402477476390912,-0.31152614037331167,-0.5878511768558171,1.0972464554677357,0.0011400536290642358,0.0015071712119990545,0.0007188701887576554,4.088061687705701e-06
-0.1075253268177852,-0.4243822841617974,-0.23881546351852967,-0.4879300026650329,-0.1595698558830566,-0.14677681958021704,-0.11636569007926699,-0.5039437126370976,0.7908751137413541,0.0010228376169073438,9.120370106801236e-05,7.172376832941305e-05,1.0596592045925686e-06
-0.2660000611369969,-0.4388439642450156,-0.4641997976342757,-0.020786792798756448,-0.14473777490278944,-0.0238929476474517,0.006043729464927716,-0.42907374569555684,0.8146861546708863,3.77032063785507e-05,5.0726425060405475e-05,0.00019073901589353352,4.0376074154666166e-08
-0.2156492760660168,-0.2156924519331051,-0.09952643708429104,-0.3206156137761912,-0.1842430179073527,-0.3984810781832862,-0.2343141031426234,-0.394395153706974,0.7566646474914427,0.0021214974269822386,0.004404290326774483,0.008246648342520311,9.190573350040453e-05
-0.07102037370623449,-0.2605919725470727,-0.07095972749239327,-0.06427928743267897,-0.02676206129609965,-0.26161176158865995,-0.17852119892117357,-0.43479546018459375,1.0414980781754208,0.003971388854066481,0.001773097065443542,0.0018963412039236687,2.251191259538665e-05
-0.47590204360273486,-0.3221340469300618,-0.489134215604754,-0.32038458370372247,-0.2525250940031022,0.01542712682239189,-0.23505090587791225,-0.43272651134846746,0.9141496776032609,0.000806793495132139,0.0003695446385797513,0.0003809030745150554,9.325661358655937e-07
-0.27747396979662403,-0.4497280376566957,-0.08541807461057138,-0.022127980330959474,-0.3934689649456895,-0.0527249070949834,-0.00929785558732091,-0.551916034614888,0.7356800085409297,0.00048170934454412585,0.0001956877226263575,0.0002678516192600417,3.42082067348048e-07
-0.29849382357805887,-0.1894467506283085,-0.06053329852299916,-0.28935688205015075,-0.35614615979215936,-0.3082420527486962,-0.16491474035835704,-0.41020603517361404,0.8572188020745669,0.0024475718379189035,0.0006120665185839109,0.0017682594038632893,9.491974644296105e-06
-0.02506815594163836,-0.19442918965861272,-0.05085761620910573,-0.056075418392911025,-0.057576677774810514,-0.16762287934447978,-0.13635259635729485,-0.30061012096093265,0.8955375040332682,0.006258262585538285,0.0008853643386318472,0.006327818961379739,7.99910134096663e-05
-0.16281304308760203,-0.25944162636640644,-0.2801685975047282,-0.25381776152569224,0.019486463013833832,-0.16588755067366273,-0.20033814454432466,-0.41847334154296173,0.8877750334807636,0.003081874778982318,0.0010243866849581373,0.005449053594294453,4.0239505307140124e-05
-0.09262799079299017,-0.18800361988645237,-0.30668690965762474,-0.2424791578656439,-0.476994266007717,-0.01827932148753275,-0.03144116463160027,-0.45000017857270513,0.8472354478138757,9.521796050247007e-05,0.0003371639650309976,0.00017535483906779586,1.5349531890216635e-07
-0.14248261144542895,-0.27726115550660013,-0.25507400975355266,-0.3823772062521079,-0.22309069630178313,-0.1055031166270482,-0.03723226578063595,-0.4232537210017103,0.8281831786666216,0.0008726288032466185,0.00041652124907907376,0.0020237081857052866,5.0303658000806e-06
-0.06266214511686424,-0.03780991536929751,-0.29521053612763226,-0.34783363362767494,-0.3923481680294599,-0.4055431251205398,-0.09451589885256408,-0.3901633947953536,0.9688438892028801,0.00016187470584720217,4.796755903791725e-05,0.00030491841810444115,1.2147954881248907e-07
-0.44632841429619097,-0.08334067283817309,-0.2011274008591593,-0.060610486010187814,-0.2608102162524187,-0.23009760273406937,-0.13470959711692887,-0.5198433195863,0.8881354406053636,0.0013441878148491909,0.0001195512045224909,0.001200287525444377,3.2618235158292064e-06
-0.1880942694263289,-0.12177329485394439,-0.032830478563784515,-0.029649758051393527,-0.08686779801663064,-0.4592948651629118,-0.2542358277828742,-0.516444695901673,1.1318668532684575,0.0032845300959611886,0.0005467784266103724,0.003320623798489068,2.2113647010173296e-05
-0.009355984802687678,-0.22690613619459465,-0.4468447960553729,-0.07313197942073679,-0.09278913135217765,-0.2993447534184873,-0.0943825958661109,-0.6172416428337021,0.9831069314036893,0.0006179178116963923,0.0013127980211496246,0.0014844901236122981,4.3089719934484846e-06
-0.49422818455872014,-0.13507134039115898,-0.42439791867127663,-0.08713802153506867,-0.02980369365857377,-0.20936864446887904,-0.19108960832486466,-0.7283064560663193,0.9643142278975174,0.0005355487485492081,0.0010281566271239002,0.0003342028780991435,1.4556100757011687e-06
-0.10150860250969279,-0.39793649978757883,-0.40489183871018575,-0.20168650123754317,-0.2953500486857372,-0.1486278634400059,-0.0016466744499973247,-0.40585698597536457,0.8381240271851954,0.00010806343036892672,0.00030955773657167775,0.000679520725140576,5.692521131500546e-07
-0.210255569349156,-0.10852088009042882,-0.19666752573458035,-0.16242387960373011,-0.35777712264653944,-0.25169250476768423,-0.06462628367105512,-0.3273238185980112,0.8228354531469029,0.00023024559546152204,0.0002686941400209344,0.00013174260587496466,1.4256568931374663e-07
-0.3759934669980351,-0.22154522393493092,-0.4736412563971796,-0.20018109255733008,-0.2970184661988675,-0.16706108914252632,-0.17373167694783678,-0.5380359828540782,0.9985986661789014,0.00033060398053697416,0.00037128253871315656,0.000676435551935081,7.047147714218963e-07
-0.046210757616681364,-0.38924901466318007,-0.30142126645539613,-0.05830998970910284,-0.3563276095140364,-0.1637514241751054,0.02461219835967524,-0.4931405860568206,0.7224642647348196,5.2175910109297144e-05,0.0005201192069982737,0.00013867322365022575,2.924765780417921e-07
-0.0971962103234949,-0.4547682974622315,-0.43236627924582227,-0.10832294166264517,-0.15485954980394895,0.004419610466418478,0.00942070652037459,-0.4409584654151423,0.8018534767936125,0.0007687329160530475,0.0017554116587726461,0.0021465899549464986,8.280268822655568e-06
-0.18677780383898124,-0.4638903301724746,-0.10386138758133412,-0.10053662172461275,-0.04559272727005542,-0.05701158244196752,-0.12496762565683218,-0.48133295768053086,0.8097028304989728,0.0006184961672746693,7.116487114998061e-05,0.0003061907801336898,4.813547416581267e-07
-0.4501061063393109,-0.22373294679548328,-0.2025748996989315,0.010638846071799879,-0.3396684710693059,-0.2135411634892007,-0.12444977010069919,-0.539032250497223,0.873027022081457,0.0021280069443982423,0.0020244312538070667,0.0015765954989799325,1.1112388824201782e-05
-0.4950542475691079,-0.11432159830459981,-0.35364010440629845,-0.0756238973532547,-0.46975945004273856,-0.34304627858504144,-0.24433365891366224,-0.588891347612953,0.9575715135311579,0.0013188731469334625,0.00249325658535636,0.00030388682719473275,8.048101981867509e-06
-0.19104299669098918,-0.28389527654251895,-0.054478460229770265,-0.4538519783188645,-0.22184841826156532,-0.4870716101081818,-0.11122460525118313,-0.4070022767555966,0.8410982978792136,0.0018265646076697007,0.0005656356097874779,0.0011853615991660484,5.061364029828713e-06
-0.429206597788074,-0.47673985572090277,-0.1406886509082811,-0.09145350442668532,-0.24242193623521785,-0.4050985943951922,-0.13490377518048083,-0.5118067198353178,0.7707824162932417,0.0004846119900227385,3.8384537156033396e-05,1.3727186502910001e-05,2.3651058921576733e-07
-0.004401742622041183,-0.07827096110256765,-0.4585403706121325,-0.22618030911005527,-0.1699923709491865,-0.06540774762659168,-0.08845372677936497,-0.4754238785858081,0.8884787886621445,0.0011440232940208126,0.0001296559935244971,0.0010373433487121987,2.4016811970364937e-06
-0.06299036286113963,-0.003115362039676939,-0.4446617865764689,-0.08435638149841995,-0.3107985991530505,0.011197012018614783,-0.04183794749748426,-0.4872007805112912,0.9006678389820202,0.00010691070303753833,0.00020514822753963302,1.6168077532778857e-05,5.37771004177397e-08
-0.3046136624691038,-0.3542880367114041,-0.4580428981391733,-0.433263967802329,-0.15187110493576106,-0.12633986550840903,-0.09578526266644691,-0.4297461022475548,0.9289558840341404,0.00044198232258670496,0.0008333547574945888,0.00045851772331504553,1.1000670279120156e-06
-0.06911787113343171,-0.11355763320762491,-0.3120512541782589,-0.11846000688814129,-0.41725752054055654,-0.13323785200478871,-0.016088681943129457,-0.4239676270845417,0.8497647084646219,0.0009449728659174055,0.0012116141308535326,0.00017828118867598081,2.392766701639838e-06
-0.11590298573202912,-0.26608657491206705,-0.23576345808243054,-0.0940429027392159,-0.10729350421915518,-0.3327073448864338,-0.11050330495056973,-0.4938061264033342,1.060076533729028,0.004190338465412598,0.0009728557692718419,0.0009698091387458423,1.944591456811687e-05
-0.48015134425231853,-0.31999977163687277,-0.28013171011327886,-0.2659290637920888,-0.46374209134372957,0.01454701144763293,-0.21681260495124893,-0.5072654849106513,0.7924417071722688,0.0006118469833829638,9.623140981501835e-06,2.988547173795967e-05,3.7534247733818316e-07
-0.13405026086143035,-0.14198599726997402,-0.11889385009273123,-0.41388461314264063,-0.1506861032404589,-0.4028392220619436,-0.2955263733608104,-0.24241594128987223,0.779076748030476,0.004453213211128912,0.0018545202673712635,0.00458265186479198,4.427105143974528e-05
-0.33342521769080924,-0.18393559560802963,-0.1468364049512918,-0.31854861624014347,-0.47459373762073553,-0.028026212349694823,-0.1367069994660368,-0.49832803993147207,0.7813871633571723,0.00046767740852951447,0.00036165357950850886,0.0002286263670427075,4.017854857273466e-07
-0.07130301527379829,-0.2533707545583968,-0.012956404259296228,-0.06176389607064231,-0.4335924565589489,-0.4978715940984196,-0.028517160116302367,-0.3830003447626005,0.9168374480624091,0.0004944086324021518,0.0019336496012440831,0.0015623231828849364,6.424294403964886e-06
-0.2403152897962606,-0.4106058546935027,-0.26031993201210857,-0.2992667953008787,-0.24536784435703857,-0.14186194821425774,-0.006887212890255092,-0.5335983418622015,0.7535379697045212,0.0002178970638202846,0.0003280706621248379,0.0005649134215172113,4.742366635788131e-07
-0.18859268683191743,-0.1711270279380508,-0.3843082309016763,-0.04402194794513142,-0.44562752275360773,-0.46473802144981297,-0.10435743280328921,-0.6272249649481122,1.0983659065365452,0.001140839030179587,0.0009784382171180207,0.001756799000904488,5.345197767077197e-06
-0.03219837812833848,-0.4645597222706142,-0.07917036326231924,-0.3553201933017003,-0.04323683533353201,-0.41493055643713445,-0.13785466000793173,-0.5163628416599022,0.8524593814654466,0.00018879743399685675,0.0003918813458922461,0.0002066715492190345,2.3192858959871153e-07
-0.1472621423196777,-0.0067652250844781325,-0.17636306273678726,-0.4964148681648683,-0.2748908646282844,-0.30454745241788317,-0.20236627770833168,-0.23313633541188966,0.8747211151882868,0.009583542193182243,0.0025989051794163445,0.0068012772977687815,0.0001448559619812465
-0.07082577337475077,-0.1892314916648007,-0.2272868254329385,-0.26983146813870473,-0.37840214519642507,-0.33016476154628643,-0.037403293576622164,-0.31050098636745166,0.9109627790753952,0.0054390661486406955,0.0015459472428425187,0.006050174672912772,6.857800701969667e-05
-0.14621288833927198,-0.24683500854295543,-0.24192625306001436,-0.05691222166715737,-0.1745226104187655,-0.08090333663459565,0.01848430524314276,-0.33411639940062143,0.7435256260462937,3.9056582562403265e-05,0.0005737052866859472,0.00021431314934638201,3.765932985956234e-07
-0.06240620901828914,-0.1533165413531955,-0.3219857616693209,0.006118135308340156,-0.0228621554411243,-0.15058204642102313,-0.09121785103742609,-0.48147874847844896,1.0089513708770683,0.001562098213681942,0.012727471289681026,0.004093842185711174,0.00018118822010035156
0.004562675045654552,0.002859744322782687,-0.473991435785042,-0.03168814532584702,-0.29089681500361564,-0.009411449997433208,-0.045145749862487886,-0.4837014208187168,0.9051952889460279,0.00018236853217953406,0.0006419203360510572,0.00021205503117501418,4.902873356118563e-07
-0.40584065757551785,-0.4032342352365958,-0.21357324592186472,-0.2786005265363485,-0.09328399428290679,-0.4859389361991554,-0.16815420884574683,-0.5117519626896848,0.7665209408367128,0.0007279630363220388,1.9730996509879418e-05,2.667337895136158e-05,5.310309636191577e-07
-0.2892785675734651,-0.051787041178421644,-0.4756206061693638,-0.4917129815884148,-0.0070677251105812355,-0.25059777291831475,-0.16048037288074285,-0.5888961064767225,1.0208454455421396,0.0022622481792530687,0.001899834650605547,0.0013632578452828796,1.0585610476900645e-05
-0.013117021068391632,-0.23792304242682827,-0.2153573013868389,-0.08834161662067425,-0.299916554538324,-0.26354463594779654,0.012714721061477079,-0.327460057912072,0.7826207798709203,0.0005900364660624373,0.000442788731326888,0.0016882818391601082,3.3945004603113602e-06
-0.3702551042542159,-0.0917625743284532,-0.15239978117102987,-0.3406058819245291,-0.3930213649209687,-0.053568067359756166,-0.17385482718165993,-0.49744018475249135,0.7934196318663855,0.00040668306617105,0.00010727631854072363,0.0004737059391208997,4.012966415883509e-07
-0.20658127488688016,-0.3638290503448156,-0.32281835696425054,-0.4545209299396142,-0.14467415235048514,-0.15794084401118635,-0.026094969374185116,-0.45294687183425425,0.8285998896816511,9.182760019822212e-05,0.0006295931545720391,9.969390127229925e-05,4.147587223930267e-07
-0.28820954527982523,-0.22565535144329885,-0.058850935605279486,-0.3548151573498184,-0.3134455865344435,-0.4793408978179087,-0.18750601525570884,-0.41989237972465343,0.8434431823599394,0.00039575432660828133,0.0007049464418984897,0.0011265573465153332,1.922702427962184e-06
-0.12377048102987992,-0.2716183398625591,-0.1357401322164265,-0.3655145295588562,-0.05046584500695628,-0.2917339220171828,-0.2562609373344637,-0.48619605773311975,0.7908990497481162,0.003018399630901141,0.0017589041124250184,0.002885962806869141,2.0533261331161793e-05
-0.029186871908201184,-0.265592104173795,-0.3174518850390585,-0.19759987553102804,-0.17546099196748616,-0.42880115232502564,-0.060595208975265,-0.5156152159742303,1.0340361776136082,0.0009146531555457706,8.447451016241355e-05,0.0003308895107897681,9.532142061677072e-07
-0.10620438694518963,-0.40319028743942725,-0.060626221423194016,-0.46059869338788345,-0.4542832173409865,-0.4131355846519749,-0.0962355327819809,-0.4874121124634172,0.8593740043768753,2.0021459571371383e-05,0.0005827560323599018,0.0011019548359341169,1.5543099125338085e-06
-0.0736065609455408,-0.04272915784472603,-0.40706416411347024,-0.31299712709982364,-0.14692096948801653,-0.26621112537818037,-0.1780282996863929,-0.4816023262799146,0.9594777249739112,0.003558463047049797,0.0015984330363546337,0.0058291463405257165,4.919659448819317e-05
-0.049866516102854586,-0.3650291724441428,-0.1772352463503502,-0.10912894618583485,-0.18492245943478586,-0.02360651474707126,-0.016509814452127396,-0.5832767759307678,0.8171569120040729,0.00048125847704725243,0.0003066081781757046,0.00035616091790698523,4.5246889609841167e-07
-0.44260972262233356,-0.10835368943811613,-0.12145577520145473,-0.37493218871334,-0.060984531351447546,-0.05390228235540667,-0.18708839262353796,-0.6425307330510629,0.8957446781320845,0.00020916211189950096,0.0007579115287005987,0.0004456224451359329,8.167580380004652e-07
-0.012151413771096575,0.006937064085239419,-0.4616632914277078,0.014303742500696659,-0.37789273453433814,-0.1624554858497843,-0.054135767860208864,-0.5280814766871565,0.9998181760891742,8.854439652458496e-05,0.0002718433148292988,0.0002536797314204553,1.4609230410683857e-07
-0.20274135685499106,-0.4943829563251831,-0.13395862243843865,-0.27436609505336496,-0.4296210807578591,-0.4912634153519278,-0.08622155570991796,-0.5479913630597416,0.8676614982119388,0.00012542069281042318,0.0001370306231522543,9.804559320089195e-05,4.412068021265647e-08
-0.06447041783787916,-0.30035101549664117,-0.45041879310426103,-0.0024122553527011203,-0.03396325298988334,-0.19837116563410778,-0.05441940017377035,-0.6428549398365188,0.9502853184806178,0.001381820087158529,0.0009640332234258941,0.0007517821379287198,3.403963192052402e-06
-0.06473626197636917,-0.4433362084120021,-0.1654127289127213,-0.04329802016834561,-0.036732137189039116,-0.08597601493673701,-0.08338776655506784,-0.5140380574552901,0.8743881797036359,0.00025358361497582394,5.198371881708816e-05,6.128363316957641e-05,7.076264050072422e-08
-0.17072002675541648,-0.07966602743129797,-0.15382722206611749,-0.24505633126689175,-0.2297065973363669,-0.1684942138354949,-0.21735354285973782,-0.296634596792167,0.7410729390935418,3.723378356303885e-05,0.00035784364698387543,0.000624096227251125,5.189345311942276e-07
-0.4111278261508614,-0.49429341707404584,-0.3946509873358674,-0.26799849688622057,-0.29080256032194784,-0.4954999024556475,-0.05344303805131311,-0.45416386409354736,0.8250996637798124,0.0007458789457932514,0.00083413457494978,0.0006196208896242181,1.6360459377630098e-06
-0.3190062721865755,-0.2419526769036091,-0.3730961948298557,-0.4777244788102979,-0.09772548066502312,-0.08498473589368044,-0.2196435269710131,-0.4296482668548352,0.9566579923370748,0.0004687621057971345,4.4310011937879566e-05,0.00041681831036133657,3.9543879284177865e-07
-0.08169047290557124,-0.2495049339422607,-0.024732131571709504,-0.4733496994174777,-0.12914450487055257,-0.20884928804547404,-0.19279695070819675,-0.41752479697024075,0.7250721750894819,0.00014839093360259736,0.0008399375372478127,0.0013347842709752267,2.509163985696238e-06
-0.15440675585801872,-0.20602751181837042,-0.1885116514116818,0.001064538958060579,-0.49800024580934865,-0.2691956851594999,0.01606587154716553,-0.2895983313277268,0.7490014898718899,9.69732334462068e-05,0.0005337722017291465,0.00047886395175126753,5.236272556306334e-07
-0.16162649529206385,-0.18879656978260523,-0.14678491478731687,-0.08068098913113292,-0.14814117630606782,-0.0450787462172087,-0.029024366482734244,-0.2881805797236322,0.7186312977241979,0.0007158547551041572,0.00012660680496558613,2.6150469075081e-05,5.291611605016737e-07
-0.3439592772715505,-0.3627557580960903,-0.28820323608059695,-0.21329733212618002,-0.14832767409990544,-0.148359882371141,-0.14851525543306027,-0.4103204561204758,0.7130806709735018,0.00039429312741436003,0.0004464369090913676,6.936877993556797e-05,3.595850117550001e-07
-0.37883706030194547,-0.22927033252076806,0.013731120115509254,-0.018449887009112376,-0.35136573798720194,-0.013073526680039138,-0.06262361689095602,-0.5072446275725312,0.828428987049177,0.0004411438293611164,0.0002678478459401195,4.251467484891453e-05,2.681578443356607e-07
-0.20111197954636745,-0.36631030095729133,-0.16962207962901588,-0.07726819731245632,-0.11304765017421742,-0.10146846109819796,-0.026740039094455253,-0.5738320100186203,0.7769042210472887,0.0024913923823067746,0.00567826186361035,0.005491883524512919,6.861047844116434e-05
-0.15987624035895937,-0.07455955776207085,-0.45049937953381564,-0.15745889953717446,-0.4565623899511024,-0.3221801209290157,-0.06734360982040646,-0.580714155078891,1.00849021243534,0.00018347315409460185,0.00019748886128843635,0.00015618074476097063,9.705667364051619e-08
-0.009871827241383413,-0.3554688527100656,-0.286390373112569,-0.03665613059946282,-0.006336005540480916,-0.3553717027714125,-0.10159027880998393,-0.5321100728573157,1.0131027530679897,0.0005041301149618991,0.00040782766770067045,0.003297086631871385,1.1291250837418662e-05
-0.14037965988919915,-0.43275474884905196,-0.1038838429905955,-0.15856418087121243,-0.12212203023056467,-0.30761626406825904,-0.10709768429222165,-0.49028457878799636,0.8842808700209599,0.0008983352189950485,0.0007616540973452027,0.0007115441936409797,1.8934182691938092e-06
-0.361768522606957,-0.02816009523962354,-0.05173004538737186,0.011611819948213808,-0.2610818715973231,-0.10144103776708219,-0.09307276017526754,-0.47377293347821603,0.8225461675682553,3.9690704585993744e-05,3.582377494579721e-05,0.0001339946519399723,2.0813261630414074e-08
-0.2413585038003055,-0.43641103154661864,-0.34610222521268996,-0.3920520588201694,-0.06500407733954688,-0.40310686740532176,-0.02338672850161271,-0.5509429029789842,0.8497655163818524,0.0010317038242393071,0.0015380068466564428,0.000997538735032082,4.4249613692015125e-06
-0.21132454343294632,-0.28657077306221734,-0.3470628254262428,-0.1420022029371687,-0.1911246043187001,-0.17860994448341938,-0.014353761116543205,-0.34869621974053466,0.8724449198712284,0.0011757012392365938,0.0007271425829807669,0.004524635684554693,2.238333781787213e-05
-0.15453087997148462,-0.39800068286088297,-0.39736478741199666,-0.019982557448786964,-0.16805408616183137,-0.39237246384867625,-0.031304578823414066,-0.42086417672966564,0.950628598119713,5.582436902664482e-05,0.00028434796221426894,0.0007610386251690348,6.631499127918052e-07
-0.19850654691808045,-0.05880551873037049,-0.06893538973558466,-0.42008380846335525,-0.3492187347041039,-0.2096467309877154,-0.2261422356413674,-0.3430168834730927,0.7171737304449475,0.0015037027303906657,0.0012331838281164059,0.000969288392664322,4.72138424346596e-06
-0.14608567275964363,-0.4877119939609009,-0.42422644292562695,-0.2774147664837423,-0.08060571419017248,-0.14729606470474588,-0.012741258217974553,-0.46498553923723074,0.828392529541313,0.00023746258697295825,0.0003019580130755689,0.0008252175907260601,8.285511939161585e-07
-0.26031192943463755,-0.09100284080823412,-0.2306200824900551,-0.4388299168300438,-0.2528545881760001,-0.4989285939949586,-0.22608037336168377,-0.3640758511170356,0.9451412476204963,0.00035690993946005514,9.790447601686333e-05,0.0002958620255401249,2.2450432946622238e-07
-0.00559615531001878,-0.39416605826998674,-0.31711811482040175,-0.23129365664283452,-0.4847792523361974,-0.09460493015061311,0.02149537167512566,-0.4409718229838833,0.742965385784642,0.00024339695892034553,0.0009883052697986293,0.0009045038084378056,1.8541165254019092e-06
-0.0779974404399798,-0.22557002079776506,-0.380013624984218,-0.49851339276511053,-0.10083465358293442,-0.09674193857961405,-0.15722562810850685,-0.503198194115384,0.8588422749129729,0.0004174144185240401,8.721573148190132e-05,9.629528178504038e-05,1.9111416190374604e-07
-0.22783264690659144,-0.4876018995600821,-0.2310220234106039,-0.3955138002384147,-0.43054420164096785,-0.2691606138430942,-0.09349137204502377,-0.5567224319930397,0.8825795361355685,4.848743915804364e-05,0.00014979814004855433,6.0751465416751107e-05,2.8481255068393984e-08
-0.3950501334700001,-0.291395715121069,-0.29513450006163455,-0.3633467725540716,0.016385610787630456,-0.1954182666712494,-0.37044400273266503,-0.5717868998621062,0.7521035834822111,0.003109628563172576,0.0008352911754299553,0.00497057697375898,3.5074136600712875e-05
-0.03352487719217967,0.01534728726400858,-0.11306459698771187,-0.43294189328350974,-0.37682104658790144,-0.10455461210429012,-0.04882812735824002,-0.20293497180268114,0.732788571378851,1.4689922422368437e-05,4.671039951627062e-05,1.9616639293338563e-05,2.7824677809097724e-09
-0.11417453845225273,-0.45180088231726756,-0.4873227924581595,-0.11873315074874125,-0.3407188403100754,-0.3921559924261273,-0.018367360749506026,-0.4346291096985602,0.9097023852347217,0.0004022400215290267,0.0004027337655257574,0.0015471900130254296,2.717788457219856e-06
-0.002685046763987453,-0.3714391326170898,-0.3469826600976068,-0.19176067373948325,-0.3965269887692864,-0.361654215755534,-0.004596044344609638,-0.4224611077573202,0.8464601207561369,0.00011741297378943451,0.0003262707297133371,0.00036541516589859023,2.53766638950446e-07
-0.23726300401877742,-0.14729575613712032,-0.10411788782889653,-0.059136806891703975,-0.0643116514138064,-0.2544426510818601,-0.26449808764147587,-0.44962325329117653,0.9855978897320863,0.005297248322712784,0.004196575622730044,0.006436877213965588,8.710547501744485e-05
-0.0010635123182655137,-0.2947150786726769,-0.13625190634739792,-0.31124377081264554,-0.3626768339358627,-0.23327940856350998,-0.014064009087912803,-0.43968992129278617,0.7728791643096399,0.0002992348388856377,0.00016332567459254746,0.0002256632736907851,1.6714067787686645e-07
-0.23152949924308897,-0.23417529785661073,-0.21803255903655738,-0.26587352197584024,-0.2742322835987781,0.0038126738718250452,-0.10905886152297263,-0.3131082342826147,0.7200497581990783,0.0005746406771944612,0.00021289098975141315,1.5868896957689296e-05,3.757863032944989e-07
-0.2924531140836861,-0.1533642661179398,-0.0378928148827794,-0.05540376366066008,-0.0991031313413629,-0.3882061705104421,-0.25099227060669466,-0.5456708042820754,1.019480172380437,0.0018620465215150514,0.0007140878747944382,0.0026370863330340976,1.0931363069089959e-05
-0.16478243041540602,-0.01319902050810201,-0.1613944364454391,-0.3870110851122893,-0.40482050310926887,-0.01597262705663982,-0.17106521162427868,-0.31897212815090914,0.7791382910259629,0.0015163566910412368,0.002653893430390907,0.0022798009534963186,1.453998034190027e-05
-0.013548786892825349,-0.33974267746670817,-0.004510839475500239,-0.32822011290193426,-0.22455962422587883,-0.3043382935767167,-0.16200009529063364,-0.4564303036924604,0.8043206621711284,0.002265018920034397,0.00031500504758669585,0.001163543868305316,6.583373221589782e-06
-0.3495966376539836,-0.2186799659717007,-0.30259578922637465,-0.30884923242351103,-0.061275667148373236,-0.11231609614136379,-0.3979029849991246,-0.5317247116322105,0.8665018352591768,0.000894691975932756,0.0016534165443259435,0.0015820804488047542,6.037238547339456e-06
-0.14721327288007802,-0.4765014574952691,-0.41352533839565775,-0.3129567213564901,-0.31254461446758025,-0.2983158285978569,-0.001708298741412695,-0.5038058322634391,0.8303973914211599,5.9412633215307974e-05,0.0006791041034378215,0.00025818515484749303,5.31371818475288e-07
-0.1754789688185438,-0.012393793644420947,-0.08101773556319114,-0.48379431886308194,-0.24992932163086318,-0.3376267838634599,-0.2602358217440708,-0.2400894508908259,0.8070488776517725,0.00558639238466517,0.0026371953767162035,0.008337091205479338,0.0001076696690988993
-0.4814767028073247,-0.16093950435430016,-0.4431303642523199,-0.11595405947696436,-0.46400496542900427,-0.23644440733077982,-0.22005737800164007,-0.5881637411420281,0.9993392971347813,0.0005491486202134865,0.0009502667819456093,0.0009747623984284335,2.1547328973415916e-06
-0.19409821200427446,-0.18760602130955878,-0.11054633140402925,-0.2230740793563441,-0.11508592558883474,-0.10299334136172816,-0.2442266824248587,-0.42346421998985756,0.6012206622549914,2.382306387581439e-05,0.00011299103116982855,0.00018114945203472042,4.6149635469731775e-08
0.00420466518955942,-0.32794312559725436,-0.2316321306135426,-0.4559991133828044,-0.3119283496621834,-0.3164458569888994,-0.07105854862280431,-0.46590910601532015,0.8601947752943606,0.00012770113589550595,0.00027218383962029696,0.0004315081708124059,2.765909241373184e-07
-0.46954857406457323,-0.311690303995805,-0.4429554304676935,-0.17578144688532504,-0.3328056918215171,-0.05313658245722941,-0.1526503234665924,-0.4144587117524135,0.91168165935244,0.000813385168821397,0.00015099948343224388,0.000612916925101677,1.0600634339315118e-06
-0.2528821715758469,-0.003269687636340557,0.0001078927181233924,-0.08766445459076522,-0.2625514444578368,-0.051611798606905235,-0.07546679634716805,-0.4578352442211096,0.7453149247769849,0.0006666412327583329,0.0001227181725067324,8.674353568847869e-05,4.669947240606805e-07
-0.24538641998521277,-0.15764777113327627,-0.34675198884111724,-0.07410329303164015,-0.27914428912440986,0.018776916073525052,-0.10797278461724884,-0.4535769184950856,0.9251279274570352,0.0003220597008076696,0.0005193457543039635,0.0011176675172382806,1.6226231424874607e-06
-0.4220393603455308,-0.3948253234825713,-0.31109782868694347,-0.2127098114205921,-0.3684441153293597,-0.35398633484166553,-0.19850203579824946,-0.4963045710201426,0.7747403106759597,0.0008087940065133853,0.0001484506353822527,0.0004255496388064196,8.572778312056427e-07
-0.49818983462414396,-0.4948430203872581,-0.1508553373452557,-0.11417651409413193,-0.37696090017754075,-0.10353194746853961,-0.15841259253043333,-0.5638445746539223,0.8280454831943883,0.00021284746779666266,0.0003513678680315187,1.0662928848860488e-05,1.6887712128410192e-07
-0.48890800028068127,-0.40465280009955207,-0.1652407557639003,-0.06607788052302388,-0.3198379046595924,-0.17287751918078925,-0.007789515401877978,-0.45317134637376655,0.815905640898295,0.0001985375628378161,0.0005870844021358903,0.00026964890909802574,4.567957932665911e-07
-0.39457861386580806,-0.3314363554506715,-0.3552554533243175,-0.13272956788421075,-0.07236728624456962,-0.019021126949703038,-0.24624279405104724,-0.41505287502172306,0.7783599111864359,0.0009407270412891757,0.0004564901507689502,0.0002202572612913401,1.141863885113307e-06
-0.09990183233438943,-0.43193900911114397,-0.24939779292972764,-0.28837046491571205,-0.1176001646017435,-0.4992492433124822,-0.13780102714343986,-0.5183790363110022,0.9169436113830833,0.0003212089240687568,0.00024717992605985807,0.0010401788158282198,1.246245057646163e-06
-0.38241806456928823,-0.26110925072351926,-0.0005545979138783519,-0.3197518051414614,-0.05992626497497611,-0.009280076751186306,-0.18071299756363526,-0.7225478553781287,0.7900661345814693,0.0008394621565579633,0.00011465203529235556,3.001271129039733e-05,7.187425643286267e-07
-0.486128434360317,-0.4794955340119518,-0.403841504376146,-0.027507344937835077,-0.21845282087607015,-0.05049991063577336,-0.024042170299353495,-0.4569442837849113,0.7845857428808022,9.798366502817839e-05,2.5051428138145892e-05,4.09009842356025e-05,1.1901263175555959e-08
-0.326887159632094,-0.44741331678763896,-0.3857627032653245,-0.4081581991199956,-0.05789692406864316,-0.338337770099881,-0.029048712043014808,-0.46563794015813453,0.8283074096664619,0.0025086725207690203,0.0018252092973646567,0.0008127141222802653,1.0285331040201757e-05
-0.32632864200386724,-0.03142409445401784,-0.14343215959816208,-0.3899454433969137,-0.2666186796114294,-0.26857382478020997,-0.24301290837672784,-0.48476565976157004,0.8209112900900257,0.0018290235671686588,0.0008584034714939948,0.0007234120411028196,4.605508710343852e-06
-0.2477321727207228,-0.4872335442902557,-0.09534117397751268,-0.22844451486660722,-0.2581955038878653,-0.2547926197829146,-0.08393708537475006,-0.49297448058183024,0.8080036484693682,0.0005604414979691287,0.0004317578995398116,0.00020024606476595706,5.406080429151627e-07
-0.47251958065640554,-0.4812245302267787,-0.2657665243652438,-0.42539634531237464,-0.09631993634080777,-0.19385221108274503,-0.30422020509207603,-0.600017320236752,0.7543725291437443,0.0004606323414165836,0.00034330168975362765,0.0008092291708172069,9.84890055048124e-07
-0.44628211023710446,-0.18700965014425813,-0.1506040869066248,-0.3405524729908054,-0.23679344453041812,-0.1585120326868344,-0.22294182837893362,-0.6356142643722863,0.8416029519373672,0.0007838074068337253,0.0009141839354744601,0.00033244319608136407,1.560604797507773e-06
-0.37171620333620065,-0.15674027645878263,-0.4077557266029779,-0.2908252354128144,0.009573027303170667,-0.06873646953832652,-0.3184161482931753,-0.5746320722390107,1.0019874345218054,0.0013864915163614572,0.004398352601003169,0.003347840887260447,3.247590293410644e-05
-0.3732113046100298,-0.276308727596448,-0.3143286284093203,-0.1033394924293079,-0.30834039201426355,-0.39566467522008963,-0.21645146530453024,-0.4433635704533817,0.9195140963483817,0.0006360648152548841,0.0005964548153508423,0.00011278055217594696,7.730562489095494e-07
-0.1888925783117122,-0.3352422683073,-0.015714481970637795,-0.27907201456706987,-0.48040810310755727,-0.1595845355454681,-0.002991425853365879,-0.49962024172182545,0.7690120219053608,6.663173091774199e-05,0.001322245238819319,0.00014312507564973192,1.7732570464251947e-06
0.008249585290332484,-0.4513103753347556,-0.28376565921891717,0.011433442459290677,-0.29967312063057816,-0.018300240438008097,0.023209288408068744,-0.5042711518592591,0.721129337599238,8.24973499497737e-05,0.0015647090880845243,0.00043787584306900345,2.646855597026429e-06
-0.04018142138376851,-0.35600797543672186,-0.21085183411300623,-0.46997183310712515,-0.1388775328530965,-0.30526660802303396,-0.15076414599932722,-0.5017249763392787,0.8193611862443083,0.003564919930767083,0.0008327819890537919,0.00187595355217124,1.6921381683976664e-05
-0.36292991567837685,-0.005174472306824107,-0.06882528672075627,0.01881943416755305,-0.31258920107485244,-0.3137011109435648,-0.10454107507759154,-0.4856231110629407,0.9703744825556616,0.0002043516808979149,0.00011284334444424406,0.0006811292980724778,5.184303505638716e-07
-0.43255536004123607,-0.4841099470704113,-0.3089866679608624,-0.23974876166671066,-0.4194509209624928,-0.40866902870403166,-0.12800958035655205,-0.5013421094123731,0.7655279311903492,0.0014462586348398295,0.0002261619501140945,2.4524173072648174e-05,2.143414701593076e-06
-0.29687526828451793,-0.4255464541077173,-0.04937594685103258,-0.12187260014180851,-0.33101118673895735,-0.14832894463292673,-0.014616795164781645,-0.5498820578178428,0.726843533877346,0.00012575696074752416,0.0006781530065254023,0.0005186402094433242,7.446939802873118e-07
-0.05286561207834889,-0.3038807875481667,-0.05659078911879595,0.00020834371895384063,-0.31595467764591956,-0.32308130607612007,-0.01810039202938536,-0.44909220206648726,0.8588295720694407,6.701195594995431e-05,0.00018764815821005525,0.00027925007543091546,1.176830381480365e-07
-0.17118609101445903,-0.4015788952801098,-0.45548646972914963,-0.09554100377660985,-0.16141372566518658,-0.3975827952994632,-0.029155348638072974,-0.4213796208220455,0.9838494517408918,4.1872314129996756e-05,0.0006044947340257203,0.0034161267924122394,1.2037089435992165e-05
-0.36640575031314987,-0.46686556907844035,-0.10359732228857177,-0.10241920144784006,-0.273186314077956,-0.41820471470721293,-0.06954291299457596,-0.5084034329148608,0.7946196123923948,0.001982054707155687,0.0003665051054706284,0.003551171250773947,1.6673684106817454e-05
-0.446731591106534,0.012507422186813333,-0.25188011039523106,-0.14209935653808198,-0.0586150259459689,-0.4000445340816239,-0.21478853127642125,-0.6095804117051429,0.9157794698291564,0.00021457863813820747,0.0001277765504234056,0.00014546612598410687,8.353123259217696e-08
-0.24954515396312033,-0.2774844828220762,-0.3613160864017585,-0.46004629814804004,-0.15323871593177263,-0.4964960494171481,-0.08112263563788023,-0.42162585484760046,1.029788306586412,0.0032703216077715016,0.005301706109766961,0.010142944208812111,0.00014168240831567263
-0.3016311902012414,-0.027247683110183496,-0.2706856849648278,0.016543964621149154,0.01285081606613847,-0.162259875498455,-0.20599055093837795,-0.5647928907010934,0.9880521877802554,0.0017011780209754068,0.0047833519581723,0.00299501694771795,3.474458913191833e-05
-0.31776937521238924,-0.4713108341594966,-0.0307874559034379,-0.43102349013871266,-0.10661587672076878,-0.018266117408329507,-0.10247739258160458,-0.5144641270756016,0.731914995020974,0.0003162752007810941,0.00014791809359526305,0.00016112065577004428,1.478696307577475e-07
-0.014154369728028804,-0.3401992152247068,-0.45340283814658955,-0.3870409496244313,-0.03547008073603891,-0.08306025159572983,-0.12107324295918064,-0.5359618935791203,0.8854638094308569,0.0009957228415036336,0.000154397262377583,1.7647344400177975e-05,1.0156139204861412e-06
-0.1751407339754203,-0.12310996707688843,-0.4577540375367928,-0.18075793278308383,-0.1264107019140589,-0.4998511194725119,-0.14017695539641295,-0.5780216416000464,1.0362589828215996,0.00014269633024242758,5.007382691972917e-05,0.00044198330638366715,2.1821887392888165e-07
-0.38043477718508867,-0.07655149840497766,-0.26117971680389696,-0.270952362609132,-0.19376277143270715,-0.2716583724618174,-0.27056483657081026,-0.5611096170193385,0.946696242773607,0.0006685828775155383,0.00066162512784866,0.0013573592428113676,2.7271749879531614e-06
-0.002063505065415805,-0.4198352390900413,-0.2531435884893729,-0.02414016090130955,0.011888860490529285,-0.09275834844394559,-0.03861491641314608,-0.5651696690857471,0.8366256419978206,0.0008616288863887358,0.00037661237430704263,0.0005973406688716918,1.241057093028761e-06
-0.39277469401425746,-0.376669468274379,-0.49649822268935756,-0.2596686897217042,-0.22022294553397076,-0.35372290439801213,-0.10989355903353752,-0.43391812107070243,1.021425190416123,0.0002974253366317974,6.127872778106315e-05,0.00023956185783874614,1.4960679708015529e-07
-0.14585617723251054,-0.46012799120985887,-0.3598177498562748,-0.3994961977575934,-0.2144789307760006,-0.43968595339838157,-0.023591054955235634,-0.5983521082305284,0.8646213288808793,0.00029754568835061243,0.0005348625985766821,0.0006307170283237464,7.724154058297781e-07
-0.4697423230978216,-0.1535985634170508,-0.3676108824720542,-0.49812378067268576,-0.06322276360396573,-0.2702669813533128,-0.24167738248781667,-0.6429284931068866,1.0001661603685446,0.00030845150118373704,0.0006947447978704257,0.00024579232459149907,6.382265295786126e-07
-0.38650216859481074,-0.14891314936709188,-0.3821292174341351,-0.46093317874838713,-0.4174009890488489,-0.41126228475298837,-0.18513031194370366,-0.577072147070783,0.9834603754457831,0.00012927202846516853,0.00039271149563356914,0.0001060002798133533,1.8216963546676338e-07
-0.49286300943659994,-0.45897515954611684,-0.12147600909834144,-0.01246500087054525,-0.15079664388620628,0.011012888330832582,-0.12416979561978257,-0.4755737573335486,0.7292778926687655,0.0014886921678655687,0.00028333343074598763,5.1789294647061864e-05,2.2991643346826183e-06
-0.24241275326198664,-0.3404425224052916,-0.35978410701571417,-0.2774504927054742,-0.011113784858382436,-0.09168280368148418,-0.09004838230235472,-0.40129349228963335,0.8775084253644326,0.0008611315291495156,0.0006967404923359923,0.0005978123720860375,1.5843744563751192e-06
-0.49446156039130723,-0.19982027434298488,-0.32654792006309685,0.01851093550719729,-0.331855382822417,-0.1465735810790409,-0.2137975169230136,-0.5034180022508703,0.9053523237913229,0.001732369364290967,0.0010375700017997613,0.0023709782766394715,9.699193111264923e-06
-0.028821612330849733,-0.43803322080293583,-0.09301092852231224,-0.05899361578102075,-0.23631306243902878,-0.49430016407941607,-0.05083929587387263,-0.5026763842221781,0.9405198736256554,0.00022442042512785091,7.630446866318609e-05,0.00043076988914869175,2.417495965497127e-07
-0.23576646454442934,-0.3281897320611704,-0.21185136295507068,0.018339007277204167,-0.46769324726526035,-0.012259571996819707,-0.027098777538035582,-0.45085567677427857,0.7087440153759457,0.0002296962415432067,0.0013979025097189779,0.00013256967027041464,2.0244665075332983e-06
-0.4830802472206702,-0.1822171304716071,-0.4436049299491843,0.0027883378754364196,-0.36057019572976046,-0.19012740479543883,-0.1961458321299374,-0.5407982566587236,0.9927546497352729,0.0012176376147008685,0.0025107740277404093,0.0013587362132014928,9.63279167617535e-06
-0.206499715671483,-0.455567723964537,-0.19416978080909275,-0.212977222312018,-0.12238648727496071,-0.15207371126478125,-0.1324403850394656,-0.5379523825959339,0.8550511131078395,0.00019970414436465203,0.0008295565290771359,0.00012931849146585042,7.447690524459261e-07
-0.21699553996322934,-0.4089716371108975,-0.21053350267796006,-0.014202687980987616,-0.05633732577238554,-0.36469144131751163,-0.11184194322471375,-0.534072645364029,0.9775745214925792,0.0007901753324082774,0.0001572688123279197,0.0008935549707709499,1.4475510210670389e-06
-0.4752046093233641,-0.18590635664805716,-0.1670968393770188,-0.12096020755356252,-0.184534843590566,-0.08217742226250974,-0.19508478154384248,-0.577373247717028,0.8498274065824603,4.739439894907218e-05,5.0885953266696575e-05,4.2658983212600004e-05,6.655398140337131e-09
-0.27231600210039003,-0.46501293136957345,-0.475883228710874,-0.17141107161863417,-0.09961824206186992,-0.17540586070492975,-0.01200526756679704,-0.4265651937759095,0.8746839467735918,0.0007735450901283158,0.0007666579876140774,0.002680200372583137,8.369610513628874e-06
0.005449970646861257,-0.3229020263945285,-0.11133614940372505,-0.19479796217936635,-0.49596595416302053,-0.4819752504472762,-0.06607674856481191,-0.43008085967966714,0.8767674291946983,0.0027611576989722466,0.00020120091003584444,0.002011928316053203,1.1712329193729644e-05
-0.31529276903143316,0.01552421021514716,-0.3195371492016701,-0.08420117585234832,-0.4813775895627939,-0.4671299787769903,-0.13001612626544432,-0.5359015001583082,1.0346643522081371,0.0012620082108022461,0.0005425578518631873,0.00042264983632929064,2.065666630899859e-06
-0.3845822056017571,-0.31785939921208695,-0.47073282966774527,-0.12525224362468362,-0.087876050360509,-0.46723482057314,-0.2281562550463426,-0.5288127227991869,1.134967519176719,0.0036147837281607603,0.003192110272538211,0.00023398884522457866,2.3310980173109302e-05
-0.4783087664249231,-0.16549553751768464,-0.17609256248193345,-0.05510749514223856,-0.1546924088234145,-0.08497409578476567,-0.2092020282005191,-0.5914088429580943,0.8634061446709514,0.0001479773842878212,8.042316038625132e-05,0.0004527432820063774,2.3334167038908442e-07
-0.26635231410042537,-0.18849381081331068,-0.2605192749452671,-0.3223037632704322,-0.040154548551546876,-0.4113697766051031,-0.4138793071723142,-0.39440947980715807,0.9758961216126357,0.0011118611796580263,0.0009051822808822037,0.005510841453160575,3.2424963766326605e-05
-0.13054981279935102,-0.20581730360765138,0.012240549222035546,-0.118205435382363,-0.3588122751173712,-0.29935183186388686,0.003916578153127968,-0.3360797761571236,0.7483039663657733,5.012522508872877e-05,0.0003032764276023704,0.0004094504815433237,2.6213882656551124e-07
-0.15747955183955353,-0.10898749057777757,-0.41062314167310376,-0.22815190279825492,-0.20622924332426218,-0.026045734569239753,-0.059145584706769914,-0.5140596863520481,0.8913799564772855,0.00018814390937904686,0.00026654293607696766,0.000276230969821579,1.8274681609753154e-07
-0.06055020280558682,-0.14850231664397118,-0.38093435665329234,-0.06991624450837436,-0.2753038066492702,-0.05537968356362666,-0.03546173694213053,-0.46392259479654513,0.8928591233770772,0.00010020422987487499,0.0007264044886526278,0.0002073602284515811,5.807026331629943e-07
-0.16566377788949632,-0.40520187462766744,-0.27386339099303114,-0.0046451337013946326,-0.49165107347825104,0.006588105863547189,0.025801859530730626,-0.5087312266372686,0.7171939246806635,0.00038686531960790716,0.0010831883152416057,0.0003104810101093367,1.4193601594297901e-06
-0.27759845844654607,-0.3973849453704323,-0.2704070039971854,0.015624533006300179,-0.3438945937862329,-0.052145303599720694,0.008808866015278926,-0.47842417209970417,0.716973384853036,0.0002593222292354246,4.723121135775061e-05,0.00010910957058044001,8.138370429419864e-08
-0.11053970742468855,-0.2932815452139938,-0.2077124982018681,-0.13636964239123517,-0.31161272476668006,-0.41217112631317676,-0.015762805463821358,-0.42410608213397194,0.865400500301877,4.624603860568172e-05,0.0007537838388524151,6.95742968635935e-05,5.751693545858655e-07
-0.37255416603931313,-0.24402554517931002,-0.01939569623861631,-0.1943231886230446,-0.32216820068710983,0.01773103509330598,-0.09676411056181157,-0.5387762573259778,0.8246021040509273,0.000357252261715441,0.00015603146145392967,4.3863833148818216e-05,1.5389903132275441e-07
-0.045307358668801534,-0.45755153369131063,-0.29867012158299233,-0.47154673638758404,-0.4899001233252547,-0.49945358252183797,-0.08966324081646442,-0.5946559569024631,0.8739800595571521,0.0002745679930034576,0.0005930672273890773,0.0003254401225920523,5.330275923776442e-07
-0.060046564904195465,-0.17783526858671972,-0.2484221419884976,-0.32368632435881023,-0.19424793938672685,-0.019172442206239315,-0.08215198434728724,-0.40859100503993523,0.8049483386459955,0.001565754033398002,0.0011356013082481772,0.0006711564051761816,4.191626944606099e-06
-0.43293068428010545,-0.06095904624484677,-0.24851494456320838,-0.48206138188877123,-0.4706017368771324,-0.008689132278092315,-0.21750066546087723,-0.58056009879535,0.9040710819395645,0.0001903625081743045,0.000112784643829672,0.00037969868938209783,1.9312935512068102e-07
-0.05711162070137343,-0.012400612108916853,-0.4219754065451468,0.006463014995002014,-0.4392964219438314,-0.3136553014839649,-0.05933341696986423,-0.6635161734776494,1.0170131831969462,0.00043191417248344044,0.00023525824711276554,0.00041938546441853134,4.177804629921735e-07
-0.2958119776645296,-0.08008153368369919,-0.43434542835381235,-0.4989079458328988,-0.16887196918527764,-0.014104004955962257,-0.18042148364824734,-0.514625340461632,0.9533361452941596,0.0009500961949585205,0.0003037093419569232,0.0004911786215528398,1.236178582337114e-06
-0.14397947667599198,-0.39922858667995637,-0.06481720533232044,-0.044537310242744266,-0.24539913423131066,-0.19036911286301628,-0.02672378783973912,-0.4988024300986669,0.8439446471188865,0.000451393452439449,0.00047538306064219305,0.0012112534360674474,1.8968799896359421e-06
-0.20072934041318158,-0.14558544238529308,-0.2500535577715864,-0.4040587510682816,0.013153437767720932,-0.288882727373962,-0.3513814321233844,-0.45810708799870725,0.9048526079113162,0.0019297587890667685,0.0006001921256543779,0.004322529185099043,2.2768458127710955e-05
-0.3183151876185558,-0.34901553597563584,-0.17396225129409,0.019430041477964566,-0.4572734415745539,-0.17699019571075486,-0.11150226144644433,-0.5346091750647467,0.7495448497360894,6.614931099976802e-05,0.000659022514147288,0.0007031526703415191,9.33110083307165e-07
-0.26025517781830826,-0.0729844492353679,-0.4370863126005794,-0.40771945211118255,-0.27242515521191274,0.01862961760684334,-0.11420546009546174,-0.5266643852995941,0.9620959384445101,0.000891747613253519,0.0008424782962994786,0.001071948831608335,2.654057783065495e-06
-0.3502579450202927,-0.0020874452125304033,-0.28537927784464034,-0.3202995687802651,-0.38152459200564254,-0.3191708969719639,-0.20065964350239332,-0.4998562107555683,0.9672650189892541,7.70790880594345e-05,0.00012012905713183906,1.829992056284567e-05,2.0707063276065175e-08
-0.3778073724104013,-0.12046512250553826,-0.38057597463157145,-0.019681982903575646,-0.3289925399226541,-0.4797937508434987,-0.1696628219837952,-0.5848157370926478,1.0173311861599599,0.0005603655419458583,0.00029990717280917894,0.00031868459242183177,5.055137223497394e-07
-0.1865718322004492,-0.42382692602302097,-0.4099533620170539,0.002095583934033751,-0.4983835693416221,-0.33110968387714523,-0.01116107450925343,-0.4237323351561427,0.866430951368712,5.0376950816397384e-05,0.0001380804330564927,0.00018119181882844811,5.443451837698743e-08
-0.33404161444374103,-0.09852930950382349,-0.17840685638029496,-0.1894881417658162,-0.3522039145763448,-0.015485692320768851,-0.16946871051896825,-0.49631486771357447,0.8102453816891159,0.00033497994451500213,0.00011595987130438336,0.0009030378914439477,9.411356883637341e-07
-0.37864542262589873,-0.4601382449357173,-0.35005199309632107,-0.2694505320623073,-0.4483734007271344,-0.23488843942865745,-0.04597337176487677,-0.48246362628592887,0.7687067931961967,3.7363278347666626e-05,3.0763275199831344e-05,2.7247479373803214e-05,3.0848188021316032e-09
-0.14052520597204277,-0.28677496426679955,-0.3038264029744646,-0.2343498089095063,-0.36270961561565185,-0.29023175163898896,0.0016973573941747558,-0.3445119328402841,0.813549459706085,0.000990164741340858,0.0010694968369373153,0.004028266890616811,1.835118384125316e-05
-0.371437790356286,-0.2463635215277808,-0.4291024475014623,-0.08418379900738848,0.013067563653090253,-0.21879430194993937,-0.2732622258271082,-0.6320402445041611,1.1041836284181181,0.0029595622811302022,0.0016986842252422955,0.002454540908773104,1.7669308065816326e-05
-0.3722604798098942,-0.39151487162956966,-0.33678117397170204,-0.3878636900786066,0.007170861058765077,-0.31808359744837195,-0.1723616202980766,-0.4457482992345197,0.7553903737822374,0.00030268837362583406,0.0019877082646259548,0.0016386788416763156,6.7278727429482085e-06
-0.40637736029974153,-0.29373314834479264,-0.03388703708379298,-0.11622573445557344,-0.31231207032256736,-0.18244316812706296,-0.15785480381027173,-0.5413645953284633,0.8337595663242735,0.004067201273613308,0.0076581468321335775,0.0022565496869416473,8.028135559223575e-05
-0.14105166380466055,-0.42163560922309595,-0.44881111405581303,-0.2989901711905475,-0.25242416942157253,-0.2270665555677039,-0.041659512591395005,-0.5238804667245592,0.9611193387273185,0.0010353557887883386,0.001315062427749412,0.00228331570728045,8.01488141736932e-06
-0.09261647692815927,-0.08392765772557598,-0.21373808547186746,-0.10449309597719747,-0.153347691987824,-0.1278557672267454,-0.037398672365182684,-0.34331141285989025,0.914294920890524,0.0002723662448549588,0.0010237988977461017,0.003065032578672789,1.0516772262688086e-05
-0.2819543587049652,-0.0837257564851479,-0.2593837081905793,-0.41611591536476084,-0.20989048942769017,-0.4564236032292257,-0.2308981642149411,-0.4108075075663754,0.9686537551875374,0.003250258056976675,0.0010671106637089322,0.0014837580641672056,1.3904440598524324e-05
-0.1850254138818342,-0.18503994577347765,-0.13741719436609284,-0.1860222625831202,-0.356874393276283,-0.0014443523848560735,-0.0655455630556456,-0.30684819997962137,0.7187589677047295,9.510034645500255e-05,0.00022438502688816006,1.0942702960505967e-05,5.9512458935543686e-08
-0.4876352427538479,-0.19972516466776163,-0.20516322060721348,-0.4996738310826105,-0.06089486458935972,-0.08011328550601365,-0.23646389594879091,-0.7122387142710995,0.9435699392770446,0.00015463862927991512,0.0010185556936398604,0.001556165859310514,3.483020988395378e-06
-0.006850269909190965,-0.23052872768164262,-0.2395768194703526,-0.49716226465912083,-0.2089374773068794,-0.21641033894768152,-0.11494433980372841,-0.3934431650074948,0.8209086767394825,0.000352763327799288,0.0012742965905964832,0.0004150154068206502,1.92051155414436e-06
-0.3120749968432277,-0.3919431328097736,-0.16060315894225008,-0.3109464121085226,-0.22663837472620968,-0.30684305726163275,-0.09852067914712286,-0.5498199790815381,0.7659849631174048,3.2217968241879265e-05,8.563317468521967e-05,0.00019319392926440724,4.569493238892489e-08
-0.42025605876002525,-0.4796957196159182,-0.4871916789501888,-0.00024795332335930675,-0.167736708922617,-0.13665723162664983,-0.01658278851774817,-0.42754974834474624,0.8697299406783152,0.00023601857238715558,0.0002958328126119312,0.0008553544278892319,8.748530168392719e-07
-0.15634656922932533,-0.06110428218369335,-0.3254556761480829,-0.1165258731061119,-0.18968406018999373,-0.13108435515459615,-0.07372392407962254,-0.4609883945685421,0.9624285054071463,0.00030780216470010965,0.00010468262078588312,0.0001138609400899162,1.1866493736683392e-07
-0.11095451397751588,-0.05759021751572718,-0.34021872987243507,-0.07846893839951169,-0.45019502408386936,-0.4575628887263843,-0.039444641089924536,-0.5081658467756216,1.1015646192769573,0.0003374737630565151,0.0010473139741113938,0.0007126037952025937,1.7185592700576664e-06
-0.41646472726737693,-0.07323253951304626,-0.339699400930752,-0.4136435748630398,-0.0710422684279371,-0.16679150975704132,-0.23876022794489893,-0.5959006527689314,0.9667441645216106,0.0005389763219501373,0.0006769648549268168,0.0008472527838825121,1.4666141702256509e-06
-0.36541706783722394,-0.14029577437974078,-0.061448057792067134,-0.39341386124475997,-0.3394268794894131,-0.020540268259094108,-0.21740896553516464,-0.48725881709575974,0.7856742785436067,0.0009421193571234642,0.0006162916730655939,0.00010542126264975782,1.2785179519753874e-06
-0.06276145396845428,-0.25836298991562623,-0.0021948784672519706,-0.3185319358413592,-0.2166132458601483,-0.18258861751193278,-0.09922192877209247,-0.4090270363026002,0.7228909162981518,0.0008160335694091936,0.000595473636540429,6.0292789118097186e-05,1.0241348586370311e-06
-0.46156361334738283,-0.09832755051197911,-0.284126647665789,-0.26137676860518716,-0.4923869093052012,-0.37276810680602557,-0.21384668063280057,-0.6138382399070781,0.9100567056280646,0.000713269160330527,8.719781730187613e-05,9.053196225100181e-05,5.24552390609843e-07
-0.04211486274991999,-0.44185294966112937,-0.18240089470047083,-0.18591232822935938,-0.011129154041390699,-0.22796175998882812,-0.14002454248224552,-0.4972982249511459,0.8558040838573434,0.00014699801279514498,7.684687270326321e-05,0.0001940214977039157,6.515819918126374e-08
-0.34787560735706,-0.12015159976029827,-0.244189280469434,-0.13738987938121544,-0.05846710117329129,-0.22379529607148252,-0.29207902864713825,-0.6285191615868442,0.9405507002872487,0.007007925233471973,0.003300559903130688,0.0014488064688425173,6.210375193624718e-05
-0.03623909864313635,-0.22936245131278465,-0.12976177644226294,-0.2619180566101026,-0.32869750070137393,-0.48779797659467794,-0.07669067328100405,-0.3184274213223136,0.834330565367537,0.00011261368994005938,0.0001045676334739627,0.000524688803109432,2.9891457324066915e-07
-0.27497778158555464,-0.40099506439323895,-0.2741144253012779,-0.0009171730841750492,-0.11791084750841702,-0.25555759822156765,-0.01380876575184648,-0.4573075703050243,0.8409187994465522,6.839938119131436e-05,0.0008191568885294643,0.00018930325454796326,7.115322055550788e-07
-0.42267350175946067,-0.16818292518941663,-0.4513278564770982,0.010277375449236126,-0.42779364015730137,-0.20861328219669267,-0.18262373355770148,-0.5547900836570469,0.9940615326040508,0.001917743675321987,0.004405368554245904,0.003645967593116834,3.63780925930343e-05
-0.07027859457456537,-0.4571463372096232,-0.15972271539536687,-0.24476243607039316,-0.2027517894156391,-0.25259514889869056,-0.10046760855968448,-0.4879548808347105,0.8409443404032739,0.00045203256187055957,4.700547468358121e-05,0.00028937607232712263,2.9028146287696215e-07
-0.12125286358569287,-0.4798442594937666,-0.3301030807570071,-0.1803145899988572,-0.477555181353156,-0.4315490752427206,-0.05389765846644122,-0.6153637868412203,0.8595700321366688,0.0003915483290815043,0.00029645145620941235,0.0003474634485277822,3.619244079580179e-07
-0.08206259644197106,-0.24623991396580214,-0.2210448358910454,-0.26489174057752585,-0.45069602392668734,-0.4577722304316838,-0.019640270271507974,-0.3341890690125854,0.8824407156683346,0.00043781759224132387,0.0012459594703523621,0.0003717639887043441,1.882307709134093e-06
-0.21971702553769779,-0.05313335741697628,-0.2245672731678876,-0.04225076234893932,-0.14215116866286437,-0.12694806796387897,-0.11352081958146104,-0.3880579847368909,0.9764129077329405,0.00020636732829129728,0.000824253353317802,0.0009029871578784923,1.537366871935207e-06
-0.349522223925929,-0.47356279721413774,-0.33426930507562885,-0.4667116529048098,-0.2448938293772504,-0.26897413779765333,-0.04297208216882446,-0.499821522983085,0.7839009924153948,0.00026325139304224024,4.8193784980735786e-05,0.0003194560599116418,1.7367611106371996e-07
-0.11691343589352238,-0.13103610694695522,-0.47521635119591243,-0.2807153541607228,0.017298864324220675,-0.4785291422094302,-0.18484594391717696,-0.5976639613333542,1.0407376068619973,0.0010238728721814066,0.0031686489662345494,0.0008794947373055749,1.1862162922556483e-05
-0.21527039259784547,-0.2620967580018725,-0.09501435468877706,-0.31294569960263935,-0.1607734960797716,-0.2955265979971817,-0.19538106554815304,-0.4456495854644741,0.7591023565897245,0.0017793513788059419,0.00288587545495973,0.004066243494629781,2.802870462841664e-05
-0.1695936838116326,-0.323682809250226,-0.31464136923146124,-0.16330915624855652,-0.1127981712235594,-0.27965635895147245,-0.03693202885663689,-0.4869197706898422,0.930785221778009,0.0005648353057263288,0.0038341847643064094,0.0026650430722007044,2.212246630611932e-05
-0.3170712896912308,-0.2357976576095715,-0.309563787528352,-0.40602707599345506,-0.26204783710555885,-0.411706206182715,-0.24701611554943917,-0.3791140696099238,0.960059218329512,0.00019487932855348695,7.345609003507908e-05,0.0003484082101756304,1.6476203077848578e-07
-0.3311936801842362,0.009902425989213537,-0.4620793814315122,-0.05545862954731784,-0.25342380511823626,-0.2761165762663654,-0.1964401586141566,-0.6317393868268282,1.0198997061685777,0.0006222408503743192,0.0003272002790786035,0.0007745591419879923,1.0941855629408465e-06
-0.046635758300254904,-0.09576835103841164,-0.05515115995471764,-0.1311978563684958,-0.23084898051934422,-0.17161359847607893,0.02122310994278759,-0.20512224724352848,0.7199285508327893,0.00013867517301787064,0.0014420981541217856,7.527111947907805e-06,2.098934547147274e-06
-0.32306651054456925,-0.2316752525367956,-0.03232077706329234,-0.1475763269295261,-0.15157809923975368,-0.10021617742004119,-0.19709435329211386,-0.5429272021537248,0.7880442382083661,6.480966389318393e-05,0.0003301509584984752,7.707398468878437e-05,1.1914034704721635e-07
-0.23936734806494536,-0.01057715309902496,-0.10774372887951694,-0.1919148295408335,0.010525588206400371,-0.055985520682279244,-0.35709666755010117,-0.4876167178895601,0.8200249335651585,0.0012168495700570791,0.0005702382382989123,0.0009891966832518632,2.7844046027228324e-06
-0.06051582697046809,-0.37871042666793875,-0.4640390582538673,-0.292614264193082,-0.2321879466522328,-0.033661170416237396,-0.03588101515154489,-0.5210988456443252,0.9390310801035393,0.0011000365335163676,0.0008014239396820618,0.0024025701591998583,7.624704076043857e-06
-0.12865114143394407,-0.49210931531209223,-0.3167206931458718,-0.18921086099862017,-0.28330373351946203,-0.15533376384602104,0.014387064587105728,-0.567602003400006,0.80125227574319,4.1695358697970645e-05,5.662621873911771e-05,0.00024352577422179962,6.424983429596977e-08
-0.4342730521170192,-0.3852814278718039,-0.34949347921516666,-0.3164117390938149,-0.050955579710460774,0.014857866267221742,-0.2568093230595446,-0.40494611804999997,0.8119578019648108,0.00039178154846332235,5.3937160007238255e-05,0.000521507287234291,4.2837184958443415e-07
-0.48956959139549894,-0.2850005666628328,-0.27121367100659943,-0.20435875528341335,-0.17535354132496705,0.019343160714266006,-0.29931109757460855,-0.5368210246391413,0.8193583770752201,0.0002843889678011424,0.00033125076358167315,0.00048328002900310845,4.2416373981368597e-07
-0.4023610666229342,-0.35807324472912133,-0.43626035392852813,-0.2716602385010902,-0.38994960126273404,-0.08082029468369539,-0.09535816022414914,-0.39445837845453136,0.8861880986199666,0.0018702036757966898,7.517310586659085e-05,0.002002660776138835,7.513962969094079e-06
-0.31437604873530894,-0.47373447782531514,-0.14977977828149514,-0.24356839451059814,-0.2764560729755184,-0.11348478405254825,-0.02564609288538208,-0.5297688615845627,0.7324068176912156,0.0005470247107954025,3.373699472304371e-05,0.0004417365929726732,4.955054366048415e-07
0.016875203612307543,-0.03257714486012947,-0.364883692311202,0.010837231303873596,-0.45252058747573315,-0.45380082618055345,-0.00949866377905004,-0.6966529642018743,1.0623455045861194,0.00011883440219018816,0.00018687254192592128,0.0002299377360915856,1.0191432454867824e-07
-0.4721321273587619,-0.015219249703715965,-0.4760598477030996,-0.39852467061795516,0.015169162726764163,0.004745274676764666,-0.3117817792521438,-0.5667465877618107,0.9586223751101305,0.0055272016602641244,0.0018085133945877716,0.004337134369196855,5.26314134280985e-05
-0.16838767596595355,-0.2423332838100441,-0.42942125362561856,-0.16024144727350365,-0.4124674824359856,-0.25734498143634466,-0.06062278863152366,-0.4866131288866576,0.9486709808836343,0.00029727541443921987,0.0006297436373976445,0.00032871859691701346,5.930056368319159e-07
-0.4622038192059675,-0.42436157701054655,-0.4056204129153934,-0.49442487966425375,-0.24602300563104806,-0.3002701274269526,-0.18917496617890558,-0.4299340202515173,0.8455324269024413,0.0006762913544279104,0.0001548733295133337,0.00058563053480801,8.243188675679992e-07
-0.19336082172953423,-0.028340408522917082,-0.37010013556939114,-0.1695749669320047,-0.3230960461698283,-0.15595919641937178,-0.05260154953955214,-0.5349886733923895,0.9614334508683984,0.001388267762211365,0.0005757435405161357,0.003479030993553374,1.436242465814639e-05
-0.3363676574920109,-0.2895376644155372,-0.09159600865440737,-0.24100747129609035,-0.4432258747312313,-0.35730970055213396,-0.18416506361408605,-0.49112719090575047,0.8413026086962073,0.001011106000767023,0.002621305731220128,0.0015124511485803062,1.0181087558156456e-05
-0.004208777116473383,-0.49821488577367656,-0.45755990171417205,-0.48184596764612614,-0.18693582488526433,-0.29761781344518645,-0.028479962835482053,-0.5330212529871107,0.9517257321759073,0.0001009450945218409,0.00012136687235758676,0.0006245287734603985,4.149560186938359e-07
-0.27518806848392285,-0.12207335703185201,-0.4063922088824127,-0.23426620833421802,-0.3161199888473222,-0.05474626921418568,-0.1348618759323483,-0.504578881314784,0.9383594897940883,0.008694982610406923,0.013082783247364116,0.023347229739288704,0.0007918550765919168
-0.39690646715864264,-0.04552409175990191,0.005445117640079822,-0.1184665286311451,-0.3113212173278901,-0.03819002318789638,-0.14164993740113163,-0.4717307131583424,0.7862025843843548,0.00045029941494663535,0.00012782781281625788,0.00016340694414003156,2.458113422238537e-07
-0.44211232835045056,-0.16425875472225387,-0.4692448065630392,0.01944530303770975,-0.4993573177918859,-0.12542860272312956,-0.1781735609578739,-0.5080568857748025,0.9924225227867266,0.0010549419997286703,0.007092073375066029,0.001806839517368188,5.4675076421635304e-05
-0.4101612292735617,-0.2306297316528862,-0.26890643719458907,-0.0005716111558536907,-0.16267899659100893,-0.24177456461622687,-0.25166575035020466,-0.49988292386147687,0.8819054708047982,0.0008880836469037901,0.0001673267730623123,7.788357979159656e-05,8.227566648825365e-07
-0.13661711477986693,-0.49958897121021045,-0.22651380380165126,-0.18463075702961929,-0.49166288082835813,-0.49667300775029605,-0.07988690969916029,-0.5566350063251703,0.8864275097745983,0.00013536216024034924,0.0002651308608705221,0.0003494141121174931,2.1070750955773417e-07
0.0005119544433130896,-0.4810303370036764,-0.4244734029552042,-0.24743419389511384,-0.40084635161308446,-0.20676901824654226,0.009493790896125292,-0.4792550579086845,0.8002502295058821,4.972000141010568e-05,7.652393061502012e-05,6.297526611848733e-05,1.2293874639687623e-08
-0.13681141241978423,-0.3771181809710046,-0.4111761846942842,-0.11323037457163454,-0.32899762144949374,-0.3596983541588451,-0.019544146717558265,-0.4003261207572285,0.8948426743387272,0.00011557864771028304,0.0001136384088864118,0.0006414543982285074,4.3773585678746954e-07
-0.097030271343308,-0.06193140913765077,-0.19245137195913042,-0.48174825046099434,-0.1742297865207202,-0.28544554039189535,-0.2865939451667814,-0.33563545098763536,0.8166932096854154,0.0018750371572315485,0.0022134655918301465,0.006684696601383473,5.3100362919762727e-05
-0.09657048029717896,-0.23739610497751035,-0.13781620779286774,-0.43585372050318233,-0.16427097746110209,-0.23104610629459055,-0.20793238979040038,-0.4116887968100201,0.7245696808827665,0.0068469973946062145,0.0020894882525974183,0.0002968269997799765,5.1335440747285276e-05
-0.4977516749259404,-0.4364884439465149,-0.08998248333558062,-0.2722412432959453,-0.06683799603050311,-0.2107495236030329,-0.21958181498557378,-0.5402885604719428,0.7141941520602838,0.00010700287391320206,0.0003559047026489029,3.232322747675215e-05,1.3916256342780253e-07
-0.3813280002956892,-0.43686070612317035,-0.10617986261494128,-0.34599556471106874,-0.36006188654042426,-0.06415168546428274,-0.09535723295480045,-0.43935441707881756,0.7167468418123462,0.00033160262577143875,0.0011046889851373187,6.723937410915443e-05,1.3348191887328229e-06
-0.28499003633822517,-0.2941844929482793,-0.2532797561249662,-0.18850960827709728,-0.3525369804677625,-0.4740216016023256,-0.10762835318209965,-0.36887152635726445,0.8150717476042959,0.001740720742158149,0.0005885887113007749,0.001759023371522997,6.470708594814456e-06
-0.11331403447944366,-0.17730184069260285,-0.027742268007275694,-0.1027084972160463,-0.264015291557255,-0.05183030701822583,-0.02620236162057575,-0.3376413668169926,0.7201571457408293,0.0009179325014529493,0.0007302541761273386,0.0001468568617381953,1.3974381768146784e-06
-0.06806987948157484,-0.05056416275521375,-0.46574558117454745,-0.35310032804394953,-0.35485799158556086,-0.3828394320232684,-0.10579727711554314,-0.5384658286403817,0.9959791363878788,4.229736126898316e-05,0.0001600381053011613,0.0001057638498256213,3.8587253848641064e-08
-0.34000923854101217,-0.39348075976855407,-0.37663426176372006,-0.09008920200031656,-0.49658375018050066,-0.3030298020621571,-0.013411022950241474,-0.41581059491500943,0.8515042909109548,0.00010923098183605755,0.00038517027571407484,0.0004658719805522382,3.773242509501906e-07
-0.1465345653151402,-0.09353524123650991,-0.26229325631444544,-0.41924606987044594,0.016005366952865918,-0.2791580298428956,-0.35162440567805603,-0.49938842566184094,0.8939489093659708,0.0011692978672857908,0.0009576636553702991,0.012148500623063184,0.00014987044456782293
-0.15435025626992566,-0.044529835675534535,-0.4578213794484782,-0.11041301845445256,-0.03907757528456618,-0.40912114388253773,-0.14173157445933607,-0.620081834928888,1.050887851136563,0.0003592257125976159,0.0001539116590797511,0.0002062706432316314,1.9527948965113753e-07
-0.18314487879054814,-0.0573949029813105,-0.179406572073933,-0.37917273204309077,0.016754346086887972,-0.4821962449603752,-0.48954129520051204,-0.5255668188845164,1.031194499129099,0.003095484605584491,0.0021780854680625654,0.01142733873500319,0.00014491015181410024
-0.3436396723506324,-0.010311038159863617,-0.4675405673380549,-0.3314916183397486,-0.3730106426710942,-0.38410354707763195,-0.19432725886488164,-0.6125953063345142,0.9657273022744096,0.0002917062837015774,0.0003118450624134382,0.0010889896089755695,1.3682382673593902e-06
-0.07812411021633697,-0.2800148888288178,-0.15767824503784822,-0.3080148842580545,-0.20971160735399075,-0.0014544457080298279,-0.033235597801483475,-0.484043268346171,0.7506769827727601,0.0009194859008587741,0.005840263872310137,0.0031879676712678467,4.5117274293138e-05
-0.020320679642833295,-0.3110482956573549,-0.29699712498927233,-0.1954721889836995,-0.014142751163118417,-0.35700537360558593,-0.1699951255123038,-0.48987140086894304,0.956258672308178,0.0002613334461064112,0.0002779091970359512,0.0014723091681077955,2.313222978345287e-06
-0.2404720392295413,-0.2541825229398661,-0.4578513234026722,-0.40467814417610537,-0.4947847238428302,-0.02268651984479836,-0.05696544739243533,-0.5584137527752026,0.990805927778634,0.00014410962412040088,0.00010341456354960253,0.00013944092704088365,5.090592785229905e-08
-0.38476146538521,-0.4455086248910111,-0.3213329892727603,-0.3975250754525392,-0.31279633226389514,-0.3252686008351031,-0.09864283742148952,-0.4906093124308513,0.7591449508113676,0.000406535111096396,3.560431085189791e-05,0.0001627363579327527,1.930215856986146e-07
-0.1835102019331118,-0.14377843314137223,-0.14706493677627713,-0.40701605823580284,-0.1284296333135786,-0.07927504398750868,-0.31672711269237414,-0.31964586125090066,0.6959863043598201,0.00028072172681263666,0.0002560747831743104,0.0005735064350054236,4.732886134750688e-07
-0.36455481250571947,-0.45472712698163603,-0.46395641905052454,-0.33629972927210433,-0.4077406172702674,-0.35524419316379796,-0.031779403684856655,-0.4328338987195307,0.9153014727139951,3.9486983706336665e-05,3.0993672987430594e-05,0.0003631027427054625,1.3436343140770554e-07
-0.14320674156835744,-0.47049643865151675,-0.2148059016890672,0.002471811263517476,-0.18272159269724975,-0.4068331923989759,-0.07378783657278012,-0.5106172270991285,0.9671116815397025,4.06383664599103e-05,0.00027748396780976383,0.0006430750370754101,4.921943325295202e-07
-0.42199365939859224,-0.2492707086317945,-0.17941647111246933,-0.3471869685306582,-0.43926453896067597,-0.36912201740705675,-0.16293346641214923,-0.5295412957495944,0.8836546600819657,0.00036654038887013834,0.00027357206375914535,0.00048342817784693726,4.428963338789201e-07
-0.007560941548347355,-0.2436110161851469,-0.13985802430334426,-0.4779467036326271,-0.15414717514571402,-0.3299901082465977,-0.20207598196968996,-0.39453378683696766,0.7652518570180277,0.0024716090539249834,0.0019526510000101175,0.0038191364443227885,2.4507500423638963e-05
-0.1434983233705857,-0.2889761255098459,-0.3809234644731841,-0.22588764864401406,-0.05585522867435666,-0.16548222869596474,-0.11594781688623543,-0.508284831147752,0.9516449223579209,0.0007314095312999765,0.0006716921007728625,0.0014589488694949316,3.1146619845176512e-06
-0.2866416198455646,-0.37936366600902893,-0.48764252649876383,-0.038674913805690436,-0.39852754546127866,-0.2250265882876984,-0.03283268961305737,-0.3994353190095822,0.9554980925838159,4.147606513085687e-05,0.00014790875824839323,2.740683698237306e-05,2.434839945869909e-08
-0.10527980232686429,-0.08956906972792172,-0.13116947702779563,-0.3197787388529444,-0.2536849013929092,-0.43275407863166326,-0.15220591095246522,-0.17024326523862376,0.8844803517654181,0.0050648499891895364,0.0008834556398008856,0.0030848394247790473,3.5949433557160365e-05
-0.0606723543885313,-0.39424226673710294,-0.43544417761548443,-0.2897851208017629,-0.2763096619874878,-0.19197708874136737,-0.03248441879628937,-0.48127432071002907,0.9184726536709409,0.00031224970587391754,0.00018298096255128297,0.0010325118706282046,1.1970626744626958e-06
-0.08362186272998684,-0.4434781762687101,-0.24859162434644227,-0.055185793961551544,-0.13595530580895426,-0.0377678277129852,0.006769487620462352,-0.5664117497877712,0.8001017658347188,0.0004972699349079108,0.00016082960314854226,0.0015131109545320199,2.562648310137036e-06
-0.3095519022641549,-0.21425619780095595,-0.4514732970310686,-0.21291358834260354,-0.2500104692360942,-0.16786668994496307,-0.15935129220921615,-0.5328507031652672,1.003846652483783,0.001068723914872381,0.0008602446350484617,7.920022214443151e-05,1.8884643135375363e-06
-0.0597951773729164,-0.17595339199572313,-0.43843014733661784,-0.42585442235572873,-0.25313944676092537,-0.08248987981834133,-0.11023242231282766,-0.4819887649061485,0.8895310443574108,0.0004943289282292889,0.00011931885170902035,0.00019797649045457557,2.9779276843018734e-07
-0.22355011990720253,-0.015078312365299551,-0.40028925947601823,-0.3487649714458323,-0.3648608812782346,-0.017766296442133733,-0.09477699196110442,-0.5251828678165401,0.935583779882852,0.00025819651811557923,0.0005752746793170788,0.0011855781943110896,1.8032020534563205e-06
-0.08899601105360766,-0.05913402061960399,-0.3339198207915354,-0.45342602339040167,-0.06975798546342565,-0.41686397935066205,-0.25265065514511037,-0.48986260517845526,1.0463937820368778,0.0034063177822189917,0.0016932912510814132,0.0035529504208565254,2.7093692787514733e-05
-0.2754515430090356,-0.123267855211877,-0.26965236092330247,-0.48146901928224894,-0.10989822062988219,-0.39270459423379867,-0.3221448139567542,-0.46439916906910866,0.9936648872694195,0.006693323557740468,0.010286700044739487,0.013219397336707486,0.0003253692440047959
-0.16734279925877166,-0.38500026893517975,-0.24909551416954817,-0.24019254814000607,-0.41604664065173347,-0.3786169800445154,-0.07167389695068192,-0.5279128718965757,0.8721472514199253,0.002196169026682421,0.0003263114344131931,0.0008569859751012871,5.664062507508312e-06
-0.019611049433324867,-0.09208326164485908,-0.45169369716099106,-0.04758115337090063,-0.38447191684838383,-0.2968106375494938,-0.06698293999329602,-0.6588728410673631,1.0285879812640932,0.003024660805729914,0.004472048288751333,0.003429733108224571,4.091085808029424e-05
-0.036557590307564225,-0.4310155605960828,-0.41716916646612323,-0.24946821307502437,-0.35308394752557687,-0.2352245186398918,-0.0006343784279034382,-0.4322979606123987,0.8431995543509658,0.00013274373522945617,0.0003060529417436655,0.0005039303011071861,3.6523505076659875e-07
-0.16799141825002006,-0.11625393686613184,-0.15913681016743852,-0.28727484756655897,-0.07795798705802759,-0.13601204340155992,-0.3522117424546959,-0.3336829409421955,0.7845099980075443,0.0014283216755459466,0.0005136997827759608,0.00019443243003943356,2.341794245509489e-06
-0.3741837837793045,-0.014820665109135767,-0.176760422486533,-0.050295931092049107,-0.16193247035027425,-0.24645888026649404,-0.19826799002754397,-0.4991831048569899,0.9483146687326316,0.001297207415001439,0.0018119710292945849,0.003155776663553384,1.4924912438765717e-05
-0.17649143775043902,-0.25081324855950915,-0.04012966016800057,-0.19232354090177534,-0.49621170805559756,0.002810801228546378,0.021602945309442415,-0.3172146347076184,0.7149585890807254,0.002240111937740103,0.0010277335419660418,4.7175917554241674e-05,6.076563294084868e-06
-0.2550985192813265,-0.14292271172861548,-0.4735915543612272,-0.13733626544645755,-0.14068944516389825,-0.20964761553059946,-0.14723793024092496,-0.6616835334828685,1.0269706892547206,0.00037059088574645894,0.003857129888771881,0.000963041448600766,1.5942237415178792e-05
-0.14523166017489986,-0.45725784126792596,-0.24195252843082438,-0.07882673802148515,-0.2556612810677322,-0.3297706031643559,-0.04946290509921543,-0.5554379820965748,0.9278826733569248,7.726969509259616e-05,0.00015113340456520308,9.845187117224161e-05,3.850468269248779e-08
0.010994242841819601,-0.35018539107592384,-0.2066390474527663,-0.43794143804886804,-0.3279178910499349,-0.2636162078933463,-0.08797987549720396,-0.47112522990192723,0.8570868556001388,0.0044003268087034605,0.000983124157989495,0.0005542230148782406,2.0636572283637664e-05
-0.05722261917504734,-0.299997293691595,-0.11505722550733449,-0.10219279190103242,-0.1661348997493043,-0.019176360956959515,-0.03748487423082891,-0.5046513507303353,0.7675257232038591,6.946471315675634e-05,0.0001308524937639418,0.00016645687498547027,4.9655612728121354e-08
-0.12942346033632718,-0.25203209691822404,-0.20187740941636717,-0.13353819391896726,-0.1471655563578262,-0.004805159895559852,0.019328752718117344,-0.37530197671731763,0.7573327402835799,0.00022602387333915075,0.0003870709258527554,0.00045191619607434623,4.051389412340487e-07
-0.025501281945525034,-0.3607642517100246,-0.05664041186114871,-0.20599564040865598,-0.4052750892976048,-0.048551189418421514,-0.021047591552853073,-0.488527300473643,0.7808270877349102,0.00011671629763219462,0.0005312788244797422,0.0001538966539399705,3.1956406356746285e-07
0.0007061912965605766,-0.16702734747329379,-0.22492624589704674,-0.4863330961607345,-0.26329389994526053,-0.3767206337941703,-0.09845959441895243,-0.2891872857590985,0.9438041713476603,0.0008903409024668872,0.00039332190532898346,0.0008985382845928725,1.7547800926962756e-06
-0.03533521639873699,-0.16434966814748742,-0.43073000913480586,-0.2319142977576078,-0.030426999448325442,-0.26229585316921555,-0.19761077707161187,-0.5462923112972526,1.0196232468824056,0.0038927406092650533,0.004088476465792903,0.0045633397464995736,5.269313890434651e-05
-0.45239176538941245,-0.2929977611196126,-0.3604317640249675,-0.45267731474859313,-0.15677545061658082,-0.041344726975532764,-0.33547907918472947,-0.503601310927708,0.8756881555128495,0.0006273478873850966,0.0013649590908630376,0.00019812486363160697,2.2959321531252368e-06
0.01652657783103495,-0.45552301936676204,-0.13007968854768887,-0.16457371417721856,-0.2673960497287158,-0.21305790723852713,-0.028114736544372236,-0.5085102156281915,0.8336070208577304,6.609002240780077e-05,6.192608998727741e-05,0.0006538834140423568,4.3576625084266437e-07
-0.2803369500792028,-0.024274599033252353,-0.16039445064632185,-0.17650620508277665,-0.18237152929427825,-0.2854491395973493,-0.22520845385936533,-0.42809266687731695,0.9341646946899205,0.004795803908754185,0.002723401524460946,0.00803540954778411,9.498445759527821e-05
-0.24774487058419936,-0.21263899717169066,-0.1444599813018992,-0.2703748123850682,-0.29673776015187237,-0.03294998234159735,-0.1767095384553899,-0.3736388033314259,0.7127285923749757,0.000617748255510931,0.0007985092797964491,0.00010395574080986186,1.0300367731551692e-06
-0.1852127715487749,-0.16920295336291458,-0.054875511654062736,-0.2310923819697191,-0.10704795966668113,-0.04768996740106424,-0.24027737028506882,-0.49075096568310644,0.6229524974108848,0.001285856010155154,0.0008576469893378123,0.0014426155154163398,4.470123562492298e-06
-0.14467164419151513,-0.14862890813829605,-0.20022690106962032,-0.03896778965235187,-0.07901256025424852,-0.4018784532804755,-0.2068424576136834,-0.5131547685057676,1.2231234257939163,0.004888905203763271,0.0014048591747276079,0.0026472463816984647,3.288293679761554e-05
-0.00275723206152817,-0.32616419888207204,-0.45796843622382666,-0.11394658873694319,-0.25162668485250594,-0.3830647695525912,-0.04152286392703515,-0.5668820381295951,1.0333812038152692,0.0027249529150992447,0.0104084172822136,0.0008748540176197702,0.00011652588826233604
-0.18077613202152376,-0.08084329452821493,-0.2424700100524193,-0.1923163009052387,-0.26812874442474005,0.01856547163841371,-0.09016170957795669,-0.3904099764524268,0.823447642340426,0.0008142730930604973,0.00047934036547805307,0.0010211494899523721,1.9355541368889325e-06
-0.4209025095859092,-0.36740123279308556,-0.20644082871365343,-0.2596127859098689,-0.10254146190565439,-0.27438172773276215,-0.26383723995279074,-0.5919868305386192,0.7400033854064446,0.001901047951344407,0.0033505263837594673,0.002981850840211314,2.3731444794847977e-05
-0.09835735399416645,-0.2451937507686539,-0.4451052504397008,-0.07694110835525131,-0.41992848211443473,-0.47220900191640963,-0.0532879754223963,-0.5950037325808017,0.9966092726746005,0.0006644653186161812,0.0007513316143999798,0.0006923958128153062,1.485425316044752e-06
-0.0851581212023742,-0.2665741758259961,-0.23340160389602066,-0.4636818602122288,-0.33810696791070816,-0.16005784731549905,-0.005900237128741608,-0.42549716459423303,0.8192812410298811,0.00011795368384898708,0.0003305236818748098,0.0002750196296169839,1.987947724882903e-07
-0.12117741090961559,-0.3953921398459015,-0.19772345365896915,-0.1337181753821025,-0.3605819377987065,-0.3251898009410752,-0.030966885614582045,-0.5151996234232686,0.9029154987759498,8.515550184607015e-05,0.0003019375389927514,0.00012583426924245644,1.1425200026343836e-07
-0.10235273584197513,-0.4029203327016039,-0.1677574422910631,-0.06527974323017355,-0.49008718138448143,-0.1292997389009734,-0.009974936495539032,-0.5326038205430036,0.8125069990135212,4.055310689713409e-05,0.0007779352689712614,0.000682856576132811,1.0731209407562248e-06
-0.27952415126050056,-0.081925928437664,-0.4404876058511384,-0.48254260311674946,-0.03936155287480858,-0.4605671725982155,-0.14362931180013186,-0.6645776922885586,0.9977439504114601,0.0011038027864424809,0.0006623196616409024,9.552628798943568e-05,1.6661731972513444e-06
-0.37178470780640593,-0.13572282526602664,-0.46405887074689245,-0.2101243747028264,-0.3203830438416616,-0.07112204000714922,-0.15573227650097143,-0.5059705322925329,0.9608229302975491,0.000893205221010977,0.005400978424853694,0.0019298835634749734,3.369283408114721e-05
-0.13100201323458405,-0.377764015812382,-0.39973193507672244,-0.38026434501686157,-0.04219784977662133,-0.01585228280770823,-0.04495143403957307,-0.4632709421604336,0.9053769624986873,0.0011406184086449535,0.0035273510381774948,0.0020965082187246473,1.8138562411851595e-05
-0.46886417661839996,-0.0019657175592495135,-0.26668508228545096,-0.08824920635892625,-0.2446865001368671,-0.25254751301190254,-0.19427186480038838,-0.5641264867962954,0.9205601164473854,0.0006169101258774487,0.00011709235293122702,0.0006720000735171328,8.458728213321322e-07
0.014015548956574642,-0.42616218171022174,-0.06281450575420333,0.017072405409105595,-0.1630927757377516,-0.13226459754326286,-0.029952696169911922,-0.47610715407797427,0.8454661030237584,0.00013265735729064404,0.0003153735885395344,4.680564030932688e-05,1.1924924275640724e-07
-0.34676378836981636,0.004258243687761176,-0.40130785962995025,-0.46149717238871646,-0.3709843452681414,-0.049435255699390224,-0.1702891457652468,-0.5421008585182144,0.9394000783644424,0.00042118832759364716,0.0006191250272547569,0.0004773776084672265,7.886047877402256e-07
-0.254634426280151,-0.07843760218232937,-0.22571323360222545,-0.10174534309728794,-0.007839899705519904,-0.16799439594744903,-0.34705274949163634,-0.5285382008125132,1.0317046581137368,0.01177882190957343,0.01435631682248339,0.01423308371836274,0.0005474251504188892
-0.265356311373218,-0.38404510592083907,-0.165742985791064,-0.3712925886442854,-0.24790847142765465,-0.3954681546092797,-0.07949799622110902,-0.5227412589795903,0.8601747349182346,2.8217793541039493e-05,2.7702395829442262e-05,9.774213475854486e-06,1.6592018560874064e-09
-0.34390257897433274,-0.3975919382468479,-0.17883066409749337,-0.38408355339452527,0.01815852700566578,-0.03535299569652889,-0.16777108740655022,-0.48122961329887204,0.6954898109849847,0.00040423688111497735,0.0006922246226460459,0.00010922545578125812,6.545125844416486e-07
-0.01518803044979744,-0.41072012408462477,-0.09510123582920932,-0.30636875389718576,-0.1461804543442754,-0.3042653707729214,-0.15960218560515382,-0.48800367325583166,0.8378134684506603,3.482702676161312e-05,1.7875761752502355e-05,2.5602665914515797e-05,2.1879611532166518e-09
-0.26572092381887275,-0.22059988955085436,-0.057226520462814845,-0.24737963934260093,-0.43662578568949884,-0.21598303615309183,-0.08802297296584939,-0.44370129453407947,0.7661969985029979,0.0012750903898098005,0.0003369207961204159,0.0004400840853357753,1.93304512720955e-06
-0.018201769205390017,-0.23908741761175323,-0.46667281345892253,-0.22917320054424262,-0.1862108829864776,-0.0768137513375956,-0.07291589838270535,-0.5041211308352275,0.8785914057507177,1.0272937388480684e-05,0.0001687627160245091,5.762808504478634e-05,3.1907383748485854e-08
-0.41238490135580597,-0.02129820903969709,-0.44099485553929596,-0.06692299858388379,-0.46265967776774264,0.0177216598573523,-0.13720148276679053,-0.48347703897688615,0.9545518491998624,0.0002750440273531748,0.0012589610253654602,0.0004993829627372211,1.91001542384411e-06
-0.06598551223521298,-0.16212024161371225,-0.02409630104584387,-0.3269639653259835,-0.43534094215710395,-0.08414034450248387,0.022642925879679972,-0.2631541100555373,0.7182456710875024,0.00015068734795539116,0.00013124782248057253,6.392501652118546e-05,4.4019075476954835e-08
-0.16004081567352457,-0.018316703734411854,-0.03355058811014999,-0.06382931812503684,-0.04938420219238465,-0.10440300597292151,-0.28644047314940974,-0.3107386041476251,0.8432387285807902,0.002413455025600675,0.001594335388727008,0.002269923707190502,1.3519224128809932e-05
-0.18334290382688861,-0.014352942946047942,-0.4002409471961294,-0.10999046106446769,-0.041479987613113056,-0.3831608877158244,-0.1462174792255672,-0.6191739792021642,1.0299375612915378,0.0016563617878933774,0.0002725274478442179,0.0008179343327064739,3.4868221548418147e-06
-0.1394477433151115,-0.32832850985830564,-0.08743364428375072,-0.47750856618152926,-0.022694262436327606,-0.1824479019466888,-0.23651856975313915,-0.589480001552426,0.7709548794173355,0.00018181341198205068,0.0010544101947810602,0.00036131554812511953,1.275385900951744e-06
-0.14407817297704545,-0.05144845359524253,-0.1391676319330269,-0.27094046615700906,-0.45349797317305207,0.0067422794816481835,-0.1271654371108596,-0.270624587362955,0.7669131309728819,0.002348224397639783,0.0023035999668971946,0.0011161918729305788,1.2066614926355752e-05
-0.31515713252203736,-0.2722159867008699,-0.18004118635612448,-0.016401704974371933,-0.10511614728890767,-0.45205294620626973,-0.19293787263982978,-0.47407466668895615,0.9294914044843731,0.0009528931248559615,0.0006301760819907788,0.0005602730922608857,1.6190331396225829e-06
-0.18526086313980167,-0.17719745619617583,-0.47530494064164935,-0.48279510479170695,-0.2352021439118019,-0.36887605857749217,-0.10898256791246738,-0.5442856008334895,0.9843317776854039,6.81791652447023e-05,7.479647772511193e-05,0.0003178069839880521,1.1124419072512955e-07
-0.42510323170918124,-0.18236434975862525,-0.10420320087492418,-0.26513056447610545,-0.20247650892044328,-0.4917438049304688,-0.22669568050173902,-0.5176351229106951,0.9158601781315332,0.000666284037527502,0.0008005255567737717,0.0034962925079353923,1.3308836886757062e-05
-0.3770218418072331,-0.24353693276858657,-0.1487828770054529,-0.3163012797147643,-0.021770641375998878,-0.09982254745994068,-0.23581778348338397,-0.7447319975579697,0.7506711498453694,0.0005584374414947779,0.0019047328410238217,0.0003956414779128409,4.0963917507829695e-06
-0.24810923525117357,-0.313081287162006,-0.4333368937161519,-0.017574291668723596,-0.2541391777300722,-0.15738674027431698,-0.03867752412277286,-0.3964545972982179,0.9717424978331639,2.6907917359014173e-05,0.00012005874709225818,0.0010292137688340873,1.0744191207276286e-06
-0.28899960943408975,-0.33637360299014285,-0.4835472341889654,-0.16022067393085515,-0.3706603895319624,-0.020095589050125318,-0.04268565878578338,-0.4334660906966106,0.9608680696879494,8.813421391258946e-05,0.0001239030936659558,0.0003277123714678949,1.305150146950962e-07
-0.28674907972660857,-0.2643815280891829,-0.47415190696081283,0.009258715119386696,-0.3757631936488407,-0.009193235494192542,-0.044070702198945294,-0.45446163440338694,0.9617793325956773,0.0001612449165950338,0.00033726154020497634,0.00037532928802223907,2.8061734407645307e-07
-0.14747389837213187,-0.0712847479020961,-0.12329258964280809,-0.20571860039494622,-0.48390737407977236,-0.23403587928360625,-0.043900791232182275,-0.27401569792925146,0.7308040982477267,0.0002305576280331268,0.0001445568820231871,0.00012533290588496215,8.976184928209607e-08
-0.3132908875461764,-0.22672351738836422,-0.15431448971654055,-0.12292572631446508,-0.29368908754962997,-0.1553119293570665,-0.098289683162161,-0.5024480887390912,0.7857458462063598,0.0003646092928150283,0.0004561506856572303,2.1532803928696166e-05,3.4147704607766815e-07
-0.25585848530668964,-0.44273512031627543,-0.231903915046629,-0.2603125711876551,-0.084821184455392,-0.4001165099258267,-0.12911324506495053,-0.5604796918240792,0.9041467781198063,0.00014260020485507103,0.00025316850147216995,0.00029569387526867484,1.71863976433779e-07
-0.09263522014670578,-0.02065837681324223,-0.4320618227405504,-0.10103634926380067,-0.1809894500390023,-0.4477030878276056,-0.09078898685364353,-0.6221835400471157,1.0554151393957614,0.0011570284258177325,0.001323463987418246,0.0015144349200389136,5.383784831176533e-06
-0.12358373552783991,-0.4449662750403776,-0.41497071818689457,-0.07216943585359825,-0.24325942916367294,-0.18475326424471672,0.007849381048474734,-0.4463532790012548,0.7961347597952813,3.8412239515842893e-05,0.00021968306642817625,0.00013049357912086332,6.676472401168198e-08
-0.13093911132571195,-0.12201278299541646,-0.19849793593288517,-0.019579519802089718,0.003758343127198027,-0.06032478537543223,-0.12462866242076452,-0.2161359852574291,0.9758783075361968,0.0008282181516346134,8.431824171326444e-05,0.0014416964310955418,2.7715434720162937e-06
-0.28346462808617123,-0.10093592771153964,-0.0740290857018212,-0.014366360549417478,-0.3516186117239252,-0.02389963036652526,-0.07471722363134313,-0.4655068554532416,0.796759031363279,0.00048525724820735984,0.0003022511914616223,2.517348554926527e-05,3.2746408405244853e-07
-0.2574860886350057,-0.17630325826149063,-0.41152481255230733,-0.12592131482541247,-0.24202428424580513,-0.1984527874061876,-0.12720038726748267,-0.5363735525924752,1.035041188226547,0.0022927890309502002,0.0002470902419609909,0.0025398161609880418,1.1768601259733931e-05
-0.29593069644187436,-0.24320356213098843,-0.13084059730083036,-0.2782331358341291,-0.06228271692351395,-0.07352059019676455,-0.27207288594937923,-0.5846317405741529,0.6974933042442272,0.000960593782126193,0.0014386062394945581,0.0012636723147035954,4.589196045520522e-06
-0.27578941246149635,-0.005745751463614557,-0.21810333653951486,-0.4948302989819788,-0.4484643670558068,-0.12387359312090923,-0.19739420788003545,-0.4162235851593344,0.8312932695110011,0.002118197075601661,0.0011027434196516119,0.0001394141080872991,5.722238194206136e-06
-0.06456761811203521,-0.4759050095527734,-0.32181590463627674,-0.48788338410995596,-0.01575732006595071,-0.0437499073844993,-0.06655567469297109,-0.5008085828513658,0.776736372281746,0.0008916473491635195,0.003553673215411901,0.0012005933668487799,1.4865052749727579e-05
-0.1910333868831678,-0.40677096205947794,-0.22516590511615164,0.009691855263639582,-0.17371613374196626,-0.3953405649812063,-0.07641262381445602,-0.5380798815370889,0.979016113523117,0.00032946677834878873,0.0001021298500835568,8.728601606572546e-05,1.2659771291424575e-07
-0.2404809792320698,-0.2413208665058832,-0.4222318517197005,-0.31783457359931094,-0.1699229379638632,-0.4692170828677828,-0.08280578073380448,-0.5519143450718221,1.0252805923028387,0.0010074714977635199,0.0009397764579558534,0.0016969590802243082,4.7778487296896494e-06
-0.1443173029181012,-0.2952823956652631,-0.4282287278038871,-0.15379752018093168,-0.09590379892448708,-0.2697870132457338,-0.06752371853214728,-0.6131638748692322,1.0197874069743984,0.0018992829497801083,0.002699849824131681,0.00038277816918125496,1.104298392299105e-05
-0.21251332631152026,-0.34821811890289467,-0.30307552060073567,-0.1651821654025144,-0.42039712851108046,-0.05116302928301003,0.01947830127397169,-0.41562968399743083,0.7388843049719697,0.00019078105457737263,0.0006770222983885284,0.000735837000320082,1.0362126943409964e-06
-0.08558464908470464,-0.46219146445344284,-0.47113900630355104,-0.4722824336152196,-0.4895402593391408,-0.4631069812948105,-0.02288684985845082,-0.44326485814398225,0.9224020485122189,0.0003894875589922318,0.0010787944450074804,0.0007305195821247273,1.8491568730564107e-06
-0.16923037157195414,-0.036979795426626993,-0.3107122780507572,-0.11541368128098717,-0.33555286480259927,-0.42585185719495083,-0.06361148649276198,-0.4550317664320453,1.0655922710563432,0.0015613495667526987,0.0008895039363617023,8.662075043503451e-05,3.236532876807732e-06
-0.3228189996012254,-0.06544100748631226,-0.41462684916719966,-0.1427090914861307,-0.3251211973813575,-0.34053611695576996,-0.16451713346645108,-0.5754153398477555,1.0019417670829942,0.0006090177567723171,0.0003143649681100335,0.0006894167837147813,9.450234629064411e-07
-0.30279831391921785,-0.22753964009810196,-0.2871585602106834,-0.13145189822027148,-0.24233404603548747,-0.11856515486330266,-0.10786595117887687,-0.37569743880658346,0.8667548728327288,8.31495284942988e-05,0.0003698328859017416,0.0007032491666890887,6.382495980321324e-07
-0.33168941949212394,-0.2259764730262523,-0.10232170779846556,-0.2258977114677696,-0.2730713948600635,-0.04827413084500137,-0.11606526792023557,-0.5052221062017886,0.7835079218490026,0.0001043821564127861,6.622367657000149e-05,0.00010261561062039106,2.581117345882723e-08
-0.18024298640464753,-0.14792591266562327,-0.16647710989849157,-0.18629831745266234,-0.1517851241385953,-0.40835849534503504,-0.28985373248097096,-0.3210230294125374,1.0628683464035202,0.0020613790931329466,0.0019526323929581282,0.002237152199107076,1.3066906989604621e-05
-0.0620319408864618,0.01568587109927566,-0.21642900133716986,-0.12605937725917687,-0.25759562932634933,-0.30875317249299544,-0.028318252226693007,-0.31100706893465646,0.9043033784248757,0.00025143024510037177,0.0006657012928969105,0.0009820527874307959,1.4708030568164473e-06
-0.18291557034687034,-0.3710459121313428,-0.1489929904606473,-0.03508883190791279,-0.08336078686303428,-0.22934081279706447,-0.07102652351690376,-0.49155576024375,0.9133361762434209,0.0004469926147772979,0.0011087325462808507,0.0012128736413420263,2.9001527267101317e-06
-0.23473174778332945,-0.04618071231511517,-0.11163531056336767,0.018265626327721662,-0.25519946692400325,-0.4294719769459938,-0.10152837840408607,-0.4823519503924691,1.0949304023244602,0.0005533703596024041,0.0009234105469771109,0.0002933260270516713,1.244945951300979e-06
-0.06006087260139725,-0.3075173342902383,0.006619614845428612,-0.4342387873959609,-0.3148350825197126,-0.1801221638336521,-0.05402808364793156,-0.4460428766873419,0.7585561878111287,0.0008613004964136461,0.00012678007149227765,0.0002984185865081258,8.469653844234881e-07
-0.1171016160587327,-0.2656178673002113,0.013251775018651712,-0.024540747989995115,-0.3032798352383741,-0.2111966398307149,-0.04484061163677371,-0.3774030874648514,0.9172291603096574,0.0007600721488791722,0.00025983498090644864,0.0015489220822194354,3.044383505591447e-06
-0.4220302661709464,-0.49186130772778913,-0.09715725324728186,-0.15274192170264433,-0.15868874222503948,-0.2672493264316314,-0.12411087116109908,-0.4965112767467744,0.7389312787208947,0.0004913003724998394,0.0005200630292302911,0.0010314290388734237,1.5756874726220221e-06
-0.12610617160173354,0.0030328123348329905,-0.3458332943260921,-0.15853594740912463,-0.11482437635080822,-0.25870955445799415,-0.1816169208931034,-0.512353541459071,1.071685539534491,0.006580829623304496,0.006283884163971418,0.004163025916699245,0.00010012530350028233
-0.086058950416105,-0.27434694648594105,-0.08918442714814384,-0.061398434227308785,-0.04314407715902041,-0.461199304327315,-0.190876747447759,-0.537082367774921,1.104476010609242,0.001339331894296264,0.0005831181362674078,0.0005651564032390578,2.4532384440453025e-06
-0.16537285854890937,-0.4197297286303314,-0.2558343602972942,-0.13513955510022713,-0.3141530292265812,-0.12182833975392726,0.017386447916746452,-0.563607121125974,0.7816333852736885,0.00039188119506935554,0.00021066331847030797,0.000296036481824833,2.8558750336913325e-07
-0.26211948764857335,-0.33852901097865973,-0.0972344667969966,-0.20203153762136333,-0.4756924102768552,-0.4458494226289869,-0.08293578417712523,-0.5249499721176465,0.7779851129321146,0.00021116234038102708,0.0010848414684562452,0.00025578025922272303,1.2868940866855394e-06
-0.26155922115412084,-0.4520214116959354,-0.29924576329224944,-0.021547276509955193,-0.1463485775231007,-0.38820066972527306,-0.04472283550216384,-0.5366633476305737,0.8802945708555192,0.00026964899185713895,0.0003463263667807472,4.1047946282183303e-05,1.9433746503110905e-07
0.01033258794689984,-0.3044912342270343,-0.10290602163890133,-0.25445907066470125,-0.43457020303550026,-0.22610140747468205,0.0009174138610868722,-0.45134465704793647,0.7665840113357181,9.110355067930234e-05,0.00025798625241851744,0.00012853152737721344,9.137711691324662e-08
-0.26407365063173605,-0.2128718346539864,-0.2139486098183358,-0.4698008347969537,-0.09786528835293529,-0.3492615929592394,-0.35796544547679626,-0.3612412061713953,0.784623977619777,0.001071688440068214,0.002391092992528368,0.0033665286960007134,1.819935727249037e-05
-0.4474022236705343,-0.3836306009682038,-0.020940737713498137,-0.09159500419272998,-0.1952991310393138,-0.020210786042473117,-0.2019578000798292,-0.5280123312986825,0.7415879321963949,0.00045288088203447824,0.00263995195155628,0.0025624411083827727,1.3740551833768074e-05
-0.05703590629408173,-0.38023073996445245,-0.005420597921903136,-0.33383491783527247,-0.3011401874828023,-0.3526581775817894,-0.0984278167477819,-0.47023309198630414,0.8650997759135133,0.00010131046988942439,0.00015188038378210662,0.00030904978143326834,1.2884322969096688e-07
-0.018596749598558893,-0.10908528890536551,-0.04436097756025892,-0.39391421960304496,-0.416664281994387,-0.07457532100818448,0.001916744361326595,-0.2116189849574461,0.7199387276981214,0.0009565416169147946,0.0009368123899520818,1.2443965192483701e-05,1.7927441711274129e-06
-0.3260563227569467,-0.14541861200860873,-0.4313683382217249,-0.46713782826961237,-0.16350421259598436,0.01072842230154225,-0.2172279009953568,-0.5278083042440795,0.9651826041139634,0.0004214069925335461,0.0005948283618002985,0.0002561727441156994,5.970291081859628e-07
-0.02199078738853899,-0.13123390151029707,-0.48133453105008095,-0.3677792963968901,-0.07015533698016857,-0.034463303466302664,-0.22665286912999502,-0.5025569107871417,0.8734480659931972,0.00013632673999616302,0.0004632157158671169,0.0023129369886392866,5.5828312928800416e-06
-0.05924582107790366,-0.3154920679916008,-0.2567447535340584,-0.030808773282083646,-0.22056468511904864,-0.27600166007480176,-0.013243200534915223,-0.4240719495978347,0.8569484652125625,3.771876351391187e-06,0.0018916285002104336,8.915114227772013e-06,3.578352089121282e-06
-0.32871094947598156,-0.15598479478021188,-0.21466514403655657,-0.43001682743901487,-0.3267375701913188,-0.2488866138631366,-0.22831419008176285,-0.48238257261689454,0.8805448682430418,0.0014829352816367054,0.0007597474953330685,0.0001353423742046333,2.794630864443153e-06
-0.289797156911734,-0.03458056029796347,-0.4470190624240757,-0.09503359794069666,-0.18091170723983152,-0.28862440616870433,-0.2016796402136323,-0.6418938621240675,1.0225081879056872,0.001006052377864846,0.0022113718582039564,0.0005424561979145962,6.196565608919885e-06
-0.16136837653661623,-0.3591350977143333,-0.05898522383149157,-0.1154979670842996,-0.0036201349303796593,-0.0730332501695542,-0.13709415393231444,-0.4811983178014034,0.7937180082995641,0.00036446759520275616,6.1026535875370955e-05,0.00019770173345250362,1.756468414439529e-07
-0.4711415895726154,-0.36898011499340067,-0.15742834351955787,-0.34546221863445115,-0.25591130711238574,-0.48132733688022333,-0.22397652713742447,-0.5053204493274113,0.7865622391349582,0.0005619737577225828,6.288301749482086e-05,0.0005697652167269737,6.444011804500296e-07
-0.38742055352624905,-0.13394746758341125,-0.2922076466501514,-0.09220871563598942,-0.21918078757554554,-0.06990927797278634,-0.1813690814468834,-0.4576576953539744,0.9096756966199174,0.0005231360799943911,8.098310036715065e-05,0.00016545784019748815,3.076059176197917e-07
-0.4688469023056915,-0.0012212131117831926,-0.45352033151059873,-0.21072843084872545,-0.4716912613792261,-0.022186222061009675,-0.1927207204199395,-0.525497369757632,0.9697643250847047,0.000806054633232598,0.003612798167162509,0.000616022596557486,1.408151850787795e-05
-0.46742816294980316,-0.4353004604218336,-0.1881347675121387,-0.08627503300663908,-0.338037155026405,-0.46427341502171376,-0.1984234776170271,-0.5424868583101764,0.8190194087121688,0.00011012702054823573,3.01086549598418e-05,2.6865595929023936e-05,1.3756252002943931e-08
-0.2734922251087062,-0.17182771407655345,-0.1299422671163264,-0.11005577927671706,-0.3035069842069321,-0.3568591560164204,-0.09083392092324806,-0.4204983845537429,0.9844490711783739,0.0004503642148787031,0.0006587841086973872,0.00034468568646337986,7.556326503682527e-07
-0.035610005437407166,-0.46845574622422664,-0.23562650023720022,-0.012942572258221652,-0.029724905678135627,-0.31982977090160686,-0.07722215166260991,-0.5202889219527341,1.0132236880358063,3.018061338126742e-05,4.2081526637469276e-05,0.0005384131671384858,2.9257046285630464e-07
-0.4239748065986525,-0.3925384835771096,-0.15538366750385074,-0.31291394990742183,-0.001895755204051941,-0.45290682494399104,-0.24484100083625546,-0.5754310996865997,0.7598828455801446,0.000664413893794345,0.0003061052104236066,0.0016689083300300777,3.320401236159226e-06
-0.09751485549316607,-0.1355344667235947,-0.40948251721791684,-0.3666085934031845,-0.4048398356009454,-0.03229827564519827,-0.041741520905209405,-0.5057649713147921,0.9055660089509826,0.0001606743969164689,0.00010465659297734657,0.0008100904588330246,6.930158157703973e-07
-0.3280494189844414,-0.04436333482552218,-0.1483165716540687,-0.23763569887633873,-0.48603864457592233,-0.12068392616417861,-0.13252277437082233,-0.4942044097228754,0.8026430893370058,0.0004958119010873434,0.0006168862428228156,0.0006548665406812073,1.0552282639476664e-06
-0.3164352702849702,-0.4113257115114688,-0.15951933560501302,-0.39639807414198125,-0.0467612438039956,-0.41568214296032197,-0.1581910398928646,-0.5042645137422738,0.8054045178271801,0.0012049283512015855,0.00010641695733757302,0.0004933394161665424,1.7065606798819035e-06
-0.009279571265612074,-0.21105256184072668,-0.3759447928147041,-0.3412129381545285,-0.23961133470996826,-0.1748654169568717,-0.10489034242494225,-0.46246328966818845,0.8726529308557746,0.0020581657441098426,0.0006897207930430626,0.002540670277235302,1.116676646021008e-05
-0.09800202694298266,-0.24192026121486987,-0.05370141991840127,-0.21278856198411067,0.0076510734700567795,-0.18799652629506797,-0.3249491515772504,-0.5189161067146335,0.8091493129813688,0.00810882025450819,0.006633289324060126,0.013223095929605858,0.00028460375914017127
-0.19873595160510232,0.016777820970412805,-0.29188519499222065,-0.21497553174446443,-0.22286976079440945,-0.47034042085915306,-0.2191128516042058,-0.4513771371294931,1.07990300636538,0.004714161671688144,0.001224325879677382,0.0016450975818125967,2.6428640180147007e-05
-0.4977043205584466,-0.4647810354659861,-0.009009526323821848,-0.274271995028318,-0.002394253452827677,-0.31172485688891893,-0.21512796883642327,-0.5445099586370563,0.8189655561287634,0.0015327978302879899,0.0002989042395278711,0.0002296107956495784,2.4915340504221373e-06
-0.2101926840156419,-0.22264215611099403,-0.02596372875737951,-0.4626826746280988,-0.22096232424609158,0.0013308991380266422,-0.17944595116252632,-0.5003400786607872,0.6791942405903505,0.001201150848903513,0.004546425265925346,0.009390605394111035,0.0001102962157283732
-0.13376757176069143,0.013022062222536546,-0.45144435933167604,-0.2864324311598354,-0.3161885562867027,-0.16017922960252606,-0.0640504131021096,-0.5164851886918371,0.9456744663940639,9.699684770252313e-05,0.00010950390115904578,0.00011343567223479866,3.4267144568637204e-08
-0.11049428197539624,-0.4250710998914513,-0.4720085030938017,-0.4879790301453117,-0.24045537767222247,-0.2515946456688797,-0.011776927652833755,-0.5730167806935426,0.9957676681191601,0.0002195663331956351,0.0003680945722729126,0.0001700481934162053,2.1261937689387032e-07
-0.02603645649187064,-0.2810975097916656,-0.059577531003596584,-0.042937795569030934,-0.2398070254805369,-0.2075897944730702,-0.002457571935645017,-0.44563915218935674,0.7940514178802932,1.78971969767757e-05,3.382767339694259e-05,0.0002043780369764307,4.323500314541499e-08
-0.2535040725231571,-0.4974348305936911,-0.23928430706028847,-0.07251292224988753,-0.02338068397783416,-0.19121921916256923,-0.05050909856129408,-0.5948476400672843,0.8294423804584669,0.0001932753907979145,0.001551036149809075,0.0005897662825433306,2.790892782727626e-06
-0.0014343655465112182,-0.3794339261056989,-0.06710834887910228,-0.07307087922923017,-0.03982719131282747,-0.4355430801772978,-0.12620188035960264,-0.5013041596291047,1.0304602391416495,0.0009318561829234646,6.886063890864049e-05,0.0001658704509000967,9.006107397253972e-07
-0.3332926180792555,-0.46329718856462837,-0.1236701564071131,-0.19317620493052984,-0.26755634925342375,-0.03663523749256831,-0.015278585450346112,-0.5167801892716458,0.722507577824342,0.00021055568857324646,0.0004106311429642637,0.0001952471960454263,2.5107310112629257e-07
-0.4022639877085446,-0.3146633461673948,-0.08732716342061386,-0.32594906427666653,-0.12690419559697863,-0.46501781366202516,-0.24151019884109445,-0.5636766312433145,0.7617219143572102,0.0001572912291316525,1.3623343883796847e-05,0.0001862577363474191,5.961807060958688e-08
-0.320802901552236,-0.40498045178783304,-0.4713219523184309,0.0038071975620403986,-0.4579415673709456,-0.3679813021048192,-0.034964487246132124,-0.4197286993316557,1.0136465796808134,3.127292190331067e-05,0.000701875380068379,0.0016715607497300097,3.2877223848284547e-06
-0.34355489299755954,-0.28565232351491976,-0.30220240818571253,-0.01606020834333205,-0.12959317531139902,-0.13905909346659961,-0.1647659738074346,-0.33928421922191604,0.8656445084382239,0.0033559839051452976,0.0008426790402169568,0.003900892306680379,2.7189696724733425e-05
-0.0877439223998479,-0.4292657545074896,-0.299599614615942,-0.41399748171880607,-0.26022631117857487,-0.29961227508911925,-0.06977751120369932,-0.585616531883103,0.8608469498580483,0.00027891189232189873,0.00015069912475295887,6.220962473009527e-05,1.0437210728894961e-07
-0.4738589994843686,-0.17658797470523768,-0.2725543802533729,-0.010465809411485172,-0.40430756120719386,-0.37888123660486506,-0.1905578986648453,-0.5750754590761977,0.8942110586372833,0.0001598217549841467,0.00021229367037311827,0.0001317183778189726,8.796132690196444e-08
-0.312484728753502,-0.12790754781929037,-0.11967257326122566,-0.29949503069080874,-0.20384780180133816,-0.18204382330518254,-0.26230289305019744,-0.49005172952352816,0.7849205888696844,0.0008415124605429844,0.001422149067280342,0.0003736382355041854,2.8702567218461362e-06
-0.016848220924739532,-0.26132377472635165,-0.26205437769950013,-0.10873031971242797,-0.439785643220596,-0.11515193879449154,0.013616365183660056,-0.3466249688563918,0.7646460967332943,0.00014102949438488186,0.0001362382254165205,0.0006410322860019122,4.4937256404793554e-07
-0.406545548421344,-0.31767227968054995,-0.44744459910361856,-0.412728505838836,-0.24781407884060436,-0.028795802556076444,-0.21931049998478405,-0.4113943297762553,0.9136593381073397,0.0003859775684898592,0.00024563181411727615,0.0002100612811432074,2.5343941331941365e-07
-0.4598188203526748,-0.3415748934834765,-0.3310938194050281,-0.021275424436183243,-0.1577604067156958,-0.38032020702881836,-0.28288290500684826,-0.4873707100413151,0.8852979019099231,0.0018464477055637801,0.0021409320006002003,0.0008932246530474503,8.790809241387463e-06
-0.25938562191473685,-0.28583354470147704,-0.0008944514732923681,-0.17309403386290917,-0.34729870411952996,-0.4638084125431726,-0.12775768310064056,-0.46872300326903954,0.8424218840209178,0.0022930288082104555,0.00220056492838769,0.0013111161272851741,1.1819492618560252e-05
0.0003616144126327159,-0.47966342427228403,-0.48954204205282614,0.016936744888260025,-0.023408995406562993,-0.4856902130144396,-0.032444758464202056,-0.44435600411151877,1.0316544139508361,8.94870741285605e-05,0.0009021938495884069,0.0032354164914077514,1.1289881551544477e-05
-0.0891321124375925,-0.039050166320946156,-0.27846718639532836,-0.4714816144540328,-0.05166743226108461,-0.06481508497123811,-0.21074969071994823,-0.4191062277732234,0.8270353630008653,0.00043867731870846836,1.0153359470130778e-05,4.948899054800819e-05,1.949900408432417e-07
-0.09804663072385617,-0.250702530041357,-0.399757366900121,-0.09081578607785784,-0.23266294547204291,-0.08127809661194885,-0.046658533090385944,-0.5046064313660537,0.9025449493672678,0.00038649587674605053,0.000833815614310261,0.00016793982669161594,8.728313267985061e-07
-0.3451159073295157,-0.11577910861513219,-0.41106329766039185,-0.01087511700226157,-0.1988620164436703,-0.3697162939873063,-0.19749777488862635,-0.6274878800898402,0.9920668479836274,0.001615578095182353,0.0006933059414134156,0.0027173160914594637,1.0474572450936717e-05
-0.3883319403591602,-0.4406262192128544,-0.2839862840008983,-0.25252902344916817,-0.1396053160855566,-0.04892274337731334,-0.1046107543308589,-0.43413227567244145,0.7275016046146412,0.00027005592790360844,0.0012966076554997094,0.0003220643587361868,1.8578470676644842e-06
-0.2432214497345046,-0.3314543718683521,-0.07877246731150289,-0.13047939216981058,-0.17312083745584544,-0.14542744170787408,-0.07813940097354471,-0.5669380277273403,0.7348971764330398,0.00025377544540699674,0.0003576827379736182,3.89301912129527e-05,1.9385447752370064e-07
-0.2383081360373872,-0.28187614504629854,-0.40258841471362317,0.017887128382295225,-0.4874449277633361,-0.469825128345994,-0.026675592649269043,-0.5349637213427585,1.1478146620101246,0.0003435022123402976,0.0009719500773015361,6.736985582279146e-05,1.067219420122725e-06
-0.09635150328613651,-0.3144187669505681,-0.3876018078000488,-0.12990846838311598,0.007706110344398387,-0.2818516889335892,-0.036566298723424026,-0.5228603886257093,1.0432330623579213,0.0041534484181228026,0.003139107232296339,0.0021956884903307863,3.1926175924433074e-05
0.013406921744636424,-0.061957350831762015,0.0055242723527492155,-0.2863306042868011,-0.34180838108324707,0.013051822425659054,0.004043305723179958,-0.19864698612859275,0.720459847223159,7.307921330633123e-05,6.258849131973664e-05,0.00012693529838252488,2.5370460638613628e-08
-0.44105007501815674,-0.24808294116070728,-0.20183192885888646,-0.03282550457281014,-0.14689612164627125,-0.24770321462258021,-0.18941755725270104,-0.5614980000942247,0.881172606806114,0.000617049344965972,0.0020520343034725773,0.0006693743785902781,5.039656735464241e-06
-0.16721384980153192,-0.04338598141917277,-0.20021494833918319,-0.06426408946589551,0.005697932281008455,-0.2418829271862839,-0.3672504626119492,-0.5298191853115282,1.147295768561768,0.011346943118552848,0.02518705211957395,0.009664296742507295,0.0008565393441370454
-0.3263035634415221,-0.31788033985956016,-0.4260615264768144,-0.13984600207910386,-0.21490002478625658,-0.2113305699951754,-0.04977527426496061,-0.4188054066314438,1.0480111268976144,0.0011811809269766014,0.0014587961421518307,0.002788660783084602,1.1299903529724393e-05
-0.359124369810369,-0.025973049792184733,-0.29961415834076144,-0.3142162481011362,0.014951364371453058,-0.2639547971495428,-0.21637868700093382,-0.6276404642820351,0.9888571450069528,0.006602403150763951,0.0029809640425421204,0.0005245166646981854,5.275299171969294e-05
-0.27484884961117473,-0.12922889027419837,-0.26553583434512934,-0.4287386956996828,-0.1321099193764378,-0.20241853741635452,-0.33865194169519675,-0.5179827710166565,0.8878311693954937,0.0005989219202688859,0.00043884933688238673,0.0004682345893223869,7.705398376985848e-07
-0.2943208436265655,0.018736706603058706,-0.4426422826672113,-0.40651342612556457,-0.17104254965030946,-0.46075944908100364,-0.16949683047782357,-0.6089631403151602,1.0207743974539532,0.00040045371946619137,0.0018485452707376789,0.0018939996352520191,7.164717417735728e-06
-0.2456211520281068,-0.4101770484436918,0.01474301281652135,-0.4117137427078701,-0.1765009451675552,-0.28438740104429705,-0.14107517563892089,-0.5031278970120961,0.8384639375044853,0.0005348822752573571,4.905907008840713e-05,8.666837228982045e-05,2.9601724749779326e-07
-0.38733245969145746,-0.4607093550625183,-0.29546495548909524,-0.18292226203358547,-0.3936937421589667,-0.14790418019256063,-0.05105999452653213,-0.4584510704375354,0.7429340953504586,0.0008599178487594016,0.00017539266993645485,0.0002625023726660318,8.391287909377315e-07
0.017784785174485118,-0.07208057642275006,-0.0031158575038536807,-0.3744321887149269,-0.3064163259571371,-0.30947706187797924,-0.13591986299365497,-0.16969842831402562,0.8355336637984655,0.003234119101640755,0.0009253730973900796,0.006222568556878406,5.003620117802272e-05
-0.315459499925245,-0.18710004719872497,-0.3112682019280174,-0.35352899297469875,-0.09034283264238424,-0.31834995471809713,-0.35911708605338777,-0.46847140650866365,0.9722522402468808,0.0030301064566567357,0.008892875152512723,0.03064934345024468,0.0010276470275479073
-0.06460858929641206,-0.43524206892549855,-0.047144430280522176,-0.46991763285215443,-0.2632524017574004,-0.12019651257244995,-0.09569397719847504,-0.48436526478540187,0.7704669908138294,9.843219428017538e-05,0.00019281174791239302,0.00017820699892976205,7.862300147139458e-08
-0.010376561173838783,-0.20655423281679713,-0.4411924311955047,-0.2791480100116393,-0.45595365026550894,-0.17518488579569852,-0.0551868285058743,-0.5071821469239303,0.9391474752750166,8.240120064956752e-05,0.00010542962861151036,9.606718040640172e-05,2.7134267608887426e-08
-0.2889833800406186,-0.1619349301635351,-0.4527071513192168,-0.06879300154759443,-0.3413250643850425,-0.030425081239371266,-0.106301262537815,-0.5188012550742361,0.991926113455924,0.00018333983671452454,0.0001849823884470076,0.0005120616612195886,3.3003912465303287e-07
-0.030931840695868296,-0.2064620637590321,-0.015934046325448092,-0.0020245843471508596,-0.48753873275801535,-0.006792776575653359,0.013885053365142742,-0.3502921046962984,0.7302277053533079,0.00018419760166864854,0.0006025819115185977,3.132212892623e-05,3.9801479231036057e-07
-0.16204524423769412,-0.19744030232492193,-0.1071953320683185,-0.06173174314456459,-0.33177964016328665,-0.15430207335167895,-0.03282601192959438,-0.2986299091973368,0.7125927184099222,0.00014658637404624573,0.00023156894258308006,9.078133500235639e-05,8.335299100988174e-08
-0.45394960075065655,-0.06250663145328006,-0.028777059124163507,-0.3076943633000889,-0.4646023749624006,-0.2102536470697135,-0.19214331988522548,-0.5334994791796472,0.8560857071436817,0.0008141804648701767,0.0004127655105096386,0.0009404325802494261,1.7176786340370927e-06
-0.32647347818964406,-0.22124650496278198,-0.4332492886639799,-0.30354526534560866,-0.2743646454722868,-0.24271806271841168,-0.1933389442697192,-0.5609004593093871,1.0285321185378569,0.0020527608503248247,0.005571351973839092,0.0035795042402531865,4.8066640531017587e-05
-0.2083575546390295,-0.2945095987905752,-0.4997139913980384,-0.2185051240393046,-0.4452368874760449,-0.24050961443059343,-0.07644749508777894,-0.6058681728118448,0.9635357200389364,0.0005060286435858465,0.0022918383363457868,0.0022712679533138354,1.0667246063823974e-05
-0.3391117203988809,-0.3489647169952368,-0.004084484709055258,-0.28253329796139515,-0.42898699269169865,-0.047611100277558716,-0.12497861189751226,-0.5135793812883653,0.7194781062022825,0.00145092044960671,0.00023584280284787422,0.00031729677114018107,2.2614692197180643e-06
-0.03874206476663078,-0.24508643990715873,-0.01691862954407969,-0.3921301186611173,-0.1358649521579618,-0.2920316788238776,-0.255193926631117,-0.44651945877957666,0.7318599100801062,8.922079585070476e-06,0.00032269353712326945,0.00048699047218351746,3.4137044240277444e-07
-0.40518465181446406,-0.0954619743446331,-0.36408052797595036,-0.4074827447605042,-0.4247671471752852,-0.12057312823347327,-0.16852076740204078,-0.5447504934404126,0.9556590978109081,0.00026461498455536154,0.0001133687739519944,6.760661390431057e-05,8.744422320221915e-08
-0.06284879514876685,-0.10084783345016135,-0.18872942208371163,-0.24816122901783055,-0.06106159611591516,-0.4758096247442889,-0.34922718805398817,-0.4700627849291196,1.1389135339444616,0.008097211296204249,0.007047461861594126,0.009550233509732086,0.00020643850955641118
-0.4927320728462902,-0.19783783802556087,-0.39119796749484487,-0.08640823965628502,-0.298237652448413,-0.36931954364011255,-0.24561791396112378,-0.5801398363091538,0.9899447077140408,0.003165932524067194,0.0034000081469582727,0.0012724115413544656,2.320221527690116e-05
-0.36690711944082144,-0.4709265420667247,-0.013758678100121213,-0.2425062158457021,-0.3334769626189786,-0.35412932172580946,-0.08071519243013481,-0.5122406025251117,0.7684330732583368,0.0004152038269219588,0.00012365979020138642,6.10753908610553e-05,1.9141616497212149e-07
-0.4568149811846108,-0.0961017095535569,-0.036693043505338974,-0.10478043325969183,-0.1818291219065185,-0.45789046442611125,-0.253322102684789,-0.5652110399942755,0.9633380099900531,0.0003189978691317026,0.00048693298861320023,0.00025109281164852423,4.019109759719111e-07
-0.23276337851255585,-0.4399424702270863,-0.37363847795085453,-0.12589302865324947,-0.1237037736151046,-0.2377008038409737,-0.007379430406834025,-0.4717312464252002,0.8443864019032806,0.00010323668902857852,0.0004806609103397916,0.0002966784944333649,3.297108537495088e-07
-0.008066879753266643,-0.08204704250321615,-0.3167981289730889,-0.1783488485028933,-0.26140667990497446,-0.32180163464813244,-0.03977686802770665,-0.43042570187704954,1.007195628133037,2.408938960899477e-05,0.00011034295315160378,0.0014572243078686412,2.1362585494451896e-06
-0.08890856651468498,-0.19309296370697504,-0.10194700924593686,-0.0665506151665155,-0.1090330042721061,-0.2902424185831116,-0.09485026472690918,-0.3965468159387171,1.0994581144575541,0.00028716079577948913,0.0075039503930909085,0.009283909724792129,0.0001425827126026918
-0.3181059384024746,-0.012718798448655144,-0.37768454846621,0.013804509144422328,-0.44336875754673377,-0.03222643506947487,-0.09623125705432706,-0.5122767624615304,0.9332398256981479,0.00020877064999455787,6.007304326830156e-05,0.0009618616056984671,9.723717033434985e-07
-0.28991654973739867,-0.28020138345922385,-0.33257477701278815,-0.4896911417047783,-0.1326844935680318,-0.2707217658761084,-0.2095219617162452,-0.3534978392128711,0.8800273451203571,0.007063423489891662,0.0014076743368163901,0.010600499486648873,0.00016424408780252783
-0.024006290421459187,-0.3002252632626195,-0.04404298515033883,-0.17507667124896503,-0.2597389871304797,-0.37778069858095903,-0.04342255814919674,-0.416354927825602,0.932126723118099,2.871454722727115e-05,0.0003141342684205523,0.0005124773637025599,3.621379121261088e-07
-0.3074289982225641,-0.033138064757323615,-0.16054994334042166,-0.1566629919715764,-0.08296905740881616,-0.17532906690156486,-0.3066084856358434,-0.5268991255861504,0.9180850900551004,0.0031973402404405354,0.00789359810056247,0.004731116553588627,9.491533942998414e-05
-0.2271048276369511,-0.33939578570473916,-0.21567363409046475,-0.12108245779599197,-0.020891509831079846,-0.22014918038578546,-0.11870510230846962,-0.46501802920140806,0.8642334820900928,0.004229272646736497,0.0033428508166094824,0.0014364603733384611,3.1124817106711884e-05
-0.14515551155798173,-0.31490678322250965,-0.406857509295159,-0.13213226925653215,-0.49695325383257793,-0.18603844391433577,-0.022396910051194308,-0.3723602784236544,0.8945035278065296,0.0006110330080416875,0.0003633474240041921,0.002051922731556974,4.7157695837271915e-06
0.014619036703415578,-0.35170106268452417,-0.3649138343975544,-0.3895582579513068,0.016473392639799744,-0.05753310733390138,-0.04086759769116875,-0.4590126580304326,0.9022875384681897,0.0010040460820295036,0.0005475616648321327,0.0007148235633751134,1.818905038388828e-06
-0.10676813561424991,-0.026788963189655568,-0.3302492200879348,-0.12038454362512097,-0.47181925982676415,-0.07469490761884812,-0.01592830038297604,-0.4337617229601682,0.8479635770318912,0.0007126967118155601,0.0013147385324836288,2.7984028079216288e-05,2.237257117657457e-06
-0.17145006213207203,-0.465252150271736,-0.4699881136899844,-0.2881352156970376,-0.15747219077446373,0.012005979869094352,-0.02240753998370317,-0.46259907666717226,0.8931056238741062,0.000796483086507568,0.002434692692511379,0.002291671915276849,1.1813873981329592e-05
-0.369275175897398,-0.4741087898598229,-0.15563312942930174,-0.004627677732119362,0.014373680182029336,-0.2021045178562848,-0.11122976002910857,-0.5224224552513003,0.7461030494164053,0.0009426666599669366,0.00015753709401535964,0.00011915331356929246,9.276358799385669e-07
-0.3784759742901227,-0.1248824324867524,-0.24074569494691356,-0.4028782315372804,-0.32901587277539945,-0.4787018371253406,-0.21091313854864016,-0.5436540631649401,0.9102160966713277,2.8006121447493253e-05,0.0001868000179535663,0.00018880826628454048,7.132715096335838e-08
-0.4637016978146857,-0.3394395622755355,-0.41858845433582514,-0.4113071824387419,-0.4493171636270387,-0.11185828591659941,-0.1978463089682758,-0.41528479452741857,0.8932286306334659,0.0011890076727169904,0.00023246947209511155,0.0011163252566016052,2.7139633797626935e-06
-0.24855387494867026,-0.31584268733581333,-0.3434295804052566,-0.11176590157348593,-0.13779776454159454,-0.07856843310443168,-0.0040282129556236885,-0.3621713047076024,0.8293733192677397,0.00021406150280293008,0.00039387621200337355,0.0008140869607633721,8.636983770493196e-07
-0.28274865726140497,-0.3853850872874876,-0.3256309746448038,-0.33355565656451036,-0.22942027652622032,-0.16583642446515046,-0.008068398647368975,-0.44397182985090233,0.7721507392930295,0.008797317978078818,0.011190266153591382,0.004417357743473347,0.0002221279096294656
-0.12545607945230697,-0.21434819579125663,-0.20852559445257202,-0.16987940071488716,-0.11000912402179286,-0.4665107911354667,-0.22481981287676792,-0.43961969053781996,1.0590444519561903,0.0025886525892045357,0.0018455921099508343,0.0034699993887914627,2.214822822212124e-05
-0.24007029336087587,-0.3721615455608044,-0.4424654549973539,-0.38525137093221806,-0.3150266993468642,-0.3838076457489189,-0.03895797178170501,-0.4905561517058548,1.012039243201701,4.703841296429566e-05,0.0010324844592568122,0.000272338602434407,1.142405085276957e-06
-0.4693710906670024,-0.03388637195631161,-0.24623926643999983,-0.3204396641383427,-0.3592222516321828,-0.326993600714571,-0.18675573551011276,-0.5902638017775587,0.8861126166139205,0.00010081638680320998,0.000350552126321809,0.0008005627106176782,7.7395139074832e-07
-0.25520655483468857,-0.1442104571016578,-0.10604045172429938,-0.18620209893385603,-0.30229382012620487,-0.3631286975434301,-0.15085088838006666,-0.36408500739641275,0.9128935013026668,0.005105945471464375,0.001367917044435192,0.00236991969876649,3.35583955766253e-05
-0.4753808401805931,-0.487075492925084,-0.3341484784302511,-0.09570566916576523,-0.3403952390233798,-0.17283071972321684,-0.08734295103943052,-0.4660234463706602,0.7611521027385313,0.00024288346488066936,1.7988795773283207e-05,2.566561879022302e-05,5.997469827369728e-08
-0.1066046846957654,-0.2238423871726748,-0.277425899077533,-0.33531863315472393,-0.20450555648324947,-0.24813468065046956,-0.13036698685111883,-0.40966778584160435,0.8628172595604908,0.0035650428850359924,7.764698077186473e-05,0.0008288304952163685,1.3402519815569345e-05
0.010881848347877643,0.012322592765557583,-0.04566601679862553,-0.2670432373940978,-0.3328808878235241,-0.25153206417382784,0.01837123882555949,-0.2125724363799907,0.719518852178359,0.0006449057710197543,7.20413810709032e-05,2.9464854507921624e-05,4.2196159173235983e-07
-0.14097894518074444,-0.06531105419981537,-0.1687645713230792,-0.011941065287664088,-0.18643333185875754,-0.2447330968696625,-0.06972195009722085,-0.2452252066615461,0.9417551251481983,6.489035817840211e-05,0.0003007736785899997,0.0014404213665334443,2.169489277483157e-06
-0.35360848276355583,-0.051948003923686425,-0.1279009216551975,-0.2475611989260859,-0.41283480629260216,-0.4182236577010382,-0.18432063839099253,-0.4607220372820942,0.8836415412217391,0.00035964721907719247,0.000560400504237123,3.4383950107366784e-05,4.4457710336416583e-07
-0.4489948496854654,-0.2685160639444819,-0.49217832499500774,0.018494817628053717,-0.2134952409308965,-0.17190979154630498,-0.19585685456357513,-0.5191139080466136,1.1008678511672707,0.003960408843301852,0.001349121924429026,0.0006626866538385039,1.794412177425426e-05
-0.10071903757566253,-0.3201314144305779,-0.4718350015626771,-0.22512871206099594,-0.14884397781429648,-0.10369781715676246,-0.09163117611083044,-0.5541732329814991,0.9110177960233149,8.3867006226714e-06,0.0001504213301756973,3.400248329943456e-05,2.3853082189688785e-08
-0.18226659126573208,-0.2559210335791242,-0.11752446142999534,-0.4213473878019975,-0.3074437591429594,-0.041454532619816464,0.012489767403279377,-0.3450399412118469,0.7165002319963106,0.0007547277181831168,0.0024087199649285213,4.23791940748446e-05,6.3733417941295836e-06
-0.07915064578618664,-0.33763649119450184,-0.3311849955375735,-0.0317244954281754,-0.4545151206279442,-0.2441205693226186,0.0105144061393317,-0.4063769390397848,0.7762173060719454,4.683631598059111e-05,0.000492865181137859,0.00019234301271606072,2.821055618133792e-07
-0.31941298988943745,-0.2776452833177312,-0.17199203048470946,-0.39500285994298334,-0.45764400311520376,-0.18660973956554378,-0.1785268885841855,-0.5061401073803551,0.7557686097390531,0.00016473524805490428,0.0002589435721828382,0.0004448667981305338,2.9209594360543255e-07
-0.0163410766083677,-0.2603386623712413,-0.18620018991226045,-0.4938866195885379,-0.2878237536557334,-0.10749987269410416,-0.030960361706823047,-0.4363840488140631,0.7619153102960151,0.00015309504659997812,0.0011072038288359556,0.0009848249732421612,2.219218639803872e-06
-0.08213740907879474,-0.12110425760534005,-0.06766952450312547,-0.3075468938633144,-0.09681275927701843,-0.12756536247403538,-0.23921836705208427,-0.31808362412784064,0.5981121181420302,0.00894824487146963,0.0028470126992488345,0.002485617453644368,9.435486171532813e-05
-0.2559525803431927,-0.2691884787344738,-0.04533088208538505,-0.26441690915092797,-0.24005583146626613,-0.06265661472534623,-0.16284241347358003,-0.38813239998370913,0.7045780952207151,0.0002145572078341516,0.0005848147339910803,3.545765728626356e-05,3.893003139868755e-07
-0.335169112798529,-0.08612890331871559,-0.36518354891795224,-0.3846601033268828,-0.10102313943586733,-0.39625975128038715,-0.22319120214142676,-0.6038019840265828,0.9991776362991636,0.00010698750608985753,0.002931106771253314,0.0012774613209466828,1.0234740657461202e-05
-0.4333728813538717,-0.2206654454635163,-0.06974433975418842,-0.11545708261988047,-0.41708815284776884,-0.2737475600452025,-0.13106920537404382,-0.5027783020645757,0.8759625280952293,7.775718448804007e-05,8.953151829379744e-05,7.796311769830867e-05,2.0140320228740023e-08
-0.4749178868469344,-0.2830224290870643,-0.35671547366496925,-0.02949908768240006,-0.19670575664868972,-0.09981989754599258,-0.25858280235554393,-0.43921518404226406,0.839091892178157,0.0008806139723231843,0.0006187355214014887,0.00023059611142473122,1.211489180298997e-06
-0.19449743813854786,-0.45057092153049016,-0.2565209876758121,0.0069713177164556495,-0.3798824914841718,-0.15268977906404763,0.008686653547315416,-0.5800812280879235,0.8253382951728443,3.199696203635655e-05,9.870925631264286e-05,0.0006735071369340115,4.643791863624005e-07
-0.40735657481173293,-0.4781865019774726,-0.08699018766056693,-0.05604047809484192,-0.49321560455467267,-0.2827077724981767,-0.09594109849286636,-0.5024777508304268,0.7524464641808731,0.0001310856203189837,0.00011128052907177133,3.0828119947825635e-05,3.051716898442362e-08
-0.40264842176706983,-0.17143575250180804,-0.4152699657766162,-0.0376545456649941,-0.19293850232083987,-0.15744939981036338,-0.21593038896118608,-0.5663919455596795,1.0075204492055845,0.0019075076178636779,0.005802373744049053,0.0008293066338027912,3.7993875870707105e-05
0.00740270760276851,-0.3545000767554226,-0.39783877842151394,-0.18504342084273023,-0.2930882866082042,-0.20109921501065475,-0.029152905175653727,-0.4629586543104388,0.9029944892290375,0.00024780599041963,0.0005908066440346358,0.0006120740410588758,7.850949312614648e-07
-0.07952762018249143,-0.32693957800240214,-0.40053818289207055,-0.3127785985367981,-0.1792160578600464,-0.20332167436217385,-0.10040505970585376,-0.5401302511183601,0.9326899701761084,0.0005078146381713767,0.0003284382671774905,0.0005669219796127234,6.87147933055688e-07
-0.4481822308960521,-0.4871043299177886,-0.0341861843592301,-0.34432148790139727,-0.2308132019713422,-0.41212114524030047,-0.13943988336165156,-0.509228435778008,0.7666105079956412,0.0003125746961091492,7.936457802678389e-05,1.1892359751699236e-05,1.0414310511356023e-07
-0.4792560097116595,0.0008403446894217348,-0.29264416527376924,-0.4208716542620088,-0.2782412808022594,-0.127008952484699,-0.2566419501838027,-0.4396358123374601,0.8177254163465458,1.7587363282625895e-05,0.0003985201349363724,0.0008722266464362969,9.199069360504483e-07
-0.24068218256539864,-0.11695790056837452,-0.2791508679877852,-0.19827013936691584,-0.1306854343070698,-0.205401624211889,-0.2571720534970178,-0.4222632926144331,0.9469887661873516,0.002326672758523118,0.004721669858885855,0.0063224325137574075,6.768072527258158e-05
-0.4638508904777579,-0.07662244674618807,-0.13037744570825122,-0.0007351964973230651,-0.27637333303341705,-0.25937789323554544,-0.1406955797121757,-0.49715615766665594,0.9032047401805506,0.0005644271046032912,9.83362561867155e-05,0.0003924699588743066,4.822806443104737e-07
-0.4792870088477054,-0.04597462318798079,-0.13935913107240294,-0.43193333572814174,-0.3463154527518779,-0.006129686722806782,-0.2184656411367591,-0.5630703667786289,0.8412736969418547,0.0015972845315289702,0.0005971956889322231,0.00036563557579084074,3.041649939824854e-06
-0.3734110499025183,-0.26227164352840837,-0.3524090845050726,-0.14686293446686605,-0.35767454084256356,-0.4491374148331432,-0.2532740537820411,-0.4676568991440142,0.9874780484583184,0.0005853443097012264,0.00175617151850349,0.0010180932105896053,4.463280148751109e-06
-0.39893838534945153,-0.369610437909817,-0.0634816914713956,-0.15204751394123472,-0.4103072197547808,-0.12921807301965327,-0.13937349974052549,-0.5302480532480677,0.7704227521650808,0.001372300112367828,0.0016614934800364327,0.0029916475919002147,1.359372349673069e-05
-0.09274658591301727,-0.21235811273500554,-0.014724914236884101,-0.009421610045080298,0.013878081124447439,-0.126059216389044,-0.11170600423897935,-0.32767337975433203,0.8737314902632007,0.00029576865338439126,0.0012481116341859712,0.0013320346585823876,3.41957807937989e-06
-0.09491388921446725,-0.2555502447248358,-0.3839739799769849,-0.30342847613385454,-0.010598745229761952,-0.3734345186697641,-0.13449307112039355,-0.56381513081416,1.027626003886996,0.0013805098633538249,0.001908035824773448,0.0005299945811163598,5.827302447448794e-06
-0.259651468120878,-0.14966506809749036,-0.37115235133506475,-0.3275287135149616,-0.051093611196684374,-0.4094428719417066,-0.1894661583395848,-0.5903753540469506,1.106712141199917,0.001268680382221858,0.005690843506308182,0.0014227106324307458,3.6019355269156096e-05
-0.05659565406645256,-0.22938755133168443,0.018668104361277416,-0.24742701297610947,-0.44727088480080834,-0.26768880408352325,0.017752687807750855,-0.36705322957205844,0.7331069714704752,1.0485053734361677e-05,0.00014963259541946,4.252168932393048e-05,2.4307944026737118e-08
-0.05658677442288923,-0.09524786813118302,-0.22730830182220418,-0.3786486519436978,-0.179495660258011,-0.09557063576727065,-0.12961854653460228,-0.3710134998138504,0.7941418988677438,0.0012574068547356837,0.00013898712061111618,8.581908459346044e-05,1.6077543333125125e-06
-0.31498428444199567,-0.1492929126917225,-0.3184441392228793,-0.20859894567528509,-0.22510242913895673,-0.18168508633491598,-0.19401111356518153,-0.4784294819007769,0.9175652486144017,0.00198450570266348,0.0015718556823251693,0.0020834713589509804,1.0749846073530841e-05
-0.007176206884301761,-0.2506708102091787,-0.1782809676760469,-0.1657997800556621,-0.37376158328339504,-0.028441428816055547,0.02803301678142649,-0.3458350684052027,0.7186652819058188,9.689138076799545e-05,0.00019043691246313138,3.292006991785544e-05,4.6737888299015536e-08
-0.2161983653351574,-0.46303428520093226,-0.31559329867612534,-0.14698425643396756,-0.44496667051982913,-0.004276169240453764,0.021921313482517715,-0.48938136498382767,0.7264163540367748,4.476320535489049e-05,1.0967841867343404e-05,0.0002034901397899964,4.353227510062344e-08
-0.01255436115592623,-0.006452992849180161,-0.12060743661224349,-0.08368635833820515,-0.40392729451535025,-0.3828198858281852,0.008521076753953747,-0.2342020997889908,0.7518606627632984,0.00034263083427321504,0.0017159021938754435,0.0010177526205972871,4.097536624273964e-06
-0.2052110756630855,-0.33349094366436344,-0.46642238024061444,-0.07180380809933962,0.009190442020405087,-0.221529357163134,0.005776350240158179,-0.6006786293407329,1.047957437587218,0.0006119821092131275,0.0017322054308881378,0.0017818756471790057,6.550138578804908e-06
-0.16570246534616828,-0.2768711858062377,-0.4754238249729493,-0.2537827289677932,-0.24625481466989535,0.01602175764723679,-0.07500176021751592,-0.542159765586565,0.8882689852392446,0.00045424059291702783,0.00011026801160278596,0.0003528157120480338,3.429724773044061e-07
-0.2839742157594467,-0.39821309969044666,-0.3816649180399382,0.000346201568655502,-0.22831130798573335,-0.3778304762850991,-0.019717174546941035,-0.4172770755641063,0.8877459120575246,4.125015876368343e-05,5.254271344971415e-05,0.00011053147300973681,1.667951886039004e-08
0.01877299962101242,-0.48709520217899643,-0.3624661623109538,-0.06538915243355714,-0.32303014009280645,-0.20587135123830524,0.014584403974317563,-0.5080923868915755,0.7605117228934327,0.0007772946407186567,0.002048435118905711,0.000164109393917326,4.827205288028111e-06
-0.4478929524217859,-0.3972568087118341,-0.1647248380903814,-0.3488789125040197,-0.35486789208708014,-0.28210696172683336,-0.20076769247252424,-0.506959128187681,0.7715586665167192,8.154054084793489e-05,0.00044050715141869673,0.0005222821244221436,4.734740277436957e-07
-0.36285405756460964,-0.4098776917879121,-0.15934250315303972,-0.28079476154207766,-0.3298159375680806,-0.29058457379612923,-0.11734435687257189,-0.5171712666310255,0.7436624045488274,0.00017506890029490757,0.00010018521594371432,0.00017344621769693156,7.076978777752832e-08
-0.07439993766433528,-0.36459657678957225,-0.07013573618572116,-0.3492812410524726,-0.2885627202302512,0.00834492574502399,-0.08354627392938249,-0.4800129079818783,0.7732896603352466,0.0005832786903250681,0.0004262940441547075,0.0008351673902400602,1.2194452123894956e-06
-0.3192034209125633,-0.047389398626100254,-0.02627845095025222,-0.35156547279322414,-0.4471606044086482,-0.10569596141636628,-0.16255867575388047,-0.4683685752810664,0.7680005443453937,0.00048749712068805643,0.00033191253448862937,8.56928682179883e-05,3.5516264089323664e-07
-0.09337282772096434,-0.4718644378710898,-0.19847670010264307,-0.3221128034963535,-0.09426343447342267,-0.16522945545041295,-0.15338453683045508,-0.5127527670755677,0.8323914140519132,0.00023180964483016922,0.00018856630786068712,0.0003157903645896487,1.890165182641639e-07
-0.3766373586275229,-0.4381763390674247,-0.4916405666375775,-0.07755293707021926,-0.05599812068487997,-0.25360932686066917,-0.0771184998760764,-0.4529568162792875,1.086192760501716,0.001002747994473944,0.00031221659665155285,0.0008038514004634165,1.7491598176731906e-06
-0.07591101082011209,-0.26536259326340417,-0.08956239553066508,-0.20564190681954742,-0.2910696896211845,-0.4765489510251373,-0.05136420876091134,-0.37610144086017955,0.877382784160402,0.0050444248225109565,0.0007908661963213565,0.003173738922886332,3.6144309881092207e-05
-0.3415314441116104,-0.05308324706404599,-0.20107875425993493,-0.16700054876720344,-0.28019378375681114,-0.32146804500415305,-0.1503248741580234,-0.48143709877651547,0.9454399318448612,0.0037215477974086313,0.000991701509189114,0.0032149424779973333,2.516924502855663e-05
-0.034190078204067775,-0.0846235265312078,-0.2719358588059178,-0.2654597827411929,-0.08466886906653887,-0.3396219712898786,-0.30011487875600235,-0.43533664670950917,1.0126842919646069,0.0021167309754854613,0.005987818468431045,0.00827980147895598,0.00010888963256438528
-0.3589170362003257,0.011906507172761649,-0.2945410119584822,-0.44076622830728623,-0.046008522082084,-0.12324089439443464,-0.28611971718299883,-0.5989493686943594,0.9368729149625478,0.00020815486081637944,0.0001606859853845967,0.00023420874214413043,1.240021668772409e-07
-0.2677724101729958,-0.4788578979811231,-0.3134198065421529,-0.02135532117948774,0.016663070698939464,-0.1576871760079444,0.011003320577228772,-0.5304716262783369,0.7899725141271791,0.00018157573291613366,0.00025674380372836287,0.0006938613845758316,5.803307485424291e-07
-0.2898333850475941,-0.20407582082455727,-0.2513221210108096,0.019757037153073753,-0.3686895367705364,-0.26270194071467007,-0.16545910817822415,-0.3967730031273583,0.9205095661814202,0.0003781953757194102,0.0007736865867372573,0.0004420220956262981,9.370062097345573e-07
-0.32008587582350506,-0.39167872338164567,-0.28864647506915464,-0.23295502501639503,-0.3779411384471839,-0.4701957105400679,-0.06834377440792835,-0.5067408403944452,0.7644105438546372,0.00013712496222190878,0.00010029564427719514,3.0914668253680225e-05,2.981818823857267e-08
-0.12430939894150633,-0.2073643024418067,-0.4748394925302428,-0.3533691283332395,-0.2985229292515529,-0.35125961313919674,-0.10641925175900835,-0.5380277312973079,0.987853589225239,4.185512715136183e-05,3.164564833560779e-05,0.0001488140370039038,2.4898916336836882e-08
-0.3634917661386595,-0.05177255684436144,-0.2949469066758005,-0.3717086883942506,-0.19635458232969116,-0.3744227181352877,-0.22977297110488284,-0.5260558192725662,0.9764192963688791,0.001257233002814588,0.0031377342723659806,0.0025012700738091882,1.7682363169479682e-05
-0.3923450713276458,-0.4880992343059808,-0.03638189190740193,-0.1677611722108066,-0.2333017547539611,-0.32213893179777076,-0.08554479632396116,-0.5096798254112216,0.7605919858976237,0.000639871502375922,0.0017928330157396329,0.001722864094715224,6.591946450737791e-06
-0.16793047950314877,-0.05044470489121927,-0.11263172646331993,-0.49362333085345034,-0.4206430845428019,-0.17319577348450388,-0.22417156952568387,-0.28479136693854984,0.7167158229989046,0.0012750482392640604,0.00022812170725532765,0.0004248423764828567,1.8582785706270674e-06
-0.1825263134598063,-0.3234815745044767,-0.10628554841803689,-0.4484312844944838,-0.3234115416482768,-0.1228700441838082,-0.09886009413786231,-0.4571397386871922,0.769354125295965,0.0004499982366112005,0.0004159088290064978,0.00016318146442788998,4.021067573315768e-07
-0.3521461513749368,-0.2728208695999039,-0.28914585965842765,-0.4084403429171344,-0.3348085328256473,-0.02805177143331966,-0.23691323451724258,-0.3983420889823834,0.7863773136851542,0.0006491920445283123,0.0002143050705635958,0.00038012069500880497,6.11868716722095e-07
-0.1887621127312505,-0.4947841862857362,-0.3270922906225061,-0.07566022536492895,-0.26752660628116676,-0.41382479936777694,-0.05279238631087878,-0.6145439237437048,0.882393096851238,0.0005085916282667777,0.0012441539770900614,0.00012066522841584843,1.821144660400718e-06
-0.36437823946637515,-0.4013684328652508,-0.06375027306181175,-0.32604037256309937,-0.4923850507751017,-0.2620411317328427,-0.12035617640086908,-0.5210533296353763,0.727213171055348,0.002259821597341491,0.0009107990888497476,0.003113476570095259,1.563008498459272e-05
-0.4980140594965003,-0.44987190790984855,-0.06409630782331949,-0.3496328242724735,-0.15039806413954093,-0.21729111846441923,-0.2174365570432063,-0.5651042603270577,0.8215305720603064,6.360462056655036e-05,0.0002774725748641257,4.015043328903532e-05,8.264863485243994e-08
-0.05816929840485313,-0.1498925116150744,-0.1521911467845587,-0.06979879133747452,-0.048435999002428565,-0.44200212108383874,-0.2734065245746386,-0.5608304480969785,1.1686711206637628,0.001713375744178898,0.0005732096099163003,0.0006423879002876934,3.676887912077022e-06
-0.20374778662006215,-0.0947294450695561,-0.14241139156651855,-0.01823762532145423,0.016899969643364487,-0.11502032746688784,-0.3288626503700121,-0.3151059115202655,0.9169326572304163,0.004054883889820239,0.0032662948225955896,0.0025435829619097163,3.358057951215587e-05
-0.15088487918292715,-0.11618606162925582,-0.38939027866409287,-0.07371785385290036,-0.2570219493560896,-0.4280106624174038,-0.10339819208491273,-0.6127220508008671,1.0490972840089436,0.0025079238140645554,0.002245877711800665,0.00026952498459105624,1.1406292270833902e-05
-0.4242898593989259,-0.014641412489491135,0.017536050399509007,-0.11326187008922572,-0.49336756171290863,-0.02099111573248502,-0.11280594604611958,-0.4720083727281091,0.8135593134304631,0.00012092616681183046,3.530389734655772e-05,0.0003413458952352888,1.3238652318163967e-07
-0.015987959052615908,-0.43711040164113185,-0.051884778561984646,0.009861313743891431,-0.3789455198097217,-0.32532720986487906,-0.03404462847806598,-0.5292224226288638,0.8735832629481809,2.6598016641346797e-05,0.00033506504945489174,0.0001671402331926498,1.4091189940715573e-07
-0.04271995961659636,-0.17483431324298787,-0.07379010664303265,-0.19918792483692144,-0.22600630102070174,-0.3687211621889671,-0.1484701456971521,-0.2587107583982406,0.9741818560268112,0.0037888951794519308,0.00028918786245504417,0.0019210658600047614,1.8129850339141232e-05
0.006695060688759136,-0.43704440558214463,-0.23938244773236433,-0.3862462908244168,-0.14407584888015906,-0.3600286365135202,-0.12301020840822358,-0.5412189205887764,0.8711860125034725,0.00020102535366456933,0.0001943285446211695,3.784161809378894e-05,7.960676413050322e-08
-0.20925549418891415,-0.33788637892721424,-0.09241180287035106,-0.26357170564108,-0.20123669650627685,-0.49048602891720094,-0.13358106910620549,-0.45401622472070075,0.9008207607774583,0.004185926940093463,0.0012555393551631471,0.0035633080872384515,3.179552794474267e-05
-0.17078370988648983,-0.1868514525413405,-0.41415685784540934,-0.28407772448419966,-0.059612270618515206,-0.1331778619136736,-0.19779140245666432,-0.5082475196560674,0.8989164819103359,0.0013924238748836625,0.001260654079131623,0.002811919367955535,1.1434983486460691e-05
-0.0345547289186412,-0.28136195737263725,-0.17257421992120697,-0.4243042890652074,-0.30075371952623986,-0.039199708354403895,-0.016402286957742963,-0.4686062079169649,0.747944900669659,0.0005537250801853369,0.0050617262209712915,0.0015417576968760262,2.8304700596371043e-05
-0.4711699267494197,-0.48165460040709585,-0.4998042115024651,-0.17781346392095315,-0.44108184205210454,-0.055016634857036395,-0.039931527528237594,-0.435243364973419,0.8408372738832188,3.970798724739166e-05,1.970244317116622e-05,2.1299315169221966e-05,2.4185713448299014e-09
-0.23369286358462676,-0.37118731505761593,-0.18567736729597994,-0.3481066258180031,-0.23247876971967263,0.017808236479792128,-0.06233519093907465,-0.5352520205654997,0.7517708745101767,0.00032062162371697726,3.730801783643136e-05,0.0003361701697565545,2.1720049682394512e-07
0.005206430761040437,-0.35955300727347145,-0.03037897079852092,-0.4825217835026086,-0.21446469965266352,-0.40739876635294353,-0.1124483040548838,-0.45523418874720323,0.8638469967694639,0.0018465786264313952,0.0005673434191652262,0.0013719243321583612,5.613907552031512e-06
-0.18163730157579672,-0.3918510031140159,-0.10529475934871857,-0.2914175351660405,-0.10330524489035531,0.0013148634774972079,-0.1940615028085195,-0.48861994014681026,0.7939584206171695,0.0032090691114710725,0.00025655436879482675,0.00025693436260818675,1.0429959973034326e-05
-0.3191388649969151,-0.11224049730796454,-0.04887548624375665,-0.15107361628181543,-0.2955861967932366,-0.2456276379664698,-0.0882251457474508,-0.4378736877683454,0.8524111938439523,0.0014895411931218,0.0020238628799816643,0.005980668747491048,4.208315259019053e-05
-0.4354627021012368,-0.23896367915029892,-0.38862208300033396,-0.0975072225461136,-0.1677062872732077,-0.4191137902749574,-0.3346646750135886,-0.5993501582011965,1.016084813636723,0.0007349664856123313,0.0027354192027539224,0.0008974431871637864,8.828098223954936e-06
-0.22908881336234976,-0.16152819106056232,0.014805163502550234,-0.35934041100501923,-0.2666894692577662,-0.4347348805391877,-0.20361390843435198,-0.3154755154834311,0.8407803742948071,0.0008174304710985805,0.0012498939081772974,0.0013821943645961922,4.140888618300639e-06
-0.3670888198720875,-0.11269523596130204,-0.483132290443284,-0.27253441044019966,-0.17849273902231733,-0.47035581857807307,-0.19715917516613418,-0.6144689999834464,1.0117142921522244,0.00022961590027039354,8.763860760864641e-05,0.0004164181671963487,2.3380807717173184e-07
-0.4975134781481683,-0.23180671323711838,-0.4484544390700223,-0.3042185481667299,-0.46337654727799515,-0.2232313552580088,-0.22524482945082122,-0.6004153304366945,0.9939405514114689,6.444338657058237e-05,0.00010439210229033247,6.802575763353787e-05,1.9678164794897588e-08
-0.4714577243448243,-0.46908662586795563,-0.3925477828371331,-0.4519339364718444,-0.027456416866081856,-0.18586945994223164,-0.24533423767629356,-0.4639665642095745,0.7879544234326628,0.00021407061229893572,2.422837498800185e-05,9.026730660651735e-05,5.456142784659549e-08
-0.4454862498874703,-0.16121304506392248,0.019214759981499685,-0.023813877200264066,-0.13967460589405623,-0.1966880018090787,-0.23064845620767735,-0.516848171637501,0.8956951967787912,0.0002510083309427767,0.0012336738745654626,0.0008928358379424361,2.3821122445024116e-06
-0.10405435641980582,-0.005767839314662904,-0.2985135119011808,-0.17431412458339957,-0.3481546220294848,-0.20264482103475395,-0.014330854147974515,-0.41979471156450227,0.8510504580009399,0.00010063149855556634,0.0003270524781520102,0.00039474495124231033,2.7291359849820414e-07
-0.023344532733326873,-0.08506828744444955,-0.25041531616454227,-0.20818057781065902,-0.36910418517573945,-0.4692825978490268,-0.04274648087430296,-0.33296215065681317,0.9691451141600838,0.00349617057043307,0.003810372677651269,0.03317198636376238,0.0011271228279177913
-0.33826924305545236,-0.35345564963321124,-0.18404513730685512,-0.38865242512081544,-0.20727532129949772,-0.22814591803963113,-0.18326470859065994,-0.548060921341825,0.7123011686199929,0.0011223327658840335,0.0007508110952778459,0.00042296917830676116,2.00225106396672e-06
-0.1397410934076906,-0.19729735185219194,-0.26894742936986404,0.01804761115058484,-0.2856009661333412,-0.3878126381770701,-0.033717385714936925,-0.2999206493004093,0.9468644511171324,0.0005338670747237763,0.0009957695617188573,0.002719530587129767,8.672417687854264e-06
-0.3507816563419033,0.017312746812730873,-0.49320047200157746,-0.003615810358787497,-0.4078398414739425,-0.1291456135757313,-0.15521494544677425,-0.5394881234882323,0.9876299677248934,0.0006688316423895714,0.00264161997942363,0.004134926593052841,2.4523109811487207e-05
-0.28063347180728077,-0.017998341255152595,-0.4860928125965883,-0.12389058057701724,-0.047250413187648665,-0.10279271482943564,-0.13618074138496736,-0.6317817738508651,1.012426726465671,0.0012270813314479935,0.004575633075020869,0.0005862119222878803,2.2785791049045562e-05
-0.17180797403131182,-0.20422816068321198,-0.0206343768296276,-0.44978491244255453,-0.41293173776464986,-0.15816518145332142,-0.0612911233725172,-0.27034461705557544,0.7118768627530649,0.0017012234283672024,0.00029950520229867465,3.53576722907474e-05,2.9851146844192465e-06
-0.308191500613088,-0.4696575261271843,-0.19236948292374711,-0.15785245943730875,-0.4170970047348046,-0.09442171488145479,-0.021064713811432902,-0.5509047916103583,0.7473106528646364,0.0007003502511548319,0.0006090572500216098,0.0004976673348128781,1.109113984236275e-06
-0.44868729031199,-0.29627150115317247,-0.3546124167853684,0.00829704632950834,-0.109051921469621,-0.09971314957939093,-0.28503510342350863,-0.41597206119647917,0.8625061959270127,0.0028595532062405302,0.0009766937233901666,0.004167285758992306,2.6497245765730318e-05
-0.13215095494478524,-0.4658892847278255,-0.37276897913685136,-0.01361846868376465,-0.278281755064532,-0.2138935591447726,0.006546426961088902,-0.4608996095772192,0.7913683746921514,0.0003373376601968259,0.0021258530163645296,0.0014812132984187436,6.8270405795857715e-06
-0.12743652407276634,-0.42625208105132195,-0.18557970728452017,-0.30556108523187603,-0.03242475666301864,-0.10672051593377757,-0.1597576299881202,-0.48933110580478884,0.8081758729393799,0.0004943476197563332,0.0002913059259662842,0.00013777929512755148,3.482218458276713e-07
-0.10989309293815108,-0.26260849020640653,-0.22080930083292044,-0.41632768015825944,-0.00852721497538833,-0.1464971600960564,-0.10947449959132999,-0.406933384506322,0.817055086077428,0.0005269045847787782,0.00020481894457692338,0.00012761733573897745,3.3586542589961636e-07
-0.18184115560081116,-0.4109445547934731,-0.0706978116270432,-0.14531142206258574,-0.4620198530220839,-0.11721342536067747,-0.023069017421406473,-0.5226911402256176,0.7991796346108467,6.938177535254187e-05,0.0009390725750522218,0.001029982910832709,1.9475359285737012e-06
-0.3066943767000622,-0.360433736074974,-0.22713614616216032,-0.48827844562905287,-0.0829732589535967,-0.16712975517364098,-0.11905546592126044,-0.4411080856384052,0.7141128991719338,0.00046862050581125643,0.003777760870191657,0.00013870790281703138,1.451032225312192e-05
-0.292558398382172,-0.07184070918346408,-0.46649401239176647,-0.1311532098385888,-0.07171532553086679,-0.296480780182545,-0.1373782490192802,-0.6778219356311644,0.9706323947803169,0.0007399842589724229,5.21823001236233e-05,0.00014897370115913054,5.724928596102075e-07
-0.29432498741408086,-0.24919796594004845,-0.35954294414214893,-0.10305825888394926,-0.2428337296295307,-0.13421066912648927,-0.08063691388566066,-0.3927569725717028,0.9581384594155745,0.00023422039777073184,9.265823119716371e-05,4.9799727698556065e-05,6.59247554193172e-08
-0.04147746412419323,-0.30935019813758485,-0.10170874285617781,-0.2945870240452163,-0.2208774529490134,-0.03659898825682156,-0.06789202126516088,-0.4659328436039084,0.7518488658552758,5.0398771225952696e-05,0.00014332988552071135,0.00011199651576002397,3.5626711766851435e-08
-0.17275566144755383,-0.18394035449637686,-0.41993613302421223,-0.038506436613456874,-0.0370214639223197,-0.1518880728115795,-0.04654659578041322,-0.5899491925059437,1.006907954375839,0.001492062916714646,0.009582139639629617,0.0008738941642507361,9.480734283110768e-05
0.01423717248810863,-0.11892316285756677,-0.2614451702561865,-0.15035635582425816,-0.4519070616028282,-0.24651428906582984,-0.01656612593864153,-0.3553392872085964,0.8444150825088076,0.00023225784797675415,5.855707689891925e-05,0.0007212997284933998,5.776459375263916e-07
-0.0331027126770313,-0.4289158252320484,-0.2391867123444817,-0.28050182737846185,-0.39423165105103253,-0.028360266168114268,-0.021329881176748042,-0.5615642933220834,0.802255870272093,0.0008249209055941365,0.0006305350233122154,0.0013670846553166405,2.9469893709118035e-06
-0.023067851928737726,-0.0838028742937848,-0.1868277118778684,-0.23364624958777758,-0.4740261286116651,-0.30166002095584377,-0.013054601945369703,-0.2716485149379345,0.8477462611375711,5.94392242766963e-05,9.257417950478766e-05,0.00010164706579184135,2.243512607769097e-08
-0.07890713260911092,-0.4869828637299004,-0.2487012849265951,-0.4246766385497455,-0.24704966896741148,-0.2621328760083788,-0.09929471504795304,-0.5537413596876395,0.8786593060934196,0.0006530142048787822,0.0003212775724722953,0.0006521689452330556,9.549711634735552e-07
-0.3951668334266776,-0.265522731453443,-0.47907133485088915,-0.19586865480274562,-0.22031536759266918,-0.18105658778698985,-0.18227529701021508,-0.49146641830249327,1.0279327806532992,0.004185707766878915,0.002891708603494918,0.003601478130506839,3.885277288175603e-05
-0.3288042843280701,-0.14331878808080223,-0.0371632260750116,-0.03274809285398739,-0.3382630696654785,-0.03547023423474155,-0.07582019557348972,-0.47704570181100875,0.8117841576128799,9.04882922061705e-05,0.00044919170963759493,0.0003301686792457135,3.1897267978839347e-07
-0.1820452817328701,-0.09247302571759547,-0.14577615101929375,-0.09986248963872729,-0.28687231192838647,-0.2296538861585335,-0.06019553881225772,-0.31929357106285144,0.7599179554280747,0.0005177657993474315,0.00015519931644344777,0.00015592552702154596,3.164810207753449e-07
-0.4886174313006283,-0.2507412957295362,-0.17655185442064653,-0.26424392641883565,-0.11599630759031715,-0.09633860130023814,-0.19271292030447942,-0.704513285133103,0.8696102825458626,0.00028624450352437064,0.00035182478192274783,3.69383205368532e-05,2.0708103249698582e-07
-0.1734780891977939,-0.4653803415908659,-0.09309519978925701,-0.45513532543089186,-0.12443255303653422,-0.16079295676809113,-0.20715117605027972,-0.4852791635280449,0.7961613705615433,0.0015596976838380863,0.00032985780487356826,2.222912807447102e-05,2.5419571705408515e-06
0.013481697841335794,-0.2929552530955561,-0.17066831065556226,-0.1328791162097155,-0.06594051334071122,0.015608189908640657,-0.0001939312276696322,-0.4974244824384044,0.7904617731561816,0.0013877429091769479,0.0006485370928239746,0.0013065930471037439,4.053616133479317e-06
-0.0012234788058821389,-0.10005914117778647,-0.43844951187050235,-0.05191924788086799,-0.04609477981784044,-0.0015861152981445636,-0.09061400902440878,-0.48029732511933354,1.0034365549172972,0.00020811013839032682,0.0008613589774712758,0.0007615022609542623,1.3651348112096566e-06
-0.09268543526380507,-0.037639791210752505,-0.2580836228256426,-0.07192529726990177,-0.1966756586672873,-0.31858738529767155,-0.024589187547983,-0.5834711308973142,1.211219123827469,0.0068345213228572215,0.002674351823787986,0.00050894356422771,5.412186294155695e-05
-0.3064340406266066,-0.038001974786392945,-0.3103960091935337,-0.2506515114993336,-0.14022052445470468,-0.014262000182559409,-0.2186614019639203,-0.5023801553903149,0.9194856145195628,0.00047897367613474617,0.0005509933904047137,0.0002192648519839855,5.810865740152733e-07
-0.3774901657698156,-0.23661892176440985,-0.37428111756375526,-0.038331739213369354,-0.41479702434100385,-0.44994824116762006,-0.22798784334186253,-0.5256192543450827,1.032458513214687,0.00021505702286906702,0.0004940674497965818,0.00011799133663910777,3.042741235556873e-07
-0.4339828253864392,-0.061325699623977825,-0.46210941056885174,-0.45387848374940903,-0.13236433284164012,-0.3853902353631353,-0.20248997896258372,-0.6568207110033109,0.9996249558898744,0.00013875957537080335,0.0001311936115612544,0.00020125638543901425,7.697011615154804e-08
-0.34832568052861296,-0.25406331639944585,-0.04238469981625814,-0.3211112236882335,-0.451327547833973,-0.26637810270621887,-0.17806531957408334,-0.49661250226072234,0.8463595135243018,0.0039528677426735525,0.0003529424184301586,0.002368125160093494,2.1357748515664268e-05
-0.3085584581022644,-0.05511859057941776,-0.22576641554208854,-0.4111639436304765,-0.36214319721598864,-0.3010190504514776,-0.21110010409195482,-0.44748340966232225,0.9287752176574493,0.00019916274400101465,0.000603853055594911,0.0003559259368295505,5.309875838573174e-07
-0.4581974832899553,-0.46959129712529135,-0.3208895850905011,-0.2877695565149689,-0.15088318487367042,-0.236129295255754,-0.15466976040846306,-0.47036356611315355,0.7508739348128917,0.0016047003860578096,0.0001005582275012019,0.00012331715842837698,2.6003824076951146e-06
-0.4781605398956908,-0.19115816224326498,-0.21357276667764635,-0.23551500206619375,-0.19820178803090382,-0.13668469612780665,-0.22896317684722023,-0.6607408174061115,0.886099698085206,8.621115044269338e-05,0.0003671420346497222,6.955334694269842e-05,1.4706330413832193e-07
-0.46739203259425416,-0.2645014036323935,-0.0816730656635063,-0.09817567385048781,-0.14619895744822137,-0.4859157092416956,-0.19036238012820564,-0.5849320251488103,0.9057458670453016,0.00014745175552453358,0.00021017716481251772,0.0002876897874608347,1.4868187462515534e-07
-0.393050622727305,-0.04508759127229067,-0.13434078189947146,-0.4908113568159521,-0.1725812346563193,-0.2220068717442248,-0.2564993324431958,-0.607368910178354,0.8326516230336178,6.202510270862362e-05,0.00019216590414558986,0.00015493435203357448,6.477950152217094e-08
-0.2699745029631453,-0.005318453143794921,-0.0985276265385091,-0.4821840952956367,-0.2572649713880967,-0.34785337965346697,-0.22927572940194177,-0.393455551855154,0.8548336390568317,0.005253240725006809,0.002940845318258198,0.0044075001272246605,5.5671166672276616e-05
-0.2627298661735419,-0.24523660287126614,-0.4010542203685722,-0.468784117739959,-0.19263987823042023,-0.21867959377520668,-0.1154541542782635,-0.4794694746597278,0.9788294543424534,0.0014399561738507134,0.001304474689571767,0.0021371697752780795,8.342622646706302e-06
-0.15597444330061172,-0.3199897765392503,-0.40695047698333797,-0.3218189936749657,-0.004740662732269696,-0.36189525500517933,-0.08163188089718096,-0.562595669511898,1.0162789546805917,0.0007637896652417175,0.0019625242586806244,0.000740814486934279,4.9836822226916874e-06
-0.3467139632947617,-0.4545600479807866,-0.07923397757917422,-0.441733583314253,-0.2287894950393458,-0.06882603615905747,-0.10002143829960802,-0.45615868885648936,0.7170637073329675,0.001570169249308118,0.0018613917521741136,5.677090617200644e-05,5.933433662322226e-06
-0.36804905733101384,-0.14741613640857065,-0.43062232092670855,-0.060668908321747095,-0.3819241788852646,-0.19209870198722684,-0.16118574229232066,-0.5584692591813722,0.9878177910428484,0.001764179654903377,0.0014309478066772382,0.0022134538419977816,1.0059319390864142e-05
-0.3426466939601515,-0.07321867835803653,-0.4857199661410196,-0.234845722978965,-0.15847593006950988,-0.09535022217066907,-0.21049184557072229,-0.5186853325184345,1.0062149629197694,0.004028356659801633,0.0027524664583268954,0.0014565439959774722,2.59252493950008e-05
-0.40982132107374986,-0.4033091206725098,-0.26309124897959135,-0.1022310205860002,-0.29743383596482287,-0.4453873217936838,-0.16960580706853168,-0.5069656678971949,0.8037478716371699,0.00031384314176185693,9.668929083012788e-05,0.00022126319546829994,1.5680373826102912e-07
-0.3253328945954278,-0.3465149757876932,-0.36025526942034924,-0.1401497391247098,-0.2131220301485438,-0.09222157540620457,-0.01065474331826372,-0.381195544049031,0.8221087479155111,0.0001833194586443714,7.10097286810435e-05,0.0004245185732625359,2.1886442452987988e-07
-0.33265409127239015,-0.23686137508568028,-0.13501924571640023,-0.47354636980744885,-0.15780293015699598,-0.11339533959851134,-0.29291585465227665,-0.6835540067517596,0.7139979857668342,0.00017785521810740834,0.0010323840704777835,2.9761961161218695e-05,1.0983351219164722e-06
-0.34340563627486953,-0.476054931958291,-0.47683300097297193,0.0038304837216652787,-0.3307537423947783,-0.24397203080929342,-0.011732443044801637,-0.4311209631677961,0.875615104517227,0.00023927719075694752,0.00016164502931817482,0.001293925395334905,1.7576256182124004e-06
-0.4863782737869672,-0.4436838861145732,-0.26873022826530435,-0.23884469287830262,-0.3588081113773596,-0.2926533312548011,-0.20661403037859438,-0.5054765033217795,0.787433645701963,0.000533242279291818,3.0681481626759436e-05,0.00032409090283491514,3.9032359503949686e-07
-0.48124021141466544,-0.12902579955392834,-0.2759054127949333,-0.29909481660804615,-0.3831787208920447,-0.05722390118081705,-0.22801546255999672,-0.5631093917602321,0.9000047252362205,0.0002835622021587012,0.0001681875698879582,0.0004095271170584646,2.764070407641264e-07
-0.4671956766710477,-0.3363027003802696,-0.01799263613077079,-0.16772160915709827,-0.4438376166161123,-0.399329439044452,-0.008498482217318378,-0.4508633039188725,0.9841056807317698,6.738167272843266e-05,6.796138303142614e-05,0.0010389813014184943,1.0886411841004938e-06
-0.04431821102866984,-0.3878285710002751,-0.08215747859628658,-0.43408606000471733,-0.37626200908825996,-0.13153612348194904,-0.05624924579761134,-0.47803328391182753,0.78215971482195,0.0005378724469458926,9.670919626073707e-05,0.0002512532982672588,3.617876577151358e-07
-0.18151491427857563,-0.2288381887581189,-0.09289867238462829,-0.44505962490931894,-0.42271993739324165,-0.17988239832212616,-0.04373740156612794,-0.2977858054876107,0.7127092302813843,0.0025960766690295424,0.00025730806113217363,1.6029486930462523e-05,6.806078454254376e-06
-0.08155484907055699,-0.4429377023891028,-0.4052605744046409,-0.19858023037151157,-0.0065344147206596315,-0.1223109708201583,-0.02076115012940295,-0.46813047936315677,0.8783994083409615,0.00026491453226768006,0.002163798444162803,0.00039704331854752926,4.909846813171205e-06
0.004695803910291896,-0.08732789049458017,-0.1829246021936471,-0.4001739848567019,-0.16172425902734694,-0.16977246955471192,-0.17146049669522695,-0.3206849747672417,0.7653683782475464,0.004027002167357445,0.0005777739386788961,0.001384732351537663,1.8468052865513094e-05
-0.4681728563958617,-0.3357335469108471,-0.49868559658618666,-0.4643263409917846,-0.06664501724517696,-0.35459832870046576,-0.25129900402657207,-0.47194074449718737,1.0281257637353398,0.0013289981181029194,0.00034964666730185614,0.0010998826145380172,3.098230555639381e-06
-0.10184657381748352,-0.24901002063807454,-0.1824200544518897,-0.23267442061146698,0.004469485014766739,-0.354719041075827,-0.279566773866221,-0.4971647768152959,0.973413705116825,0.0007022410472632824,0.0006221346197115731,0.003934883117018051,1.6363499118098786e-05
-0.2439594938780556,-0.3046735207764039,-0.059386046080198374,-0.1528111920044123,-0.3041231017210097,-0.4278881080834711,-0.07432883853656506,-0.4890677330453564,0.8547164162307278,0.00014438078628468433,0.0015927535660589004,0.0008041600229505739,3.2043830761533953e-06
-0.39831013421903516,-0.008179155127008786,-0.3190533161386321,-0.41554821546084336,-0.013927741106186498,-0.4181656325192144,-0.19236801384934588,-0.6869261293685803,0.9720671261699164,0.00028792858208679485,0.0007896073038049514,0.0005261563922097696,9.832231116678379e-07
-0.05995510765254991,-0.27483242600521296,-0.40275802973988106,-0.04148974479535128,-0.1265991539345967,-0.23387232547208037,-0.0680427052785344,-0.6499819482845658,0.9464758283199182,0.0028969931503731675,0.002547159671815805,0.0012312508943784404,1.6396570471941553e-05
-0.24538635764865901,-0.47914688514684006,-0.4786463340346471,-0.27547359748393685,-0.04462211725647203,-0.09160560125062162,-0.0144422602806507,-0.4493527356647609,0.8616095359568993,2.5647429550672535e-05,2.89361905724893e-05,6.238752097619056e-05,5.387296540958746e-09
-0.4399080589992919,-0.17232289140753976,-0.4839705893625398,-0.4587995652243688,-0.16104564362732848,-0.115019584358666,-0.24717482749633776,-0.5610867614114643,0.9924686519553763,0.005262999228070284,0.004888465747894164,0.0004537633112568313,5.1802159385645635e-05
-0.1775519312017404,-0.2084671850359877,0.01840931928422629,-0.1861049676004567,-0.046798807720431934,-0.11984552324480002,-0.21190505251952327,-0.49046642531765033,0.6953581349444845,0.0003436655007455782,0.0005346224820997207,0.00018379314459021574,4.3770709476753527e-07
-0.009649656577135013,-0.14368849160498554,-0.24360300933941198,-0.34960112758997747,-0.019341768402820758,-0.4715675895571671,-0.3177589218703329,-0.43482271084145646,0.9969442916853803,0.0021122969702535963,0.0060417341247432305,0.017111456716615205,0.000333766300689225
-0.05985221365972976,-0.04094882771990832,-0.3206489326790566,-0.4251477406521974,-0.02467801192590091,-0.012009772445761013,-0.24193885565600895,-0.4751043396808003,0.8597798626473497,0.005575183470616076,0.004297445265857918,0.0024017856534652377,5.53192808692668e-05
-0.17345979361828395,-0.24908806211690743,-0.03460054221220582,-0.10169521107450286,-0.1097364834829247,-0.21657493947877987,-0.09959388837765171,-0.4054161083442575,0.850871937976497,0.0034967181054583935,0.002852322386175713,0.011880491064809847,0.00016150884844474622
-0.34280073829303237,-0.44188605811366655,-0.2564354150279331,-0.4832654533363413,-0.12799743053050766,-0.4461797647705584,-0.10234869865878429,-0.5123065405894326,0.761259228188821,0.0006969788966766022,0.0003274577363203959,0.000602814420564926,9.56393377129639e-07
-0.22212634366977896,-0.08135913987374654,-0.11603783533586798,-0.31429429607450876,-0.32244063025374703,-0.3440286268369045,-0.1994867766313985,-0.3084549033981358,0.8676534703503015,0.0018463328469722326,0.00046560175284785974,0.0015662929755700858,6.0790036593837826e-06
-0.22440466606463388,-0.37669096720942663,-0.14654410700845016,-0.31379985631893026,-0.06095297003438471,-0.31511578113762706,-0.2108045274566166,-0.513819032367971,0.8629185951155713,0.0005346186214484659,0.00011278555327728893,0.0002133874988949344,3.4407187611215787e-07
-0.26550307770560844,-0.33814505316260524,-0.2653070212541501,-0.2171162179873642,-0.01827404594316745,-0.03664992916634752,-0.09508409494873618,-0.4085563095360227,0.7198087501254162,0.0007835439737871726,0.0001342426418657489,3.102944525317527e-05,6.329250722260093e-07
-0.4852345861140565,-0.4719037630429765,-0.35567917985004677,-0.2586849533685791,-0.21182018268433556,-0.41664719129097827,-0.19559673447028533,-0.4685421320637999,0.8039092560971183,0.0004938310530534787,0.0007052759021147873,0.0004696749611783942,9.618777762216608e-07
-0.3310222265751933,-0.3529048727358477,-0.4244601203393687,-0.09666598405845689,-0.016287402799585238,-0.12642068575913906,-0.13824120605311646,-0.3508230396007702,0.9744223409583588,0.009162494905139295,0.0014497034536601048,0.006552589693261526,0.00012898938467849477
-0.4522223621121374,-0.22313555226931697,-0.06209688312832712,-0.07132095625971796,-0.38048692927874467,-0.06226042854552005,-0.08162421788683846,-0.5080237085689062,0.8295806875168723,0.0001254960122221966,6.995301669580885e-05,3.243691978782506e-05,2.169482739383963e-08
-0.35190243376750696,-0.037623398733179436,-0.022766660619009338,-0.12009760032941941,-0.11057304009524238,-0.17301494553386626,-0.25983215210322574,-0.4767661496532648,0.8524551682170024,0.009361545534428084,0.015785739472276135,0.0057105188066798,0.00036943813052119073
-0.29429457644642276,-0.20794798531078146,-0.2543641793662643,-0.09740822635831597,-0.14412993122633633,-0.1367539220531121,-0.2290409685204181,-0.3416400681271554,0.8612163584327964,0.0014542010378282026,0.0029189454071610337,0.017842849287323482,0.0003290022136385472
-0.4206180257056219,-0.20047852371228142,-0.01248107865113618,-0.16582357753784743,-0.30147308404905876,-0.27467002336220525,-0.1515678139740544,-0.5071585587897138,0.8673274447287775,0.00038132890387529515,0.0012263748736616126,0.0033324825630373415,1.2754847096627207e-05
-0.10577354945296574,-0.35660538275859144,-0.47373829681496615,-0.44362252349462544,-0.1645518836076046,0.013548797041166516,-0.08795796698405223,-0.5488642423644777,0.9206488218678547,0.0004055016955010195,0.0003893596512938983,0.0004542273251169626,5.223550259928185e-07
-0.19476140090107413,-0.4230162299963135,-0.48646280601934216,-0.496262303318315,-0.15774120715217615,-0.32154532319726825,-0.021803766331768944,-0.5776462058429802,0.9998385730050596,0.00125045748036793,0.0017102967423608282,0.0005023078801796339,4.741072063628732e-06
-0.4753479282703742,-0.3833720841658921,-0.18600439415116027,-0.4934459411537241,-0.4820647301557107,-0.4699434464539177,-0.21987084786827876,-0.5060429237000643,0.7822454507407687,0.0009960293699862314,0.0001874673824449785,0.0007119800063811409,1.53413405484243e-06
-0.31419491757805573,-0.2428617355846603,-0.2576331920981037,-0.38226026302685184,-0.06700844198608602,-0.1516918949642871,-0.39464652954008816,-0.5175620976023766,0.7315323654266199,0.003219984367571908,0.030752813812332972,0.015470918485296864,0.0011954531754821251
-0.2355087583960418,-0.3644334221693204,-0.11501955007548043,-0.38314094467128235,-0.18215199371961344,-0.36465111777082676,-0.13195745537974643,-0.4892715389960694,0.8383031491085919,0.0004824930486183649,0.0002347322447730826,0.00047527133923231843,5.137816145969355e-07
-0.06694242100376402,-0.20315116830233276,-0.3136216294190324,-0.0961590491756732,-0.1558347920069898,-0.1681447178162651,-0.07460663892743967,-0.42581769607888165,0.9104405644691889,0.0005230175179556199,0.00016528638788086686,0.000951993858774505,1.2071592212515337e-06
-0.3115474908777657,-0.012624240607138015,-0.12133109514470819,-0.2648767464116333,-0.02697085723036735,-0.3181211047299048,-0.35167091901840347,-0.6091782162521218,0.9424534980223094,0.0040930983941789975,0.010139454997854902,0.008068681531369937,0.00018466562377262568
-0.3071783693179878,-0.33502472449043696,-0.03245691973081566,-0.3519435511044423,-0.27570269094723965,-0.31066123819278346,-0.15012248411000703,-0.5405446739862142,0.7729017071762778,0.0009539276626148994,6.585581027060811e-05,0.00033068862480564173,1.0236699398241702e-06
-0.08375328867558612,-0.09272925103104679,-0.33230744093425935,-0.4628116028017997,-0.20585352217083375,-0.46310821679729586,-0.12160318042120143,-0.41906543819556635,0.9791472886459132,0.00366250681975452,0.0003047553956511591,0.003695720705651903,2.7165183590111055e-05
-0.2502668904633622,-0.3925874529473695,-0.23453013438380715,-0.15561692913165387,-0.40557902905485294,-0.3154788682278761,-0.011339215921399175,-0.5539305614384359,0.8154153981449351,7.868155832979489e-05,9.996020794346948e-05,9.588764872440019e-05,2.5377271971200543e-08
0.009504824622047825,-0.338358998528708,-0.002795635212753722,0.01455127882029128,-0.16729194126951202,-0.3673515289377868,-0.04775678643105762,-0.49406106637150476,1.0037956111682123,2.0349727826164732e-05,7.970457754156552e-06,0.00015276403353398698,2.381448956098288e-08
-0.04010317297463051,-0.33517982428775883,-0.006868520910881137,-0.37929380043066585,-0.11548526654071528,-0.2658997539991801,-0.21314023776517865,-0.47904144505480784,0.7864456396986158,0.00025619082162646294,0.00014263105672893272,0.00014095647770186707,1.058460840353711e-07
-0.3746169172925118,-0.07992535523570027,-0.26979274812755105,-0.12690594187462045,-0.3554115849673013,-0.05115299344293461,-0.1383382690948166,-0.49227839155894804,0.9127075454606358,0.0045953654319863205,0.0021734844477201694,0.0005659790898392398,2.6161750428111554e-05
-0.10484106645013436,-0.10336081517288404,-0.21164071271731316,-0.2867637460469526,-0.3359743288135855,-0.47351148910917673,-0.10178519519524638,-0.2594945357614106,0.9680760977158268,0.0007968246185619215,0.0006310407038089393,0.0012503630604572692,2.596549625566102e-06
-0.10443705307981666,0.0021537881749411625,-0.3516749464293501,-0.3572008840474465,-0.3184872986841353,-0.3496468313057851,-0.09948454760058288,-0.4445890291481336,0.971869596510508,6.52881170328839e-05,0.00022648810367655788,0.0002748440288341256,1.3109863951847645e-07
-0.10136689882944161,-0.39392512948771563,0.01065872083131858,-0.07750433226442449,-0.24638087144511867,-0.27709971507534703,-0.040580612643587685,-0.4843591441673684,0.9145609280277174,0.00022643510971262555,0.000548157577959457,0.0007247536554715097,8.770174503042628e-07
-0.3311794922413935,-0.0652684518731248,-0.4884385042349282,-0.4405894067954137,-0.4205660922531785,-0.3249239113062601,-0.17372735727309224,-0.6293464035001743,1.001451316402565,2.1739262290329802e-05,0.0002537427333680038,0.0007633581279606761,6.475736017856217e-07
-0.1735262819097544,-0.03628553326383832,-0.12150866444328368,-0.01626107433144247,-0.25887748987656145,-0.33616009091109145,-0.11621704745069543,-0.28700650483250634,0.9698263096392302,0.0008289038876669296,0.002537555989064229,0.0065947831892081395,5.0617437365287386e-05
-0.12315621048644398,-0.12432284817481087,-0.2158708580821096,-0.051313594589634415,-0.3613706049172001,-0.04956649164695509,-0.0010210740476878017,-0.3451811019555468,0.8113270659285977,0.00014458410688204505,0.0013530941793244028,0.001130373710641304,3.129513147793449e-06
-0.017093504374743718,-0.46071489756360007,-0.15110175730495984,-0.10173827801079605,-0.28981988769824574,-0.4269537972480911,-0.04478931119081808,-0.5318108304502733,0.8961014818011245,0.00014586800984051076,0.00011910051179177039,0.00015965874787680836,6.095332397748326e-08
-0.04306014522484353,-0.23823881139090297,-0.3183474813514201,-0.3449092799813177,-0.4615709548225263,-0.0346298466275059,-0.05114910202235154,-0.475068233543362,0.8554714063296855,0.0009359044103722926,0.0006059401057234083,0.0009056239822199679,2.0632352742503565e-06
-0.11891069486772743,0.007177875190424565,-0.1518905566972507,-0.08716853225329074,-0.499294270103058,-0.45880177960171026,-9.692866829776973e-05,-0.23280141044008873,0.8002855394815964,0.0002387843029264395,0.0007547977865709454,0.0006991159955190483,1.1155008171270542e-06
-0.0030249675559609335,-0.4281221401494841,-0.2811987827080108,-0.010568491122397994,-0.3473044397755951,-0.32281474934631105,-0.003697710603733388,-0.5592648542111693,0.8593929447782505,0.00027816902168347065,0.0019296395778857188,0.0010198643166342799,4.841010129511223e-06
-0.48433873606882355,-0.24545693380208233,-0.41010650886006034,-0.33664966289975823,-0.08731139068260341,-0.10196835266539772,-0.3429306669804529,-0.5687036785370686,0.9341322879363267,0.00014413952484389084,0.0004730012994463042,0.0008310646492670873,9.351748831615413e-07
-0.19415976769803694,-0.35639212844263973,0.0021080918426797934,-0.42799375339929085,-0.3393746051380446,-0.0883440337046148,-0.04524799293977013,-0.5122496619712573,0.7873589975207081,0.0006552830370262953,8.778256643155275e-05,4.661625512138246e-05,4.392747128252569e-07
-0.17332123605888655,-0.09337408717757928,-0.46083563999302085,-0.2217443860467112,-0.35629328827898044,-0.3534223877416538,-0.08572031400209079,-0.5592826733743892,0.9980001099897832,0.00011989290905643909,0.0005215470885392105,0.0002205569353020285,3.350310369155657e-07
0.004413228977311778,-0.15833440732915338,-0.000629130760619212,-0.15418197719115828,-0.26432854691383095,-0.4428741666306331,-0.03332444891080004,-0.23719663681469452,0.9198677654680673,0.00023020424163572892,6.729597823601415e-05,0.0021555641404554355,4.703979505171204e-06
0.0027274254909033235,-0.20165421157356173,-0.40918937153744606,-0.12249798745058199,-0.19481299385248385,0.003638848219612578,-0.05982356302535237,-0.4747302565600121,0.8813963573036596,0.0006761675134603487,0.0005711021766609008,0.00022402669744662636,8.335481636148119e-07
-0.3917070085563204,-0.38463268167319536,-0.4087310452246111,-0.008158605098627147,-0.19453736681010403,-0.2660785962175447,-0.06256738441827468,-0.396745142935397,1.007935514986215,0.003931996806469909,0.0004120370418090807,0.0018931095704497098,1.9214237255640626e-05
-0.32169537701871154,-0.17263652257616519,-0.11541060515905871,-0.1217902680835331,-0.1178079300568452,-0.3579711652633558,-0.26341085284190896,-0.5459586385374158,0.9800107738286403,0.0013612406492553059,0.0017495718464245916,0.0026733027040186847,1.2060525098300172e-05
-0.2927776870802866,-0.0022946752987207386,-0.32041405360949315,-0.46460122820495714,-0.38629514701375306,-0.17234199733379318,-0.13840093785945687,-0.4612925188106578,0.9092940095187628,0.001365989088890682,0.00047204473014682914,0.00022011208189156063,2.1372017468224256e-06
-0.10312562306415946,-0.18757464868668117,-0.4721637379368109,-0.18463238217197897,-0.3445301097870598,-0.4657449788827198,-0.07021018252614414,-0.5692537006815706,1.024678884339414,0.0002233453878957878,0.00038426859855750716,0.00011675585198526979,2.111774471044767e-07
-0.12143657608953945,-0.2822837824832328,-0.4953557174968839,-0.22652511197905906,-0.49023703088367776,-0.4920539006552204,-0.0886852041062645,-0.5628443753673584,0.9676206526825827,0.00033232820996993224,0.000499329575733715,0.00021866689297966456,4.0758727442961116e-07
-0.26739781215640046,-0.08413298657982149,-0.05287225159711306,-0.10966520410197089,-0.4293291886797606,-0.4507186969875125,-0.10436515253363422,-0.4010234165099475,0.9739754225837169,3.8838385692932646e-05,6.0003111536921546e-05,0.0002809205707372917,8.402516066071098e-08
-0.4210460295938885,-0.487491592455262,-0.037566088098741124,-0.4352687718691688,-0.20652881366153836,-0.13631468991160045,-0.14776614093869364,-0.44150783952101147,0.7295208018596785,0.003549409582869314,0.003445514729786763,0.004819816051516277,4.770050691059602e-05
-0.19941714867866694,-0.1606292835238471,-0.14665416524263375,-0.09032148176824151,-0.20991606263173068,-0.4987437036417409,-0.1055138431312502,-0.38288630876409013,1.0811961309489244,0.00040265933766484886,0.0009214693213011485,0.0001591339959825063,1.0365638809852543e-06
-0.19425419328878746,-0.43183832993794746,-0.4866408631762858,-0.08696447523514461,-0.23528181254482966,-0.2750079548244653,-0.022792265482420533,-0.41046700958068544,0.9199567107410289,0.000614925573309239,0.00025970508648191234,0.0022600879472064973,5.553577721762353e-06
-0.4999587179186599,-0.0916502259588457,-0.3337032613918872,-0.3978743784976536,-0.20358924500440795,0.0009730061219890285,-0.26805068614094113,-0.5965779641702283,0.9580113278803721,0.0005328889469043023,0.00041343334570575937,0.00034990601183735307,5.773319781941562e-07
-0.2657867678674619,-0.023322013003093167,-0.04617048341664526,-0.2932415107445294,-0.4280513115556773,-0.11024262240912508,-0.14245579006556222,-0.43096945899698275,0.7435026693805991,0.0005525302406381336,0.0006302109529363276,0.00047497797475542434,9.280595885233126e-07
-0.005774774381309966,-0.4730032639715323,-0.2197294604313869,-0.3499195554718119,-0.20828496491982296,-0.21142294685870483,-0.1023088339968812,-0.529661251741192,0.8453124016177451,7.757155219412383e-05,0.00024671855560438546,0.00011270144100501226,7.958900619392615e-08
-0.0803322313153283,-0.1443370027109927,-0.0824379568689213,-0.4431341233857995,-0.017121962393930434,-0.18851250567214706,-0.3652705445746203,-0.5755094992062147,0.6346727798163699,5.5198718378736674e-05,0.0006089036991752224,0.0003502986461175623,4.965197548517221e-07
-0.41924964709581275,0.015206018799637566,-0.3677108859764458,-0.2653206007665737,-0.05762081098558408,-0.35163241063721634,-0.18172735047021807,-0.6901198270617829,0.9704147030618576,0.00021026443648097402,0.0003270206014198411,0.00021767469812313404,1.9853588120465376e-07
-0.4616602372427057,-0.46022612260986645,-0.14623438255158272,-0.366823056500869,-0.40492231284115476,-0.11266213764134142,-0.12075475408991677,-0.4657025919353721,0.7542679260319806,0.0019020947813617453,0.00016170018567916155,7.939302192583837e-05,3.650414759262779e-06
-0.05733816175960477,-0.027001186994783155,-0.006603225189638129,-0.45792583332059683,-0.1416165276532143,-0.19680878644347544,-0.42862381307640746,-0.3282803128916365,0.6502977730681818,0.001770020606095358,0.002700522991605161,0.0009108698443648338,1.1255481247563484e-05
-0.05881268607409795,-0.19724115413185062,-0.30763389243779954,-0.040833240562054396,-0.02239038477678279,-0.2458972557846546,-0.04899033107547635,-0.5503560866408256,1.0387958460056914,0.00023137878303149567,0.0010086816433061438,0.002890152357501849,9.423955448353411e-06
-0.36685714062569313,-0.4383262886515257,-0.4798950632470773,-0.3657285188557091,-0.08895218656438919,-0.3400110073980979,-0.0636031175768982,-0.4195613277034723,0.9508209891225871,0.00081101357839381,0.00030309723252154634,0.0005990992542634908,1.108530873160424e-06
-0.23081478621893925,-0.1652059623957428,-0.450379572683999,-0.16213320323574865,-0.34863463176630466,0.012739176729271717,-0.05070923920489153,-0.5388572705939598,0.9646869358394909,0.0003606457425437093,6.411833396109783e-05,0.00011341485623229069,1.4703944197904143e-07
-0.32965224827573436,-0.34726207631614714,-0.2121967961829842,0.013329207345584626,-0.0675436828267657,-0.12768524491035538,-0.15613953324463206,-0.4971464695966218,0.7149718665617593,0.0010798187870869498,0.011648471190848855,0.002037104181054293,0.00014100268314145054
-0.42696185256417846,-0.12246035920433551,-0.05032950598873398,-0.11207600846531846,-0.19589783800640376,-0.4097257408013574,-0.24500703167625035,-0.5497929202666698,0.9652269998045685,0.0015729432911528477,0.0018915637641146858,0.0009673228842968054,6.987877633378764e-06
-0.03671105788104312,-0.3122221130482206,-0.3226881236736434,-0.44534017627515404,-0.3973791212944551,-0.12965428014938418,-0.02602084973013586,-0.45915727425234304,0.8880758320804921,0.0003594043541211152,0.00028465136245813037,0.0006936934249743456,6.914084557631241e-07
-0.20654855505419156,-0.17873530062805504,-0.2894311865337277,-0.2455136477929723,-0.0112349094808748,-0.06304116045156838,-0.23980276083592894,-0.42257164824265436,0.8672030866977332,0.0011445063576907806,0.0005543743458963392,3.214239162913875e-05,1.6182588515222523e-06
-0.33153220297279684,-0.23654751218298303,-0.375243855614085,-0.04009685451615769,-0.4428434120572292,-0.3340433766143801,-0.1799849774557255,-0.4995492806284961,1.0843954466115349,0.0007084124082368852,0.0028902848846865236,0.0006855223515332459,9.325535749243039e-06
-0.4207095051117732,-0.28047856889264744,-0.11074674044082394,-0.02375608797000739,-0.29455927487775596,-0.1838535013544249,-0.06578285938250625,-0.48337709208379764,0.9755747482139235,0.00032887205851039056,0.00022065615498540757,0.00047658321413623396,3.8397752959822936e-07
-0.19108483361433903,-0.4486360000971777,-0.047995800927632615,-0.1339559610285484,-0.26478581856311945,-0.3826238421549514,-0.0679927698780407,-0.5840300178686078,0.8949269824768193,0.0007838783638827795,0.00032567779188516553,0.0012126652338164694,2.191088282797892e-06
-0.4839851002192125,0.015472061589520525,-0.42242249137669685,-0.31900771233034864,-0.0665473833729982,-0.2105091151951865,-0.22464476527954322,-0.6433436690221483,0.999731765844001,0.0008058938308462506,0.0006918860321752183,0.00011657255054878504,1.1417603076566614e-06
-0.18865264581831903,-0.19100721612179028,-0.18634463891645286,-0.223691490350502,-0.42990206954748755,-0.23056556699225633,-0.022798792547050004,-0.28626735760503486,0.7515863777775328,0.00012553413373604563,8.695980098569462e-05,0.0002919755605752732,1.0857055369357607e-07
-0.17984260535766544,-0.1312336122124826,-0.2112302185371414,0.005970844364898253,-0.34467521080582975,-0.19031317104122258,-0.04847760137892124,-0.3162644057911207,0.872874613107865,5.749907973842997e-05,0.0013044454825665614,0.0010571117938812788,2.8223695059219696e-06
-0.24023721252340646,-0.06089856554797041,-0.4690205755997375,-0.2677821170039013,-0.10686529924404731,-0.4272321487060846,-0.1330368005047981,-0.6124166694114703,1.00580610335463,0.0003689091960830861,2.7482706360947176e-05,0.00023906376722527398,1.9400077890353085e-07
-0.42407983591567255,-0.15576581795845312,-0.2177995195389576,-0.04342926370190464,-0.1674284917766206,-0.2728304556800836,-0.1891078515462698,-0.5269236365684876,0.9459399779686585,0.0027443430804437,0.0015396944916054674,0.0004285409201199131,1.008572539087666e-05
-0.2062537503567125,-0.09794496186769963,-0.25911610447095634,-0.13537840771195636,-0.46958059884357556,-0.26080367466063104,-0.05969010497960103,-0.3731682667016274,0.9057895515839595,0.00011982175098800089,0.0003718014821275028,0.00011501656590464938,1.6582240455453682e-07
-0.2591757560624037,-0.29951198016668085,-0.29109914564103545,-0.35331722418430844,-0.2656481486606893,-0.3752064593430284,-0.05728718328611634,-0.337590379234656,0.8659184605829676,0.00010613628874908469,0.0001582496813787366,0.0002228739450807068,8.598066884173867e-08
-0.2081777960172429,-0.23787953146707458,-0.35466610895892575,-0.4426338403124463,-0.24165172283075498,-0.11060691637304848,-0.06319573318218512,-0.4698612165166196,0.9089978729021699,0.0009514532752268433,0.00011690765307985153,0.0010934175261969766,2.1144926208832417e-06
-0.19788959233246317,-0.1800132477336368,0.012293617847355276,-0.36066433372399603,-0.4431714858706741,-0.3029052153199434,-0.1550871174308657,-0.29518250747783975,0.8004741268667842,0.000602271865352613,0.00023642293032104212,0.0008104499014833263,1.075456244591238e-06
-0.29119310546166166,-0.34772785227406855,-0.17937615092404174,-0.26284324896261996,-0.15425517282540263,-0.3068557065085633,-0.12949346390216745,-0.5234172026336517,0.7826284203502877,0.00014131616269477608,0.0001144922769570564,1.892198317176264e-05,3.343678076874021e-08
-0.42461938515994146,-0.3460674151555209,-0.36427320171930844,-0.4765224975240355,-0.39381505764002067,-0.3723754670860076,-0.2599153071034412,-0.45467225745003476,0.8527700802773877,0.00016051010707249174,3.521248453665709e-05,0.0003170974135796807,1.2755418323859018e-07
-0.4018960551603068,-0.13503269908609872,-0.21334853663242603,-0.43072804495850403,-0.38228850793520686,-0.2478507160363912,-0.1922030717433455,-0.537993192189095,0.8733609749283396,0.0006407580136396362,0.0010009576933663967,0.0002035843036746652,1.4539337046554877e-06
0.015571264365132786,-0.3075615196620196,-0.26170253206346616,-0.33507385077367074,-0.33359364722017204,-0.44258901950410184,-0.02818329438639563,-0.4499814721972555,0.8981291760770537,0.00027593384984872315,0.0008704935329361594,0.0020443853119627912,5.0134097841452145e-06
-0.15205029085857846,-0.07821893197947233,-0.27476232181540483,-0.3878431139582935,-0.0930009855883917,-0.04263581245400072,-0.18331258625816504,-0.42517605282176973,0.840365677303607,0.0005112081062278882,0.0002677954854592033,0.0001355382694512931,3.514187723912855e-07
-0.4886415991906249,-0.26873194862814614,-0.4343790606160186,-0.3727640448525589,-0.3958654055923687,-0.14117377772077844,-0.24696157278878822,-0.5380735165035816,0.9965592464704283,0.000484548308493588,0.002243422257750632,0.000872637612117996,6.029226891917936e-06
-0.036440618480929554,-0.022083400145206378,-0.17256333412074326,-0.36503065599394535,-0.005204868331900536,-0.4337497582270881,-0.46658242240757253,-0.5079065536752768,1.0459530633078846,0.004267839873036222,0.0008549369720886332,0.018998993125932766,0.00037990711420736245
-0.40049075859236727,-0.18680605875887857,-0.09939527147587535,-0.49555429513946053,-0.1943722413626871,-0.46414940274776273,-0.23704288983533248,-0.5136584443686083,0.8442822530094612,0.0007146108010285245,0.0008336758789944995,0.0014216663523340938,3.226819285522809e-06
-0.10915792065816138,-0.19092564369680876,-0.29659255449720084,-0.2357254749431093,-0.29097391534960576,-0.08262989227735029,-0.03284736787665661,-0.45384524940984533,0.8413997196772982,0.0007338573379487827,0.0008368394453649105,0.0005165746844289808,1.505696254372826e-06
-0.3025070920439079,-0.07414619037296322,-0.24210253619419286,-0.29750797029789444,-0.03163497796135828,-0.21272625895241137,-0.3714201533152144,-0.5869101690700896,0.9326275551146398,0.003948084993641468,0.007170088018135582,0.014338001294381392,0.0002725758184225108
-0.157939697191267,-0.23449422597186886,-0.08056909091127851,-0.12340754903218104,-0.4918632302161501,-0.37432805896585625,-0.017937758095945142,-0.3746987904265799,0.8328009111398867,0.0003347331423158215,0.00019072238651196612,0.00038425851677365724,2.960759129945349e-07
-0.2967240379810065,-0.15717602142470272,-0.09300328308731826,0.0005947310073994849,-0.08799860951315047,-0.043956450255539514,-0.18842166611351066,-0.46085772278934556,0.8100255137616131,0.0015825389795508919,0.006618699996571508,0.0005656050286691695,4.66315283148695e-05
-0.19932471270764923,-0.07058566237573188,-0.17599826163523957,-0.11687268005259416,-0.33788083168088123,-0.2093262931949817,-0.055256939014846615,-0.3446592514953524,0.7896245320114139,0.0006558255754660502,0.00016463548604451317,0.0006305559220391538,8.548127995191363e-07
-0.08598234066773508,-0.27433915035896417,-0.035314187167186706,-0.16688720790134542,-0.1709327387506414,-0.39539672303047735,-0.13944362694394788,-0.41370062523557294,0.996532465866635,0.003610112689969854,0.001053513654291019,0.000716264434590448,1.4655839394318165e-05
-0.29155833534950326,-0.16109448424810863,-0.12163012620093072,-0.40204047675545274,-0.37882810679152124,-0.12453188631334888,-0.21616633009639896,-0.45978694359407163,0.7534806162150675,0.0020511922014986804,0.0008912755246563213,0.00010202893033137714,5.01217141096497e-06
-0.11274472103321254,-0.2346221525792106,-0.11330579267249596,-0.48993591248314206,-0.10101080887963843,-0.3311653148301148,-0.2784468489245973,-0.44131277100459804,0.7600284855054154,0.006100930881347976,0.0036291051672059206,0.009210309456243914,0.00013522156221340215
-0.15167381978624628,-0.49744246037171497,-0.3433116508216014,-0.2398568199159813,-0.16184461755804946,-0.03662622656260017,0.011838435233584925,-0.5279057644527893,0.798800703914152,0.0004064403149344554,0.00015590775083806208,0.0012511285795393453,1.7548236789155423e-06
-0.3884231777266577,-0.20456738725637696,-0.35352116600412226,-0.23058179556585656,-0.23417028342834345,-0.3911385912313282,-0.25324627492257545,-0.5729137973348514,1.0093011499567444,0.000660216206975076,0.0006832335942524864,0.000516116075201392,1.1690693873490165e-06
-0.09493669876031935,-0.3817545379746388,0.013245382049597798,-0.4683851524667659,-0.28764301969621375,-0.43081502437785246,-0.10184868750770358,-0.46886219518212097,0.8671408586691718,0.00011868110702080694,0.0005085729855412977,4.736058875576566e-05,2.74974712153366e-07
-0.29774029101111116,-0.3161979872252262,-0.1379252297988161,-0.2747528315039576,-0.059996584129274555,-0.015840645769292006,-0.16962831220876243,-0.5757684577623207,0.6919069753790463,0.0003810120146967417,0.0002253998137435098,0.0004698998962265388,4.16781143852591e-07
-0.242908363039602,-0.057002317122706814,-0.47171775005904315,-0.3607812754926927,-0.21480750058551284,-0.38970335498742376,-0.10753765740686991,-0.5948956566025195,0.9807787103014486,0.000237905984128934,0.00014185080964829606,0.00017093790634770307,1.0594067730876981e-07
-0.07056760637513426,-0.005412936189514439,-0.4571225193281959,-0.058469994279459425,-0.21759137417844154,-0.13979644512189915,-0.06776537873728845,-0.5424621431652772,1.0157603864579121,0.0001518896327900772,5.154008546945722e-05,0.0001842919645890426,5.969036917139237e-08
-0.4671284220564945,0.01266936447243272,-0.28798094371685645,-0.47907399061663103,-0.03697544850897766,-0.13923099179434328,-0.26686084040551755,-0.4375641503578087,0.8156539542888258,0.0004859072900593176,0.000382774931754504,0.001809111526709655,3.6555070589861932e-06
-0.3666447650479468,-0.4005183819183595,-0.17030791215403163,-0.30003258769991487,-0.365484445849278,-0.2375482079724427,-0.12755238683182055,-0.5270178500339379,0.7268722208276265,0.00022322672443158528,0.00011204892870136322,0.00019557873110674705,1.0063617298490335e-07
-0.3334354453418622,-0.068730943947234,-0.13220124650588388,-0.37886568545016835,-0.2996020277835223,-0.3756441577537275,-0.19502800535432077,-0.44324698729556256,0.8739016315011765,0.00013313871001200995,0.00013483855811056219,0.00013465557904551967,5.403947782508173e-08
-0.29336669825001616,-0.007765891727846808,-0.4722196702407862,-0.2699291037088679,-0.2936242441023305,-0.382617171026942,-0.15852944085811696,-0.6151878095165434,1.0153893538876966,9.934009167320644e-05,0.00017173543563022103,0.00017497482769718683,6.997770399240303e-08
-0.007680086088925897,-0.2051064460146565,-0.06736253108216989,-0.4340642882983981,-0.15628549883378517,-0.2182301510206131,-0.19089284003757262,-0.3664729831675179,0.6916817005077114,0.0007838962833609004,0.0008333734299915208,0.0005115815684129762,1.570720358022746e-06
-0.2797967057227535,0.016283233533434083,-0.04919995294490165,-0.2456506204313919,-0.4550574314672257,-0.10782102455361903,-0.11114942682457006,-0.44372068709427503,0.7564019081491274,1.6321766726521206e-05,0.0004827847818376951,0.0001987764547613109,2.728596246106213e-07
-0.1383957688629498,-0.021568938234560298,-0.10214965212936133,-0.2364415077809941,-0.47856058588652317,-0.3015231428109154,-0.02406205179381291,-0.23453102892476754,0.7405241387975052,0.00026501896027580397,0.00017139503510907466,0.0006266113953041933,4.922531480907769e-07
-0.3868821672710195,-0.05182644295560479,-0.495869023991818,-0.3579106417519306,-0.4512900646291667,-0.16843074800923513,-0.1966503385361392,-0.6064170751731451,0.9873953187147301,0.000753738157386103,0.004571924376164866,0.0005654361584959209,2.179033176060491e-05
-0.019360552466227088,-0.0588270720482752,-0.41341829765792676,-0.29635287903210805,-0.36616538046680336,-0.3909517335230933,-0.09819550997313481,-0.4954104997892574,0.9891179574610657,0.0001048736233897635,0.0005141003418626874,0.00037020484811798465,4.1234926795628987e-07
-0.2797979210768668,-0.43216817225401377,-0.2807081579894152,-0.3362099015889585,-0.1753262557019536,-0.07231572414333004,-0.045276408847865185,-0.4927720980727547,0.7392871597273657,0.00032267044451199844,0.0002642209143081062,0.00016787025254943246,2.0210932901039257e-07
-0.16543599116360802,-0.21844347543451859,-0.4744498399822539,-0.17321971178506795,-0.3345885269789107,-0.01570879194028879,-0.03812609090041493,-0.5355799139336288,0.9033445349270198,0.0001853118695287521,0.0001308104828907258,0.00017487275629214487,8.203235231555803e-08
-0.356797562546904,-0.438532350181901,-0.3017921549691993,-0.2821511019831712,-0.036303519237807835,-0.16578871237295745,-0.11353897649050912,-0.4454538036729298,0.7537126390655035,0.0015141021499366686,0.00044232969668551395,0.00019857131340549096,2.527591447520323e-06
-0.1220697749561962,-0.020277060116928758,-0.10796405927105168,-0.019393836267826703,-0.08042519763872219,-0.021417601255860008,-0.14829344890934223,-0.23055807139734943,0.86134115748386,0.0002115427066857099,0.001425181605829369,0.005615416912764894,3.360880003051231e-05
-0.29305142055161965,-0.4088024494188687,-0.46235769502532437,-0.29383285452320557,-0.28390803954194566,-0.07627256467534765,-0.018894801821397446,-0.4176272526989145,0.8948775302144797,0.00015967505009096893,0.00019106607927794558,0.0007246026801550288,5.870514123600507e-07
-0.3639744080501952,-0.4047079630585045,-0.4784383471319009,-0.11049260296180025,-0.1530735077802921,-0.22348094453717648,-0.04677851804347555,-0.4323078087935834,1.0409519387106196,0.0017688775629625519,0.0029204163306211493,0.004756904788092366,3.428590253988712e-05
-0.194331415057101,-0.3543923809586696,-0.1495376530928917,-0.39724737599214555,-0.26487163451034323,-0.22994205083102554,-0.13493073562782146,-0.4822820286800967,0.8047566004969328,0.0007907601483337965,0.0005300293963892474,0.00038527643357195947,1.0546707034955663e-06
-0.4299593921549351,0.01495158541576369,-0.3109613567425937,-0.061469389116187045,-0.36418415053747083,-0.47202660471911856,-0.20101010065452118,-0.5742888417955035,0.9559616456953648,3.667406683757133e-05,3.1405102533157964e-05,0.0003426431344266153,1.1973558521322039e-07
-0.29208851999083296,-0.32644566232088174,-0.09966001058076829,-0.22875281916156215,-0.13242309411619907,-0.028873508246126833,-0.1654005067497152,-0.5649867744096966,0.683140059356198,4.895162828223199e-05,0.00022322367310560176,0.00028347932912213043,1.325856001857715e-07
-0.378908827048692,-0.2605091462970758,-0.29406684193131183,-0.2317714052497445,-0.34525567690722825,-0.130780206876348,-0.22002542421189344,-0.4457756246205342,0.8477465185696634,0.0009197417864580317,0.0011732807942805886,0.001901424455862927,5.8379277373383284e-06
0.002413817565714571,-0.007254610133445694,0.0047053467616677835,-0.4106556858432857,-0.35407238174750266,-0.3398798132188856,-0.1271800367395533,-0.16741612861397137,0.8650156455160046,0.0005532694687023777,0.0003692169806053031,0.002648460241683327,7.4567699355428145e-06
-0.0028229639800066986,-0.013620324986672205,-0.21686454772528785,-0.10416270237843411,-0.2136479409100605,-0.1591234154751779,-0.010309625639511523,-0.3712545637858167,0.83600293304393,0.00016078122741713566,0.0005211848271286805,0.0006028903846216387,6.609610429881406e-07
-0.4951090176303577,-0.062359337109385515,-0.05182613038997713,-0.0757869561049509,-0.08337916245890042,-0.12584930023371488,-0.24707137959643888,-0.5814761389322975,0.8771884829132035,0.00030885806715203704,0.00128692949037331,0.00013355414008795892,1.7694175271720333e-06
-0.17539920545905113,-0.09836084649380172,-0.41709992218042996,-0.008413714689386953,-0.11166189841554658,-0.2861333614074335,-0.14274935962985486,-0.6736870328907598,0.9599493593627202,0.00029555981588579516,0.00045187392113543376,0.00035043839470287207,4.1435271385068334e-07
-0.05591078824288315,-0.2231997788241497,-0.06984370937477724,-0.04175637110541858,-0.02037772643029845,-0.24982333337055834,-0.16529924584363972,-0.40985752419178506,1.060939808881535,0.0027704629547010023,0.0045950732509131495,0.005190208970183062,5.572843231879689e-05
-0.4266885339381876,0.0019137156025884616,-0.2245301819924107,-0.07928240794562041,-0.4041110051360566,-0.2774803664938531,-0.13712984845397785,-0.5298166920494447,0.8984175809460618,8.905425269358229e-05,0.000481299232978008,0.00011050984634133887,2.5179203772641756e-07
-0.041227771303978644,-0.45592164801352264,-0.3593341557888726,-0.2796006341340086,-0.023684393169552398,-0.045444578924918155,-0.015489492113068581,-0.4706815973002242,0.7990654638422866,0.0011153099756086252,0.0037438206224626237,0.0004003768447287823,1.542041081266351e-05
-0.06130513823361278,-0.4685237864014732,-0.05690544185385987,-0.08045685961296078,-0.40072281177851815,-0.10242284373840521,-0.01060200518913671,-0.5182414117283242,0.7967930897736465,8.225909578687045e-05,0.0001807869542604337,4.37035989528453e-05,4.1360486231868795e-08
-0.4182877632383285,-0.06663785417175111,-0.299840058125838,-0.06665915922959109,-0.3426071682011995,-0.14937024743954241,-0.14709657960319894,-0.48720031838827516,0.928165656905067,0.004451618008742348,0.004022630530532231,0.0027085722519188454,4.3334822924793944e-05
-0.43026684879807003,-0.4866252016074838,-0.16798662785848945,-0.4996431545884147,-0.006173994313791176,-0.3193075186560269,-0.14946848455916248,-0.48724906345980157,0.7513166100086338,0.00035132467676268737,8.085598636543055e-05,0.00016830375576430367,1.582928732379038e-07
-0.07529831180093277,-0.16518677780602214,-0.1297395036141863,-0.12420805726316358,-0.41803149917576377,-0.3129184903582689,0.023111073988745904,-0.25947875128898606,0.7172041623095333,0.0001536957345932378,0.0002020251307501263,0.00011738045234989252,7.821470288062599e-08
-0.4144164420083292,-0.0538016410111396,-0.14870331951538163,-0.09639858345026941,-0.09403274689847069,0.01612537497495048,-0.21570871767196503,-0.5579683929501441,0.8966889170135233,0.00011899234602457758,0.00022235900273868001,0.00017325678992143436,9.362061976525316e-08
-0.10862180275626893,-0.10805503482627205,-0.026503417584062605,-0.28262956165685393,-0.37061098073465853,-0.08807860843371507,-0.040287691065916974,-0.20810968920223058,0.7189769209723907,0.00021516316142365514,0.00021519680351208097,0.00010574114770737277,1.0378604059411146e-07
-0.11806862388375866,-0.3439461116525817,-0.14065493720240413,-0.07934937152264054,-0.23481337206342145,-0.023559840760197348,-0.005310503140455458,-0.5394962710893461,0.7808303431508996,0.0006422131726026685,0.002065848740507204,0.003032572548330005,1.387666503860433e-05
-0.4683305144122109,-0.18934589096274462,-0.46802324545453927,-0.15152823224999484,-0.0859225932309785,-0.13298767143542123,-0.2626550762637088,-0.6460581086542577,1.0422533672721082,0.0005374339448747304,0.00416196877749432,0.0004519639911105601,1.7815090799201767e-05
-0.1283067555880893,-0.026848594236346335,-0.4552266212293223,-0.15944081099966034,-0.14991557084773027,-0.12950200370586462,-0.09100776959284283,-0.5060812471470703,0.9847690539878453,0.001720466489498507,0.0026783393342683444,0.0007057365337060064,1.0631570585983686e-05
-0.17493056188520884,0.0029991943241216568,-0.43634954374628565,-0.15038993230094716,-0.35783528433909595,-0.43537485079863625,-0.07258564245435924,-0.5822029726289529,1.006736922545667,9.559525506861511e-05,0.0006944644859374256,0.00022505566163401154,5.420694258534893e-07
-0.0639063100315247,-0.17481127733781654,-0.20325918295268436,-0.09474756810210766,-0.3921255313621483,-0.008181762216854238,0.010458814859855418,-0.3126931582120281,0.7679451419779988,0.0001621895090590773,6.726537170802483e-05,0.00021384641267582994,7.656035529416461e-08
-0.16060354254268322,0.0013108485468441566,-0.23669006178822705,-0.06935928286075993,-0.37104748615204575,-0.07972112999140507,-0.01807639806473709,-0.4269961807858961,0.8647864990309461,0.0003905751597736526,0.00014562883775366217,0.0011175552396344812,1.4226864274521798e-06
-0.07133970471631118,-0.104456118261601,-0.17630437914034824,-0.31258495690941485,-0.3055628657589585,-0.10952308234303287,-0.039508126329604445,-0.30558125174253176,0.7833014255860097,0.000510008393530231,0.0012421454302837655,0.0004328805079589854,1.990419365616957e-06
-0.3446220439696077,-0.29048235290297897,-0.4291171815822522,-0.2999770068970199,-0.20863833578642316,-0.27218242101142553,-0.16757848341323228,-0.44650483766165877,1.0577113686660733,0.003178693125967354,0.00204103732286485,0.003116701226989765,2.3983749880718932e-05
-0.11831748817746779,-0.4347542807395889,-0.04779058297273592,-0.46842799586941036,-0.4788248915229574,-0.02577589185560908,-0.06707928269333799,-0.4856812730960151,0.7710776515282347,0.00030802869868977326,0.00025525066715109446,9.726756608319089e-05,1.6949556170934189e-07
-0.19330552774582288,-0.20486505501008617,-0.2891964138336144,-0.12625071048922476,-0.23162418366184384,-0.4310609053313905,-0.038465952448217704,-0.3748049306343099,1.1493844502299948,9.82963728434264e-05,0.0013540888496879977,0.0009127550445101359,2.6763405610422396e-06
-0.33358282127782846,-0.29189723172558846,-0.2675945669322751,-0.40553708984697107,-0.07791774698901405,-0.4423087066685602,-0.2906037120569585,-0.4176544388039021,0.7867299500731845,0.0021484912968836715,0.0011383622891441298,0.002361639435118503,1.1489224375637185e-05
-0.10223854634237733,-0.09318274849932456,-0.23124032632696734,-0.36418223664919835,0.0018993369877533528,-0.27295297655234296,-0.37697073524630587,-0.4874309874798275,0.8555946418519205,0.0022700919739617174,0.00023916151502518108,0.0073215540306956865,5.8815669224910777e-05
-0.10936977925219876,-0.4983250369928843,-0.42027812829561495,-0.27222349198819057,-0.13392708049714652,0.00930583693822784,-0.00960811079578831,-0.45692262400923234,0.8437965945480277,6.792092061356268e-05,0.00028321323316551986,0.000206732317595985,1.2756123803566824e-07
-0.15401756026451302,-0.19282896874309569,-0.06860013447723645,-0.34020304239911103,-0.1398909411111111,-0.26182138533923605,-0.29501253782940573,-0.4171107322714834,0.6844313650522191,0.0002081627254082549,7.119273434042804e-05,0.00036899303599143837,1.845559862824381e-07
-0.34259536624415116,-0.32617266741061124,-0.4908671052537977,-0.3594686708572028,-0.16509766220659305,0.005280380715065647,-0.13652234720398101,-0.40603599704898663,0.9058836057641597,0.0007560060414388327,0.00011453727798054359,3.657482546104468e-05,5.860016405967122e-07
-0.0473598038290135,-0.251649148013798,-0.29974705398238777,-0.1920022073299698,-0.25013343287868606,-0.30035627644906193,-0.0620832997949605,-0.4413565515554759,0.9067755793642699,0.00023229634089904792,0.0005031490046798398,0.00044551798248881864,5.056067836263074e-07
-0.18748990215686484,-0.2291798957580608,-0.4127617662656914,-0.24546661942020565,-0.015104334842462486,-0.22386564371462947,-0.16661582176578058,-0.5473072650048628,0.9629221587138783,0.0007874919136748533,0.00019149028955311578,0.0005619213979014209,9.725677025159057e-07
-0.08352919457673885,-0.016823401325919474,-0.4932235906154102,-0.08138094775663435,-0.15856442266167775,-0.41015025688439943,-0.09791297287396043,-0.6364965007317681,1.0506467612450685,0.0002762510330038899,0.00016478453261294484,9.971225714110813e-05,1.1341110964835747e-07
-0.036826325568933616,-0.061118143728739416,-0.36585915593562,-0.42607824808712436,-0.39630963327042196,0.01378628234896817,-0.035172138746580206,-0.5059383829825598,0.9004208541734205,9.214029738285475e-05,0.00022504134998348982,8.604072049628702e-06,5.920747366002765e-08
-0.2568293935284938,-0.47516676258236384,-0.17694076899616196,-0.4929331524327609,-0.21759388565781324,-0.28384151680942954,-0.14331426358207017,-0.4950779761640173,0.8290401237491435,0.0012890759642824763,0.00016538322250989708,0.000557470742603633,1.9998420808376005e-06
-0.44034543226371525,-0.4315073192627085,-0.31510004413530657,-0.13524048833816793,-0.45000593962058294,-0.2797267674543946,-0.1532358722493689,-0.48088553458841976,0.7581178516548038,0.0010745397064821488,0.0007521816875244349,0.00021455963597121622,1.7664487092419498e-06
-0.062293104277765854,-0.44940601958618703,-0.4500971580016779,-0.3975684103790078,-0.14772763913329384,-0.25939111165591017,-0.02619019343621882,-0.5356880910684289,0.9719182742394455,0.00041536874878420174,0.0001054543978469443,9.890055842571918e-05,1.9343314794873393e-07
-0.3450827627173638,-0.1520133876819042,-0.29501123503220256,-0.15800461657605336,-0.49459343422851454,-0.3347524789743995,-0.18954758599674207,-0.5224296249447546,0.9962094512768558,0.0006727719595991071,0.0015071108511600117,0.0014683851770725094,4.880160255553342e-06
-0.057239171431943736,-0.28205006928797105,-0.32882842092744935,-0.41959302031131557,-0.13265778359096791,-0.31933317606058975,-0.14040048396170068,-0.46921962859771216,0.9438686922979534,0.0024404326725242535,0.0007989535804853076,0.002587809445429224,1.3290796178746873e-05
-0.11901239290036081,-0.002195254440857608,-0.3252066588966888,-0.24277849369549392,-0.02014974837721828,-0.362229015233717,-0.23261494981940514,-0.6469169614067677,1.103090749033787,0.0010539552521207443,0.0011927821576961984,9.083952175178327e-05,2.541802767903393e-06
-0.49349687296544126,-0.37320140047182815,-0.24991473002464232,-0.15147924948538993,-0.2735224520371419,-0.0008393111117963037,-0.17740598823795348,-0.5065477835243893,0.7909803824898346,0.00034410163198180215,0.0010678874016391171,0.0021710327939653204,5.972172828184952e-06
-0.3859027734945284,-0.29088880599236544,-0.03595518089683114,-0.15633511516746446,-0.41041868946584276,-0.23666540183902046,-0.1743405868655856,-0.5279329778922771,0.7826248093375111,0.0005303740935062115,0.0003594397720751498,9.555071338186986e-05,4.196235676397555e-07
-0.44738693613133346,-0.3400434993656383,-0.15125193321825053,-0.12924004287319774,-0.2411108000711789,-0.23644501587414413,-0.2034541764682209,-0.5082299799831811,0.7968527547764784,0.0008078178542035328,6.449773367182615e-05,0.0004943864411697456,9.011475964312883e-07
-0.17002261695485377,-0.010224170148077527,-0.23500640828003533,-0.022812463574097386,-0.2337533671561819,0.011204747154275663,-0.05310275618604433,-0.4091791222738895,0.8769593287519524,0.0003077767287022317,0.00041412823317214505,0.00047039317231913134,4.874984448053858e-07
-0.25804962560269634,-0.30710310185408984,-0.255444316655799,-0.4506101846683652,-0.11173088731518183,-0.2600552321996311,-0.18254903984756207,-0.39735124843003633,0.7440302633911459,0.0007121373363543377,0.001254278140701033,0.0014477940968201188,4.1764609868574755e-06
-0.18785104780768058,-0.4713545660275356,-0.476050916651046,-0.3577596296960681,-0.3563955102591716,-0.18670469607409657,-0.01008147702843499,-0.4455995385910708,0.8763064241155238,5.6721069678026594e-05,4.540229479586078e-05,0.00022362392366888018,5.528630735521495e-08
-0.21014168541653488,-0.20238954539343773,-0.07533223504067099,-0.36109382968862436,-0.41303588427707094,-0.00601335871975095,-0.17767281390717635,-0.3853200265512651,0.6613051632401284,5.594061252998521e-05,0.00029197858894173655,5.685092339333264e-05,9.161287602131204e-08
-0.2945788857241043,-0.26422140711624253,-0.1670156726549366,-0.3500136358869581,-0.03916325205248006,-0.4808167098525695,-0.25765925928736283,-0.5057307422287592,0.7578001298802702,0.0026349128108524274,0.0017118268362868714,0.0023351761715984516,1.5326164390627364e-05
-0.48465296834904775,-0.032925581819712335,-0.2990135908907597,-0.1628971569355302,-0.17907003881418104,-0.014993582972486263,-0.2564350662501555,-0.5750724553376055,0.9533158786051019,0.004626627873386703,0.00047370778822166065,0.00034602982825267963,2.1749821189461203e-05
-0.26455759311543103,-0.16208512737657865,-0.060829290880219045,-0.38830610402534094,-0.057687818637559785,-0.4313714353019187,-0.3644807005573248,-0.5156397731017784,0.7866032742710627,0.002819955042793169,0.003492082616206523,0.009764484057483577,0.00011549193635063734
-0.22719462073274527,-0.4910100332159606,-0.18575575132874766,-0.1691999694506569,-0.06156044829587082,-0.4512954017938947,-0.14178917110550374,-0.5145327769437225,0.9148161053641342,0.0009272395235928647,0.0005953987260338838,0.0016247755759213952,3.854168449186196e-06
-0.39112458778591463,-0.32415528206126343,-0.23247355664604535,-0.24605506547612,-0.11313298369635416,-0.22585314799613482,-0.27245895373036727,-0.5886197581188249,0.7213106460801116,8.34304087858441e-05,0.0004390066151633701,0.0002794175453994051,2.777616059444009e-07
-0.4764813151680749,-0.4289362862913275,0.015962502078213592,-0.40070006832489247,-0.2876861417124729,-0.04940375419723375,-0.23667921904250788,-0.4773446273009787,0.7594062671030198,0.0009954935624868165,0.0021999379327496955,0.0013961556775347564,7.779985016816232e-06
-0.3292388772373738,-0.04743295035800105,-0.4016899366860731,-0.2508592838572511,-0.1273840754153151,-0.09379353690664666,-0.21317503131883592,-0.5230511248371155,0.957388470010505,0.0005643417135006111,0.002145514147196065,0.0003667281998801966,5.056202098002635e-06
-0.016780934461494756,-0.3765313433793204,-0.11975180021630838,-0.4697268000823482,-0.19659728551360767,-0.359774923624963,-0.13368154797860768,-0.47029436435914446,0.8415747396989259,0.0005407821961081207,0.00036530908454423107,0.0007736161195828074,1.0243780113564269e-06
-0.04355447201140333,-0.04966191538043191,-0.3505460673225602,-0.26993519189297566,-0.26785781214773896,-0.3195547550799769,-0.08746035588468795,-0.4461843695462294,0.9844977333931041,0.002464272797690909,0.002781450632936404,0.008059636207199359,7.876684383730058e-05
-0.4030053652519202,-0.36924836883496814,-0.39881694175412064,-0.0037640371039452947,-0.39224316690400585,-0.41518781544662237,-0.12871644295400606,-0.3901804301481398,0.9299744099865846,0.0002239666524098004,6.026854967722449e-05,0.0006455135321564059,4.7048107966888764e-07
-0.11276063966189881,-0.03582172391638638,-0.24301175843512174,-0.0751619147668065,-0.142868695194381,-0.1717394101262859,-0.0892809311207489,-0.3966090485018802,1.0483382521147084,0.0037758931552528486,0.0031115911314022605,0.003908075957551719,3.92124261789003e-05
-0.02020232622923962,-0.2498765240579544,-0.42909094819348204,-0.46394692813190586,-0.19892472734347527,-0.2708888342928997,-0.12498728019509033,-0.5002066526077887,0.9357874724548437,0.0009150684090709544,0.0005781141144090278,0.0007686139512709081,1.7623335286468597e-06
-0.3752771019527878,-0.37971147611304296,-0.40836200913069254,-0.18850833861689764,-0.48530159361371833,-0.12193299244374822,-0.03221272678459192,-0.41045006633644643,0.8191909427132368,0.0008439428427368736,0.0006323294608363163,0.0006372023286368205,1.5181068764685283e-06
-0.1433220578616295,-0.21841278103390688,-0.3605751861035227,-0.12056626194864001,-0.20026888973778878,-0.04019228955274251,-0.041015429948477684,-0.471441690848485,0.9207847762071298,6.429717537853474e-05,0.0009917539960780134,0.00013562543511426672,1.0061043741483004e-06
-0.31369712061363497,-0.30994605172650835,-0.03181869220680561,-0.43590084210695756,-0.10511452210556782,-0.37794814610224736,-0.18900240035617608,-0.5935183739759718,0.7370518749277793,0.0009842234349230418,0.000524087910149431,0.0010554107503023059,2.3572557592701853e-06
-0.14624864364928564,-0.07359829695708353,-0.443594727966143,-0.05713230046444867,-0.10846775418362992,-0.05357978009137648,-0.12191864102330383,-0.5608479422596031,0.977814350260737,0.00015600614244683542,0.0007941281571436543,7.996591974381053e-05,6.613719947699923e-07
-0.3231903168507404,-0.42742190002826125,0.00897135611355826,-0.12910099293370442,-0.30342160624958775,-0.09752367060772626,-0.04056236285088902,-0.4797763707442181,0.715989116036721,0.0012204793382316762,0.0028898224498743364,0.00010281189733502927,9.85121389308177e-06
-0.37077596870860363,-0.14032906287990615,-0.15707643715152014,-0.12546710108315717,-0.1091216666872501,-0.03317306705052081,-0.2620981309683131,-0.541961641840293,0.8945309079053939,0.0009619375891727885,0.0009584683151769577,0.0009527178567201525,2.751656751175154e-06
-0.2973970337114543,-0.2937938616287236,-0.032395195901238016,-0.14414965392650297,-0.16694045641845806,-0.4355101464750172,-0.17765070751566533,-0.5292425080747144,0.8757424973278346,0.0024144908587272187,0.003244235688815221,0.0016240297362073483,1.8992303895545383e-05
-0.27283970789863465,-0.013246916924349872,-0.3713742819548016,-0.18032841017712758,-0.08688915827891708,-0.42045699561966743,-0.1898018299285587,-0.6755531255657097,0.989353330760828,0.0010852975515572843,0.001958738231787631,0.0003495870245807042,5.136737323837961e-06
-0.3550138940068086,-0.3253919584611036,-0.3130393172924343,-0.2844572700840821,-0.4565948579938601,-0.2846244076545388,-0.17280669684782227,-0.389612904013477,0.8040372951581999,0.0035787288145504815,0.0009894596489204354,0.0031939631375530898,2.3987730848983606e-05
-0.10105630733254095,-0.24957816742271632,-0.0894859326665593,-0.07659538784994585,-0.05929913502380135,-0.20227854951589236,-0.13741706005043836,-0.35984612314565906,0.9380463337217714,0.005712253707512185,0.0005138739463637639,0.004111614562040747,4.9799283158523676e-05
-0.15336151049513208,0.005349709412885484,0.012505097953702138,-0.49865643867974024,0.01763439189958238,-0.1078551897366068,-0.3984222717277118,-0.434757461052399,0.65256801931883,0.0006184492443494348,0.0020759264614281787,0.0011378565132353776,5.986667585806275e-06
-0.09356113845590758,-0.41321275598901425,-0.12626723145649432,-0.37632606194882,-0.044800931105884456,-0.07811268748515743,-0.15819897265126912,-0.4816074313337106,0.7777806783137062,0.00033992558189854035,5.449708648898828e-05,7.134069158284482e-05,1.236088279403681e-07
-0.29183759641619966,-0.223990897749409,-0.38630705795909004,-0.3337499888836562,-0.2645655486697801,-0.17200874216279294,-0.16701437559886775,-0.4681363950060176,0.9854960864524398,0.00011597903170246979,0.0008642642892483848,0.0008074301248552568,1.4123473039884332e-06
-0.3627959989276454,-0.303732031371747,-0.40928640220670043,-0.195334321616969,-0.07264492589386662,-0.3247568125016175,-0.26715474555976476,-0.45995869036106174,1.0983823954077687,0.0036085130120774955,0.008881085102216786,0.010242053416512291,0.00019679469693784066
-0.027594848850609588,-0.22533189651210755,-0.0760530896790475,-0.4619678465510971,-0.31440371271526246,-0.3119286171079858,-0.09004082780762276,-0.3149567025359431,0.8195499018643567,0.002451892432750635,0.0006140816732624871,0.003075213092789875,1.5845808369282948e-05
0.0011782708794955132,-0.03300206144989515,-0.045936191706642704,-0.1561279818924512,-0.11090651464512064,-0.41786803142749723,-0.4515025126149073,-0.48101659566615224,1.2580135029506476,0.008031177680644196,0.022507737608656347,0.00769082128117476,0.0006302467991771715
-0.20502736018692064,-0.34330738355463664,-0.049392033168455085,-0.4376372290135063,-0.4626091768963547,-0.17804507801037267,-0.0452043726762147,-0.4981481922256094,0.7876411025411695,0.000835016254954971,0.0003653601798456449,0.0003589918438372217,9.596153509975154e-07
0.006297478254531197,-0.18210796677412222,-0.4478499475810385,-0.18849294109854808,-0.053670902786576435,-0.2301136919381397,-0.14354904085064873,-0.5140565400815473,1.0065469805435139,0.0013118705465412803,0.0024862786078120908,0.0029455314627031214,1.6578741244320538e-05
-0.18454306819900007,-0.3502392239293872,-0.4941316637737176,-0.44168647299442243,-0.26466072154985176,-0.48537034595756184,-0.09737213463396957,-0.6090067140104104,0.9561572114852888,0.00012688137302557746,0.0001881015988200305,0.00020634354400422958,9.405875245173286e-08
-0.43924098045714766,-0.0726186675549842,-0.29669453397005807,-0.46543403515700715,-0.34446284033391816,-0.2256798619548721,-0.222704868816294,-0.6089639983476492,0.9466272068887847,0.0006896770356188928,0.0003805930700766192,0.0006629294308605339,1.059980928751481e-06
-0.2539408868651142,-0.4935536922555237,-0.3900468312312201,-0.26241070327827,-0.4395981863209569,-0.23269206868368525,0.005250926152827321,-0.5002860211615244,0.8000390999396044,8.134105833128293e-05,0.0007436082442540263,0.0004340537759312135,7.479722690931529e-07
-0.3182320287012337,-0.18640416662035963,-0.09414024281955419,-0.29438723527579413,-0.022905811304595736,-0.37449439644367155,-0.3232476822759349,-0.5727006626737634,0.8749302459185377,0.001501137705805454,0.002288132196241351,0.0002808421626480722,7.567835679587978e-06
-0.2701959247675544,-0.056399681039158656,-0.3837864598522185,-0.49376383553312814,-0.3487607294037282,-0.2752826591842382,-0.174369993524244,-0.5168169995402322,0.9974510400229788,0.0011107031077854314,0.0020571047678003373,0.0012868198912545643,7.121246851879505e-06
-0.21611709728516393,-0.3221213344885986,-0.3657805352024314,-0.25404436619514514,-0.3526869245459049,-0.11541627268395638,-0.008376050954319831,-0.3722363558217127,0.8519917515360866,0.0007219945707607366,0.0005066333098629244,0.0029638949818526234,9.562626934321805e-06
-0.03456475564576317,-0.3385531769136857,-0.46183631923553325,-0.28467246882454944,-0.3875312319891699,-0.17695432859348298,-0.03947255471784192,-0.5153963545560397,0.9266382358863953,0.00028343064972339557,0.001810887602047501,0.00026366664853909625,3.4291669420038124e-06
-0.41055896367350897,-0.17554917452552316,-0.341875100447666,-0.2697388634641801,-0.06039703920128825,-0.1753343499035706,-0.3051620755163302,-0.6379577341735589,1.0089780974597322,0.0026792233367407678,0.0017709923079262118,0.0012001254664274674,1.1754952578037894e-05
-0.2816546155845657,-0.4512809630819273,-0.19128083515858874,-0.15973190480643873,-0.4749674564891898,-0.2722894035134226,-0.015416739005015796,-0.5450277620448247,0.8064660306378408,0.0013951623463340868,0.009024414115366926,0.005818700240281336,0.00011724380058451233
-0.4170774552083003,-0.15851940271687748,-0.39821406114447855,-0.43562646973570696,-0.14929818293923702,-0.2656788688732653,-0.2132037238290661,-0.6129358328617938,0.990155095380566,0.0002839528271664351,0.0019827345974049297,0.0010328371027907744,5.078618172703539e-06
-0.272189261303587,-0.20574876048233914,-0.22135077116699203,-0.1774974540789812,-0.4028011213855942,-0.45181914156967107,-0.17919485651034447,-0.35267336199378313,0.9101723034888,0.0025338604625319877,0.0013009099194506452,0.0015644956576388756,1.0560462124878797e-05
-0.23256072839203917,-0.06312866941358147,-0.41315300361004814,-0.3808896885200148,-0.3833299802036021,-0.2365445035293826,-0.11679038969029826,-0.5574008840564068,0.9810175266917789,0.0021741235870133347,0.002332272772690325,0.0027329429783623225,1.7635286980820272e-05
-0.12223939436926567,-0.14834230419067573,-0.48093614352804526,-0.2975352236601713,-0.19298134033203634,-0.1863445809233984,-0.11203097609926012,-0.4989201781140537,0.9402069806916019,0.0010630932311950715,0.00023450278989387265,0.0016304274884412196,3.843452571745533e-06
-0.4154575988104627,-0.45470661062745393,-0.3758429454032369,-0.4335619011905524,-0.08750940148813374,-0.44914557936457966,-0.108578269958028,-0.4364578754393846,0.8095374808509613,0.0026213910028889,0.0004577531683997312,0.0015636093436630157,9.52610293279715e-06
-0.41576752391861727,-0.031869303069568644,-0.01919466176015666,-0.09212094478052862,-0.22233804093241388,-0.20477210564980952,-0.17132817795031144,-0.4787452813158965,0.8766241163654304,0.004383589212952914,0.0030608797265807876,0.004793499484539368,5.15624763967896e-05
-0.023012986687878434,-0.23992924229067336,-0.1721318570799461,-0.17511542246616718,-0.06744431851071075,-0.4539538621546966,-0.27190823080913695,-0.5170579973226991,1.0640826271051294,0.0030647120656164457,0.001085363678592346,0.000789833287217136,1.119431098153876e-05
-0.16824039812535624,-0.48903838660746163,-0.49650365408336056,-0.1317690574442394,-0.10530316184042082,-0.20932637625042594,-0.011700089457901297,-0.42812348209341317,0.8833030403156906,0.0007364148909428747,0.0009241998130797027,0.002716409691101025,8.77533379600653e-06
-0.24965412875656695,-0.4872016695609562,-0.18459011281837118,-0.41024538098276764,-0.25586001290802096,-0.29071447174665255,-0.10483503793947548,-0.543257358664859,0.8748619046052133,0.00011756180921911601,0.00040038197447132097,1.1156990642066494e-05,1.742509829086125e-07
-0.39051917139589226,-0.424714452431125,-0.27518617758366465,-0.4855111003954435,-0.05338530543396541,-0.05553246551385704,-0.17396634474190212,-0.40501895118707026,0.7502544808164259,0.0004583316574573031,0.00018885999872053283,0.0006209109688900242,6.312664386322267e-07
-0.030137885991562863,-0.020532206394449193,-0.17446653604418477,-0.3894869395825912,-0.49337573281159336,-0.23840760887071394,-0.0019794421288205958,-0.2678030609640873,0.8058814343386945,0.0003655164266354283,0.0001642110112711473,0.000895741532105334,9.62920406701436e-07
-0.02660439248353924,-0.2210383794432078,-0.3370416883655824,-0.04731650455248426,-0.15619410355750474,-0.06835416968757951,-0.04112030367619476,-0.44729107739061597,0.8878160032803634,0.00046227531812289565,0.0004157662883414294,0.001383191092752522,2.2997776753367502e-06
-0.45642541885140714,-0.31224142934859594,-0.48549012539621406,-0.2784925661292202,-0.21431388410628155,-0.013570413397868575,-0.22965030770009534,-0.4314974294391751,0.9211291861708021,0.0024813774514969057,0.00086369159710537,0.001428001140346019,8.942384488537239e-06
-0.032168920625312625,-0.2144732442191013,-0.48038065254064355,-0.18876822166684915,-0.4246419138258018,-0.21605342731820582,-0.053590027408286486,-0.546945232211862,0.9932848625691862,6.75134083217869e-05,0.00019110469504282195,0.0002874982401894434,1.237343028826611e-07
-0.38774405253373273,-0.07125466970447158,-0.016859624531976702,-0.376592299889993,-0.31686877281055825,-0.48621514138171884,-0.19626263407361402,-0.4894368899825807,0.8830134950388683,0.0003175569553822891,0.0005039226797025992,7.919291456488457e-05,3.6105200474759873e-07
-0.45240157744306436,0.00839872966853572,-0.20079377172017715,-0.2892341262512509,-0.26127016184187446,-0.37048984820431263,-0.19435699351986138,-0.5511174646853362,0.8899568213986649,2.703671059085056e-05,0.0003200256775940898,4.469177201513254e-05,1.0514477252498236e-07
-0.3017497736568234,-0.43945041832098025,-0.32618404433640225,-0.13720767673822443,-0.032426993497367385,-0.3201313332033162,-0.0939358666091216,-0.45825736733906264,0.8889838869629894,0.0017131897369055918,0.0006418730340494882,0.000524246445258695,3.621854401844924e-06
-0.09220679783737351,-0.3418686209144568,-0.38074529485283487,-0.3965709885469083,-0.4026400645682476,-0.23394946150922064,-0.0441962244705352,-0.48514497174281335,0.9431574512316643,0.0002609816522505831,0.00042470497924412066,0.000646944409803943,6.670228115827655e-07
-0.4549037358811902,-0.33022121319299497,-0.023144831042705094,-0.032693563093645905,-0.09219829446831562,-0.2816158075833275,-0.26141468801605916,-0.5939522911780699,0.8241102183842577,0.002227703293287713,0.004271188842018344,0.002459643800786796,2.9255563713855834e-05
-0.14235410145726557,-0.13445122800367776,-0.43730643454224744,-0.23690117438484792,-0.2361119052965222,-0.188159034155421,-0.05911609585057179,-0.5152208677899646,0.9456087105722815,0.0013486116171117317,0.001254712553523624,0.0024705788139959472,9.496816561944118e-06
-0.11875409306558671,-0.1036627496413508,-0.4318453005642454,-0.024926776663128758,-0.09931729932063976,-0.2961362492976385,-0.07446466559346031,-0.6293091777185705,0.9986680265868367,0.0003042081172457096,0.00016651340362434762,0.0004938512850785789,3.6415838395850837e-07
-0.2931017403380065,-0.3091592120531629,-0.44783845333119776,-0.02762444845201939,-0.2158095879082697,-0.10667802799039844,-0.0396020694086884,-0.3867744917462456,0.9472410631165297,0.00044183255386009995,0.0001313092227975402,0.0016240870065487543,2.8501167224827253e-06
-0.4589559359185309,-0.4678912730921644,-0.15908189061726724,-0.1709196088116533,-0.4443417091977212,-0.3683882857419951,-0.1581170461796954,-0.5616355662467746,0.8264627830326565,0.004688365591799494,0.0005180801634577768,0.00044394963623613866,2.2446270257652054e-05
-0.46807226497301113,-0.29689875961669043,-0.34266988440589324,-0.17382904963699902,-0.34773996428448406,-0.08511934179521635,-0.1923494850299244,-0.4427241384658291,0.8351071505746448,0.0003882194873077594,4.572858132783684e-05,0.0006090911635728292,5.237975190182591e-07
-0.25553655710124346,-0.4631794411907076,-0.2540591904710544,-0.17716876687445315,-0.10961421171809427,-0.3857151164241878,-0.11725001106528381,-0.5693665198591334,0.9120616421716329,0.0006795074338115414,0.0005811153793073845,0.00024151465844728928,8.577547669176227e-07
-0.09512076342090281,-0.15448297110491843,-0.4080435112790087,-0.395477761079788,0.0191358902109503,-0.17741773494802143,-0.25134496211276525,-0.5108491952888007,0.9144790144187428,0.0032280841703994883,0.00047637091806275293,0.008193182571468251,7.777569731217086e-05
-0.30615099626898534,-0.4987393398112798,-0.1691709385020061,-0.48852625168702796,-0.41583576610082534,-0.44166901044779705,-0.055475412626905966,-0.531192845649938,0.7833879134799839,0.0002202766275881812,0.0006735618953798993,0.0013532178245454643,2.3334059002369445e-06
-0.30683771464002313,-0.45385159497234195,-0.29783311161604775,0.00726628871076207,-0.11416639293977154,-0.2960158571857574,-0.025479926437751023,-0.4823802081949949,0.8603860035218004,0.00012610470130365063,0.0006999340374622445,0.0003488042027311987,6.274744243320287e-07
-0.4550683804834137,-0.461757800526919,-0.011959859228328373,-0.3358711539499669,-0.4232411395562893,-0.09368881476599938,-0.10513874393113017,-0.46883105040998024,0.7541512335282673,0.0012173105422926538,0.00014459853296241803,0.00011384899465410582,1.515715285695469e-06
-0.2776867638705155,-0.26781940034701934,-0.23498244371492993,-0.22739684468929594,-0.04354870479548506,-0.014863137713222452,-0.23427002109192713,-0.40193157203539165,0.6879930986132741,0.0013495455516125965,0.0008249379220080258,0.00031428213129564144,2.600569029095999e-06
-0.4669029901035424,-0.16612914671492512,-0.03587814301540243,-0.002245624193229545,-0.25734286348086716,-0.4651770773066032,-0.2054347357512862,-0.5209839037224049,0.949230768563832,0.001062150538505766,0.0006531636462910312,0.0009600072999359038,2.476400531214508e-06
-0.0561888394885115,-0.023282569587756152,-0.48334252644630277,-0.09128913499694702,-0.4212368903594944,-0.2236974318978316,-0.04310787544644166,-0.6022229791928525,1.0269972348273402,0.0007658443599020936,0.0019862185879362757,0.0005429684111317486,4.826396558144356e-06
-0.27649405478033906,-0.20862580635566091,-0.09101416405353835,-0.21308811952080048,-0.06571962107727158,-0.32929788839507823,-0.29876492504048385,-0.5175995685554307,0.8771649000938075,0.0016764634159889514,0.0016027568182487772,0.006370592247830918,4.596380459171567e-05
-0.4881010984766148,-0.21758094979918785,0.009699572857425176,-0.33875514915776145,-0.08912566937511768,-0.4662768625490997,-0.20710206927145222,-0.5825399441205676,0.8849590700943971,0.0005846008671532692,0.00015052033144972193,0.0008320702428535274,1.0567554330984163e-06
-0.45236595988869704,-0.2933916689775906,-0.47460128151949293,-0.13553608160999442,-0.4013866254276245,-0.3958472735631579,-0.22635602115727485,-0.510352341735198,1.045008661765683,0.0024042029223067403,0.0026306709018465374,0.003438449517001188,2.452355616641605e-05
-0.04012955068920793,-0.44812326913975,-0.07675426344641201,-0.34102833344446526,0.006078721833087775,-0.41869776568584527,-0.1437031134163176,-0.5128823861923214,0.854680795336001,0.002292929728497136,0.0018245602939888773,0.00047716123111760973,8.814229846708402e-06
-0.3893568879235453,-0.3574857971431069,-0.11842774975642273,-0.4119790175066508,-0.36686184758374285,-0.4987824715356873,-0.1963031250624942,-0.5225060070502793,0.8222093188294649,0.0011843269774364027,0.0003377584855270935,0.0001791662073707769,1.5488117138928294e-06
-0.267797242651404,-0.46896166071530104,-0.09540391904242596,-0.40139836426016173,-0.2058375146719989,-0.24935904200311249,-0.1510408813097617,-0.504137666541166,0.8374241203144951,0.0024375071172574197,0.0011098870336054966,0.0009424565398211193,8.061514503497784e-06
-0.31831100284379144,-0.27022258511491704,-0.33660672247912093,-0.37004929334051756,0.012673170877702589,-0.05960247691006232,-0.24281101369708713,-0.37365023397427427,0.8891942071511595,0.00115425594497091,0.00048725605249978895,0.0009431226197040013,2.4592055229957038e-06
-0.0989221270216617,-0.1694632855579139,-0.1680551006245845,-0.03978558106243646,-0.10812252579476933,-0.05404653839855861,0.012774027687998561,-0.27511066705061626,0.7748295795182175,0.00011371024478787006,0.0006568204495061993,0.0006199860822366116,8.287258648263458e-07
-0.24656791459005473,-0.10901014713430862,-0.46255039994267266,-0.24195467552507682,-0.29347490091411366,0.0012041594552575363,-0.10451800354487577,-0.5604048000074183,0.9855271693140737,0.00031102091519726196,0.0001797092730135927,0.0001803998083587694,1.6157352335309712e-07
-0.06680058041256537,-0.19091258451113108,-0.07048813507918278,-0.47925517132316114,-0.41786265484072904,-0.43665581408071436,-0.08527242462204575,-0.24741446542637463,0.8309542767996415,0.00036885077266019054,0.00020217218593422546,0.0009445119948543733,1.0690273936812303e-06
-0.26909187523973027,-0.32332466311329466,-0.2994926625916959,-0.48141895250017086,-0.4553905407849264,-0.4116233762239309,-0.04212948833787644,-0.3648250812838697,0.8432631869328019,0.00022965150414319883,2.262042885582478e-05,0.0001881130530151013,8.863801787151744e-08
-0.24647631221190547,-0.12197597965251616,-0.4664044894238249,-0.3763518205155506,-0.03634665474597054,-0.40805738677697967,-0.12032615960274277,-0.6156367422682822,1.0175869884739845,0.00023153885035199367,0.0001069137862457781,0.00026719877608270695,1.3643598285182742e-07
-0.19694779469579926,0.013654401983732023,-0.04164727371150395,-0.2702028184022029,-0.4101411946584783,-0.33566025928470045,-0.17490333027311505,-0.26939806574908115,0.8617998756023418,0.010056970491632912,0.0013615197575073668,0.01175365544901627,0.00024114480793384786
-0.13584082678503018,-0.26404607561867477,-0.15903422326324962,-0.3238282648432331,-0.4830187577990094,-0.08191345831173952,0.022845307728057266,-0.3635306913898066,0.719567362189998,0.00012095025945645323,0.002297199528931009,0.0001841701530242856,5.325673286248419e-06
-0.20936449111185151,-0.42161776601797024,-0.30062040056228395,-0.10147734041283452,-0.47002629686079095,-0.13359384040980127,0.02972179376716381,-0.5199931546227956,0.7300003408129275,0.00020394986091946948,0.0005674393228245506,0.0004407111449336481,5.578092441253825e-07
-0.38853147289491946,-0.1079918780915689,-0.4176174249281591,-0.39666126165082694,-0.1298398409018292,-0.17052402064077693,-0.23517939117325298,-0.5818609548417355,0.9718889136104222,0.00016165482096784433,0.0005592209133577515,0.0006594814864525891,7.737761420525398e-07
-0.1997383583641737,-0.18905638765337018,-0.21749500285171408,-0.3314572373893411,-0.08364945919298594,-0.4501299542276755,-0.3146284301800634,-0.32718066793415623,0.9480514871870979,0.0011733306392543194,0.000821559003671877,0.005501924546371431,3.232283769949176e-05
-0.07936217162747267,-0.2659478912220672,-0.00852565724987786,-0.41486031260035916,-0.16977011116143897,-0.32444851449930806,-0.23675360673608012,-0.44876447682074766,0.7492797495845334,0.005772075359320828,0.003645589662195679,0.0017795012106342804,4.9773802497435534e-05
-0.3568095872231387,-0.3202891040913304,-0.2926791543208276,-0.18026297693057708,-0.1633753070970433,-0.26861720549000756,-0.21896281978821083,-0.4219048332239751,0.7894133181760224,0.0025236604590153453,0.0011050935362702371,0.0025810359765532113,1.425184054856579e-05
-0.4504707402326879,-0.15543884173153205,-0.03170535277711961,-0.2348988505529621,-0.3216508892875797,-0.20603169887099138,-0.1897109121881356,-0.5327063316726702,0.8418169014313794,0.00016694995848137224,0.00018506637912509084,0.0001088787785155474,7.397644173044139e-08
-0.3272620695397426,-0.41185547376515047,-0.31930783832145176,-0.17859920553969877,-0.002730214302075429,-0.3429358691476606,-0.1368346337870557,-0.4365337170949539,0.8780607798871646,0.0007519124034900092,0.000318125031521082,0.0009895135307711825,1.6457128257816634e-06
-0.336519338279192,-0.11666918731572179,-0.26121586120188,-0.11041421682076674,-0.4940635901916134,-0.35565469756385887,-0.17162894822967656,-0.5178048017240843,0.9731493402467724,0.0014446273674695736,0.0014783827290285024,0.002677779152798,1.1443064915491408e-05
-0.00680741139936375,-0.4695929042335503,-0.10317904262855893,-0.07492576589088784,-0.09211164074765998,-0.19646841393987569,-0.0456639223817455,-0.5123884231329154,0.8569955163944147,3.7784114726750794e-05,0.00019131220591237893,5.2275339668300116e-05,4.0760710594180884e-08
-0.25297542231451936,-0.006938472712416488,-0.4727518872143829,-0.06095054772637576,-0.12988366944111807,-0.24751418024061222,-0.18375792546268327,-0.6712810015146278,1.0085471750365573,0.0005145382858697601,0.00011162263188841663,0.0015445926454369804,2.662975699913498e-06
-0.33540910862735507,-0.3663425115540089,-0.13977893590793045,-0.08958506537127586,-0.3110987010672953,-0.39065721571771883,-0.13585753244917737,-0.521450634891237,0.8210753466679876,0.0001770799326801729,0.0005836783203347384,0.00044382347434469377,5.69016960566191e-07
-0.2993146556126485,-0.11482912699137737,-0.0957541129569412,-0.38931838324984264,-0.13568441065288206,-0.23493751202560026,-0.36330107972855036,-0.648584460169385,0.7693666230996272,0.0034652673692034948,0.004411872860649966,0.0008778332070856245,3.2243291218068455e-05
-0.09395096653985074,-0.3789660126363903,-0.4315405004186761,-0.3700365551679655,-0.0908777622789359,-0.38254062421803103,-0.03369751500157356,-0.5704069877610848,1.000382425040484,0.00060651942417835,0.0002548239839590394,9.703443685758662e-05,4.42216756642663e-07
-0.02659906919210875,-0.47002599352427527,-0.15371245881503587,-0.08282712094158456,-0.23200651337321576,-0.48103216695973156,-0.0536966491664007,-0.5161240056013391,0.9239715977213113,0.00019006613457907143,0.0002468728192975473,0.00045195390345779973,3.013336552724914e-07
-0.25477943952349025,-0.18732480299819915,-0.021793201464940737,-0.21047737798809119,-0.3622065110042286,-0.22480537573350257,-0.06494024276559476,-0.42828573146949955,0.755699372120302,0.0024713511564287993,0.0003406797143927655,0.0010660854703690075,7.36017743631261e-06
-0.3994784465681032,-0.22337791582866995,-0.18126669909878973,-0.02458849153367637,0.0059213001200917326,-0.07807758351786676,-0.2386554167813998,-0.5799505947880764,0.8120873027730894,0.0009183850183739674,0.0052108514785364456,0.0008423648880363614,2.8705982777935716e-05
-0.3329455521913405,-0.15233872042449692,-0.1918896886527962,-0.1619002074637121,-0.007360854053076404,-0.36155277405617403,-0.34197267850769825,-0.6041949978588942,0.9326323596450448,0.0015329633500903753,0.0006759118122165764,0.0003578617771540004,2.9348984621620215e-06
-0.07069450436127461,-0.44964441471763694,-0.2773639210190028,-0.2988437888356642,-0.15530261669305828,-0.30165870998640787,-0.10264772079635213,-0.5850778816071391,0.8575493511317216,0.0003897219625211706,0.0006957583279391451,0.00013141263651496315,6.532321400038417e-07
-0.0624417341407843,-0.4692855580479028,-0.2163953538297188,-0.062544792608214,-0.07856245184183036,-0.09834585373147436,-0.08613179324556673,-0.5629220782266346,0.8835271419777377,4.6324367470404555e-05,0.0004121585477605637,0.00023527866806647102,2.2737666716076264e-07
-0.42878094562924984,-0.017756865045025993,-0.4219574779978698,-0.38056424041995823,0.01742386812426233,-0.15011175093355833,-0.2574490316855711,-0.5954644142935109,0.9924166899803156,0.0012968351981080535,0.0019431065803647914,0.002212013333876081,1.0350447702954485e-05
-0.2970156369622512,-0.4830300881126367,-0.4086441523474438,0.007792208821278512,-0.3149204260643462,-0.15746422284377665,0.013498834770002976,-0.4775490858891995,0.7719992533498788,5.039238089139517e-05,0.0006418607861924268,0.00023951928921757445,4.7189415081075584e-07
-0.4280070411374032,-0.011864920398350909,-0.10991059743057935,-0.23283165492114732,-0.43044767013459984,-0.047042223155244534,-0.1471025634977865,-0.47265855400518736,0.804664990350569,2.8122693186145653e-05,0.00025786834244833696,0.0005595039747039814,3.803316656186483e-07
-0.23921865998451114,-0.12121260258252281,-0.28552154730442103,-0.30675197043418545,-0.3037749954916177,-0.22229823024454431,-0.1321922700396097,-0.3899220762485433,0.8948420602309588,0.00392594610835131,0.00011874097870623204,0.0006175043408354403,1.5808463876653532e-05
-0.14372973030824177,-0.27359437170547596,-0.08761625232264125,-0.45649757224636844,-0.2289999438606195,-0.3337297795561488,-0.17408202711700088,-0.408598136664774,0.7836410441421844,0.0035962660838340468,0.0014579806500915834,0.002657213973859218,2.2119623424649245e-05
-0.4045611567991013,-0.29983656950469884,-0.09791839478655062,-0.02660925281387344,-0.47069584423297783,-0.20820328384059256,-0.06774196937256395,-0.4695259394466067,0.9749593439273764,0.0006223275286540414,0.00027413186925052664,0.0006235526228933586,8.512577081766218e-07
-0.26102621693124806,-0.2146422486566637,-0.1739222271928093,-0.4962557450395605,-0.2901362477893476,-0.2348229555605088,-0.27080355576862913,-0.39008646355952514,0.7020592248097509,0.002869088165795987,0.0008304859504220534,0.0010698900120942154,1.0066038454937956e-05
-0.1592035827210695,-0.4560830541149608,-0.3772361307532789,-0.4157386771126197,-0.010698758295439093,-0.4538516148409473,0.0004347739400825883,-0.5648547849460789,0.8627440385722626,0.00014764961437685716,0.00012729680393367616,0.0001944481170223175,7.58149551308883e-08
-0.24924643442615824,-0.3492042040586606,-0.2273260995692456,-0.3546290536255138,-0.09598537035078147,-0.2884033986165603,-0.16694932407852875,-0.4914883659359519,0.7468175810280528,0.011061449733030342,0.005049270397753737,0.007979478460784692,0.00021152287825211604
-0.3549926084201353,-0.22995832324109838,-0.37057099454410797,-0.47464863412254976,-0.18653932148774177,-0.09508087905147933,-0.2629959191909132,-0.48745837173803735,0.9650061986154892,0.00012883892300932423,0.0006089033715341312,7.977982557661057e-05,3.9372760451686904e-07
-0.46288961032757847,-0.39241635295463445,-0.07912383948629342,-0.09847873775448873,-0.4933884588326568,-0.10519447004473675,0.009646312670197773,-0.4550767969254229,0.7702479789987909,0.0002859765205528716,0.0015873282836199795,0.001143253500349445,3.908422216348735e-06
-0.11463334675654657,-0.09011165482954059,-0.45192201422552597,-0.45899786498379175,-0.2758880705474408,-0.27852370512441216,-0.10556571868300005,-0.5146492913140984,0.9826195246651802,0.00019782336139588885,0.0005136189525361488,0.0003188981558798585,4.046345445418736e-07
-0.18877532682055587,-0.44662688933726646,-0.42599911305084903,-0.28752296702173064,0.01436315391878773,-0.00019468067562067315,-0.02673334698209053,-0.4382568895103963,0.8677364780520526,0.0011392672663398141,0.001690583019508864,0.001994550323843792,8.134231844350474e-06
-0.1090821657254506,-0.422494888540228,-0.06063645029668252,-0.07900296390223221,-0.4136072011845574,-0.43862891714051144,-0.036087479981174925,-0.5226706547777973,0.8809826055976766,6.312754479865436e-05,1.2466483160518763e-05,0.00041243109194427836,1.7423990571704735e-07
-0.49227686923261715,-0.10471070562897766,-0.40947140288641887,-0.3285532785160371,-0.48365197511472363,-0.34271610202912517,-0.22733414706271224,-0.5973722175369283,0.989355816665613,0.0045798789717482165,0.0027849654911857717,0.001311692454108848,3.0451861277123192e-05
-0.3361223637365185,-0.1300237618965454,-0.2521141294157151,-0.34428687161565985,0.004595729323949027,-0.45488284781701877,-0.366562117315301,-0.6804566512592565,0.9822077805012773,0.00034700558363622903,0.001053323438739113,0.00042327905261923865,1.4090682980581505e-06
-0.38029911631877383,0.012774739331176899,-0.4154434886133975,-0.1787720383927907,-0.11902814908385417,-0.27336678045311374,-0.1770144880638335,-0.665838531398163,0.9692192704220057,0.00021556310971972516,0.0013971139821844255,0.0005921510274431848,2.34903777278928e-06
-0.49319902141929295,0.018850558764333947,-0.2879341171081049,-0.2646109788133406,-0.4823554453382165,-0.40470347761683434,-0.2121856765397066,-0.6101794106466103,0.9015841455509999,0.0005319176722860085,0.0003287784946636602,0.002186991107080692,5.1739618110934985e-06
-0.21454309366458274,-0.05853678554297487,-0.061506243889733914,-0.07287596580210809,-0.3610483185136629,-0.16429530713918944,-0.07036116092365866,-0.4092830005956373,0.742066484992313,0.0001762388617091527,0.00025453526187533523,0.0002512049155734307,1.5895224552273783e-07
-0.20861211809125013,-0.3298463861971641,-0.11341665011961072,-0.2609758940749648,-0.35331988948175685,-0.475106595987591,-0.08001331828804235,-0.45520118558209055,0.8608497184561945,0.00040908227514324625,0.0005003215283098728,0.000504526036954082,6.722164614912929e-07
-0.42689939371191127,-0.12102124244838203,-0.27777865308520167,-0.4989349911023953,-0.20300417805349452,-0.1257316282502547,-0.2692928774712878,-0.5947566015013692,0.9408200030786251,0.001034329664321865,2.1994992544271446e-05,0.00045602654987085913,1.2782818483803238e-06
-0.23145444533735193,-0.24849195396402274,-0.380752169320861,-0.17958681009639116,-0.015734316265091197,-0.16351955021576098,-0.11413526349289944,-0.4489462209641266,1.0192466191801186,0.004661419677358455,0.006103004763664067,0.005733711421000684,9.185094721308462e-05
-0.14560786374879053,-0.4469416602369482,-0.02279806107604848,-0.35814847668372807,0.010786123646564394,-0.03792871194199987,-0.21866445620476666,-0.4888727811221562,0.7887754351816382,0.0004846943872498571,0.0004250011954418225,0.0008942350399184835,1.2152109717765042e-06
-0.13022280397218933,-0.4379265196567088,-0.0795768825514549,-0.11214797127917225,-0.4612412965483631,-0.15806123745412387,-0.010259701181902071,-0.519668061071934,0.7996682918272419,0.0003491700876638317,5.584538399546598e-05,0.0013197066024099016,1.8666639734770552e-06
-0.4180932945108746,-0.25788873887544667,-0.19825359151585525,-0.2336223054722344,0.008849911439945846,-0.11082327366775802,-0.242680443247017,-0.7127400838556689,0.7665036051421666,0.002139525494802027,0.002431689804507502,0.0013271802044418275,1.2252091943315843e-05
-0.275835362890163,-0.10680170143135498,-0.3467384803701413,-0.4889898687449912,-0.25926116590728365,-0.04449545569204982,-0.19431408653401017,-0.49807720551953694,0.9100977846520462,0.0003571789713800852,0.0001595588726683693,0.00021566673332989309,1.9954799130852392e-07
-0.3897055362112752,0.004274703222677534,0.011362487466359705,-0.12020318362271376,-0.4979842722452142,-0.3630375717168342,-0.15371991446162342,-0.48775330272948386,0.9344400288809749,0.00022440808332289724,0.00026935710754745864,6.04748583607626e-05,1.2656944774074387e-07
-0.2563422276700446,-0.11579891663072783,-0.4153558221448973,-0.18575442449452095,-0.43534533824059496,-0.43792729313542567,-0.148476318138838,-0.576530261354519,1.0252497947395949,0.0005771888741680095,0.001223979052378563,0.0004232430248073683,2.01040637517295e-06
-0.40611170005173464,-0.19103654365924055,-0.1587399694206682,-0.36641210698321125,-0.06777300572407485,-0.20004175790607742,-0.27387379292105585,-0.693538177812853,0.8287021200245239,0.0005178344973490924,0.00020876415332947822,0.0003795083298490511,4.557616107849771e-07
-0.262280898787121,-0.06906894707308409,-0.48743453504630807,-0.49685181062399214,-0.3819108447229785,-0.30523567341531743,-0.11554358909002473,-0.606777857974004,0.9897897041429513,5.603847604434924e-05,3.922379026406127e-05,4.115222809725451e-05,6.372322397420635e-09
-0.2786537980497803,-0.18274670114919095,-0.10683601152576983,-0.3916325371825069,-0.03634048039685139,-0.422648261939737,-0.34607707794782405,-0.5435723358508107,0.7714213604082267,0.0029560134799062753,0.009903159318380591,0.01157663474556627,0.0002408290522108682
-0.14135524077900385,-0.17676002433557958,-0.41817804299904726,-0.12606337123077677,-0.4559499206072344,-0.25235091625937434,-0.042686062965375374,-0.511059338113186,0.9953422478538775,0.00016971348244624115,0.0013848008202933424,0.0008421733947123675,2.655732004770498e-06
-0.19519398204760807,-0.4635015238648599,-0.1850123990370276,-0.1346206868136856,-0.09568695665316929,-0.2299953688853863,-0.10749438220349518,-0.5118472337883742,0.8705130444297826,0.0019399098088074224,0.0010227732399288366,0.0008130579164353301,5.4703783420999395e-06
0.009180912788062878,-0.34480689750040644,-0.14533319160092073,-0.2627027659616794,-0.423114991675946,-0.3950370788589157,-0.08630528760980463,-0.4451339692200703,0.8642192135928608,8.452842515167804e-05,9.316827132631993e-05,0.0007762936023312942,6.18457138461055e-07
-0.2559913854569492,0.00035012951698387695,-0.3414207921354059,-0.4389372156067726,-0.09888602877355873,-0.39345081267778015,-0.24310138548350205,-0.5756259295937483,1.033704243342814,0.001346449623770329,0.0029534236959290025,0.0009669991839246432,1.1470725538737115e-05
-0.4789711898196764,-0.32324682272030975,-0.15466070758221362,-0.2115682549203356,-0.42450772753872335,-0.17100906560400964,-0.16409280158875603,-0.5255564978969376,0.827688201778911,0.0013913010569536225,0.0001636994967083572,9.676506393960846e-05,1.9718796339020726e-06
-0.20275645443031742,-0.1571787972002125,-0.2766186657350199,-0.22728618439533327,-0.2844565601136416,-0.2738908275104991,-0.07337534702099814,-0.37216217776066324,0.9360801818183411,0.0011245117329386478,0.00033208003582669844,0.0008954918425664402,2.1767094278143805e-06
-0.3340518277296574,-0.005006360095887896,-0.48734495642333425,0.007555828204972914,-0.080418476739267,-0.09393290978418944,-0.20486007283864405,-0.6191359615040223,0.9891161401450638,4.029338229406072e-05,0.0004699550991734971,0.0001735260887109518,2.525926553591879e-07
-0.35919483669367247,-0.3256430521335578,-0.3923196228738827,-0.24358377461983172,-0.238829381505184,-0.3351413796184049,-0.1666873186321164,-0.36858234485620656,0.9688978549403383,0.0009321161729928804,0.00021613411756095887,0.0014856025507816693,3.1225694556177503e-06
-0.014448635093315954,-0.3993916582348063,0.016367197238190356,-0.4515438949021321,-0.46917047818454954,0.016272744477635936,-0.048984993136866765,-0.47980387967467897,0.7779330198572852,0.000989737379694886,0.00014176170391047208,3.529701326790384e-05,1.0009223406065334e-06
-0.20598762131392173,-0.4427762037403365,-0.4304808089261062,0.0019460319567951023,-0.3854632582668254,-0.06966404291917871,0.00896492640634266,-0.43042844078430437,0.799613331700246,0.0003222233655830457,0.000313570755712062,0.00039529578804486725,3.584132762115114e-07
-0.3644919864817381,-0.10698101264939464,-0.08171261936194335,-0.35039458453399996,-0.4428325127300921,-0.3244013531159743,-0.18633141099070893,-0.4669109918991936,0.8760399212378903,0.0001232600356932504,3.0424764836075274e-05,0.00011183490172517195,2.8625747958310716e-08
-0.3398334251322223,-0.4285439667722599,-0.11018929273938394,-0.1830763614340501,-0.46890104664891014,-0.3947302147817047,-0.07834326379784065,-0.5144586134378067,0.7649308747351898,0.00019962658352716436,3.6815907006953666e-05,1.9211113378524833e-05,4.1575250736715145e-08
-0.2836795675793802,-0.11571759994721897,-0.10783891166822035,-0.46676404286641315,-0.2609350201799754,-0.02303752767550349,-0.21777409922794655,-0.4643949798100512,0.7519024230865768,0.0005813643321951688,0.0003447819240781601,2.7141160851264803e-05,4.5759570453212685e-07
-0.18896876636563303,-0.19607920899795128,-0.15572332343915618,-0.16853364748907784,-0.49309479400589656,-0.49368952038791736,-0.06149679664090584,-0.29639537036371594,0.8202876486103767,0.0010893168324715493,0.0001592899809365324,0.006364800373169353,4.172266824982935e-05
-0.2950160381410053,-0.2492764378808519,-0.3821617403985768,-0.4208714818442026,-0.147512717881781,-0.2207273895074251,-0.18675191928754367,-0.4278633186664739,0.9673623383781766,0.0046630391845416275,0.0008141210289536289,0.00209156848311742,2.678138620592529e-05
-0.09269786354470438,-0.04458148637756387,-0.06744370749592798,-0.283452859415269,-0.43877822559639607,-0.21432520928241794,0.017342381677436614,-0.219071335199471,0.7195542165137201,0.0005343028005460129,0.00020149058537471465,1.0330167701601325e-05,3.2618465103070077e-07
-0.18510205195916518,-0.4412444692084049,-0.26698763346220333,0.01757174402930395,-0.35432068196039607,-0.4668748207303752,-0.03671224818236048,-0.5839006992498015,0.9110179141980109,0.0003207843122551364,0.00048120199880156387,0.00034559896744989284,4.538965849420532e-07
-0.05368588822744769,-0.4072087844708837,-0.07106210001874552,-0.4253217402907532,-0.25620859463515083,-0.48985049541225034,-0.10203202398231899,-0.4881212604518051,0.8689087083707681,0.00020166795393672005,0.00019921444472586835,0.00028424915484665317,1.611539406634957e-07
0.0025148645548596082,-0.46707180389908776,-0.03755533526986499,-0.04549958745468463,-0.4945710736586426,-0.2820171853958604,-0.017265067362658055,-0.5233869781388386,0.8186922277092439,0.00020453951634936667,0.0001133410578297049,0.00043500302077262775,2.439102372197005e-07
-0.2253418634554472,-0.05567153830039423,-0.2056056020610204,-0.14860607868850134,-0.43082814942624414,-0.4052651554294079,-0.10037770360621175,-0.3389216322785107,0.9443738370449039,0.0020402616331652986,0.0009437395604064044,0.004635209660749597,2.6538480488748797e-05
-0.07619927050963787,-0.47982513741486876,0.004512819684513891,-0.03248672512608558,-0.3012828376599894,-0.44287430953587015,-0.044315017526680614,-0.5249086338680896,0.9015472378422945,0.0001935623745036231,8.431187002906163e-05,0.0002608308572058494,1.1260762032201639e-07
-0.4641024892091012,-0.14806613229960247,-0.13265859242731504,-0.398813515114125,-0.2155764434739888,-0.3610236978590085,-0.22272063242486378,-0.5566061420486436,0.8763252334931065,0.0005264478776999341,0.00025160652307674373,0.00010571769028983861,3.5162944042975086e-07
-0.05634627111426427,-0.4920566394440998,0.00024803941177176103,-0.3816611510412937,-0.0024888287850931,-0.32051683115502505,-0.13187983931982722,-0.5154247331483469,0.8513508919112074,0.003176865913796969,0.0030666282167160492,0.0005551776675029686,1.9804907896298145e-05
-0.49078711019236143,-0.46659840205992203,-0.058898581454718935,-0.4991857997200598,-0.2928074633858294,-0.10310728148945375,-0.17253699213973211,-0.4672540185545726,0.7530767608915443,0.0015980450600850099,0.00249721851012913,0.003002460211479771,1.78046156229128e-05
-0.0006879131173142539,-0.0622384775598922,-0.37033102222709574,-0.26711126037258337,-0.021604415408347066,-0.2903860472186868,-0.23832234393183932,-0.5579452273906892,1.0495510133079675,0.0022909599894947764,0.0004384698948313468,0.0009717441019414079,6.385040121797238e-06
-0.42239694357818475,-0.1505544307948654,-0.3597103063575892,-0.008224886350652327,-0.0370675142571214,-0.2631452823522808,-0.28167689019607367,-0.6887200473762977,0.924138636650399,0.0015167952144347007,0.0019347620959792677,0.0012132802311687991,7.516021009915114e-06
-0.07754415995417219,-0.2901532841799339,-0.2024339193117169,-0.07030405922257449,-0.005901976058951652,-0.4757540457549723,-0.1957553694808169,-0.5447506917284496,1.0719308484486558,0.0004795486237574879,0.00036412174350708583,0.00041736224344942436,5.367427688994772e-07
-0.15082351474270467,-0.21810492382472652,0.015703669424682265,-0.1280339461371598,-0.49311745820497915,-0.3905754000260717,-0.02159146906120159,-0.3913270592677832,0.7522181523664709,0.0001273455219809804,0.000674809031826922,0.0011815362782568813,1.8676120882409185e-06
-0.07017576722984287,-0.349379014240703,-0.2112063845216705,-0.05835766446779267,-0.3995781454328134,-0.2325404927436962,0.027814147820710292,-0.5623385939805918,0.7871512508349104,0.0003285392863903463,0.00021174048339273974,0.00039757649197828603,3.1083916198302925e-07
-0.1622639780237548,-0.2904436027011753,-0.3492226832015102,-0.03569005482648646,-0.4254846949458676,-0.2073295202346505,-0.01493917561824165,-0.35295987154705577,0.8715322125082665,0.0002884995170441362,9.310123552761323e-05,0.0009591233759298844,1.011817461646606e-06
-0.1942513190245394,-0.31538453023917146,-0.32725837339756136,-0.18965329431492034,-0.4427006658423154,-0.1145096682882511,0.005928559952198596,-0.3683054804109477,0.7914346377165237,0.0002594803150498752,0.00012557964604714358,0.0007988432454807797,7.212508122499738e-07
-0.24693756258542704,-0.2745214649269204,-0.2996387844709264,0.003928921804276619,-0.31727462981685234,-0.03084667067000313,-0.005313371358259126,-0.35959468168687087,0.8257238333718323,0.00024479007248996183,0.00023292490847961236,0.0008080717383792773,7.671561269471837e-07
-0.08058602030024364,-0.35218273964324986,-0.09973086717107182,-0.15960145017678984,-0.2669934117543755,-0.4125529728176531,-0.041295870204280646,-0.45997311148879905,0.9183659970630266,1.032714285506947e-05,0.0005363457563781324,4.835661965657446e-05,2.9011178292899053e-07
-0.009802054990195486,-0.4522114549768842,-0.1878479867418843,-0.1265539963822872,-0.25346829193696985,-0.2340183211818233,-0.03656393863053484,-0.5245005635725195,0.8752662585917929,0.0003274963193847764,0.00020725603252965582,0.000550944079801411,4.537482812987326e-07
-0.48532288187488815,-0.44467351896371876,-0.21712380732946507,-0.10381702063776838,-0.06537123999489036,-0.26670074538606703,-0.25098481272571666,-0.5610478789724216,0.7622553619469443,0.0002664636667366249,0.0015035977691587072,0.0005793688154731637,2.667477361452546e-06
-0.4710398066112121,-0.2644625908251831,-0.43692813191659113,-0.36516353647366573,-0.4815989658856237,-0.3687362458884851,-0.25154343069939844,-0.566443756738386,1.0123109423861596,3.8373756709266875e-05,0.00011343495966456671,2.3662988669230968e-05,1.489997231084403e-08
-0.11181112096710905,-0.029604086129309093,-0.07127439945438363,-0.22118856660794667,-0.20164951802872366,-0.0835961966202105,-0.18366052657185525,-0.2108724874009309,0.7231410614052669,0.00045292233697315925,0.0003290728800450489,0.0004849348158376864,5.485893793219019e-07
-0.20334874472354914,-0.4663306403657775,-0.32627866261484123,-0.18672011362956398,-0.48030378066010665,-0.26500980906167504,0.015158956562576285,-0.5170315621503982,0.780437873352061,8.468954800502385e-05,3.2127558104553355e-05,4.6773653210810184e-05,1.0392274165741831e-08
-0.10358774138486837,0.014752062808928046,-0.2819484908958938,-0.2645691912197883,-0.4438436473312638,-0.14270584001529302,-0.015596908744605188,-0.4286921673480512,0.857260948840141,8.614402596238901e-05,0.0004458259034485923,0.00014549806206610603,2.273512154597548e-07
-0.3561739845152592,-0.1419182311054965,-0.4334163500696336,-0.2965430641496958,-0.01848435164573431,-0.35031243444755267,-0.17346896790405614,-0.7299320725088985,1.01377327697769,8.588389623875504e-05,0.0002284737090621099,0.0017903442732017567,3.2649088959520744e-06
-0.4227353179688591,-0.017079610264047418,-0.3037600247748663,-0.04851361265735976,-0.1265572718954346,-0.436662751572607,-0.21113046582524564,-0.6403217149617547,0.9240807070490581,0.0007904493829430157,0.0022426770332992976,0.00044209497540656647,5.849858469962864e-06
-0.2593528666240652,-0.00031957972844942617,-0.17148520270898038,-0.2489030663891405,-0.12396611748317671,-0.3748374457251468,-0.36407832237672083,-0.5192369803873965,1.0289193716304794,0.0013082245463300263,0.0002987184709870293,0.0022558565592474024,6.889573004428758e-06
-0.3171390510552879,-0.47425539927050264,-0.28595686412507637,-0.45513799694998874,-0.4372786970750752,-0.39133354150114025,-0.04291360876793967,-0.5096626520661504,0.7920415430362502,0.00037805567320801356,2.862291124321143e-05,0.0003905727982470669,2.962924738233452e-07
-0.04283929540485848,-0.03700292786467724,-0.2774231254851902,0.0003673572278344306,-0.14009082237719078,-0.31013402855758254,-0.028457250320393992,-0.6983489789684411,1.1568191486259418,0.00712997298506215,0.009843533022870159,0.0016807849765216698,0.00015055669527735236
-0.238737219457693,-0.375827352049096,-0.24691396095757046,-0.07673283337911874,-0.09319520955701488,-0.16762142776538547,-0.009715868463553408,-0.4969063576397561,0.7902968322652192,0.0007172738893514775,0.0034486409734443627,0.002060608403214775,1.6653713387464026e-05
-0.4170857329181926,-0.47679173665627705,-0.06972453504522735,-0.12875873409525584,-0.25480448961077334,-0.3826708546662532,-0.12256294628700427,-0.5122071627971514,0.7680726711753245,0.00043217442200868945,0.00010270400634741032,0.00019581695346982252,2.3566712322455623e-07
-0.15685632390535514,-0.10296362350053234,-0.2961703066281422,-0.33256816716584425,0.003309326740275287,-0.2935076645018949,-0.3282700524393622,-0.5107638553003534,0.95606321083814,0.00462646663426757,0.0008161125414388796,0.013200636581533715,0.000196327039356011
-0.21118526376070618,-0.34225043284200857,-0.1985180856437771,-0.33918083396898935,-0.28464315101118925,-0.38714871238516296,-0.08031589641529678,-0.47070386620189725,0.8612174097896401,0.00028288338157913455,9.266952517452183e-05,0.0005083601603579028,3.470407011088299e-07
-0.232280910157726,-0.19115132508825095,-0.308399030813334,-0.27989117384429685,-0.17739972581587343,-0.4753969665088581,-0.1872623545701169,-0.39517184239592973,1.0934861590409923,0.0027038917232922108,0.0044211187441574006,0.005652092938521671,5.8803475986914555e-05
-0.26976038365564536,-0.12109299154593844,-0.2612781010156985,-0.13760769619248475,-0.08827757081286469,-0.49134233042234293,-0.38900501221763345,-0.602964796690125,1.0730837644796969,0.0024633543281831326,0.0035537801493169367,0.0005530312975550647,1.900331151193313e-05
-0.45651543871971045,-0.12019724314282787,-0.3579039181808643,-0.12891965429284957,-0.21702151239295697,-0.08873212862578411,-0.220856885395699,-0.506648325622838,0.933640361295156,8.625250033930323e-05,0.00027227867734877666,0.00011424964969789646,9.462815440967277e-08
-0.1133860340126564,-0.029617756288209174,-0.492797665474046,-0.1895802207054803,-0.3624919309278427,-0.15322328280439584,-0.056942967499379965,-0.536331064003847,0.9837261503915316,5.035174841271347e-05,0.0002463545336942612,0.00028080601557285137,1.4207787322183454e-07
-0.35532957513413355,-0.1773762276842849,-0.2203597669389138,-0.15843719581314575,-0.2773472010439346,-0.2650157894470087,-0.1599652955082493,-0.508337870549313,0.8835134471079457,0.00011103054057707438,0.002282012239652236,0.0004857734745055641,5.4558835113966585e-06
-0.1282998692724056,-0.406285320894051,-0.1366200730462378,-0.3670804856721325,-0.23837106113782458,-0.2511645960317317,-0.1342759020386924,-0.47652064323725496,0.7981757950640807,0.0007076811678599365,6.353679991558598e-05,0.0003130111726880018,6.028255545146347e-07
-0.06775642679645583,-0.03954732038978709,-0.32916491311973983,0.014101668977369863,-0.11853914046528857,-0.45332786264480085,-0.0840357346014795,-0.6833774773835707,1.1106496623332096,0.0007159389781823222,0.002925348693895648,0.000956937261963387,9.985962524691706e-06
-0.4184070919264135,-0.21659519829111396,-0.06554735864400885,-0.18615557245476744,-0.2588092672553522,-0.2760165609615466,-0.18268395763818793,-0.5219558286717564,0.8407900965471564,0.0006195306852702292,0.001988578628138904,0.0009901128836419329,5.318586752635951e-06
-0.1720644359890715,-0.18864807960469676,-0.22076373000301158,-0.26091191600689057,-0.24252907861523948,-0.08180823158123485,-0.05229312966570657,-0.31015984186452994,0.787902317352883,2.257999449808299e-05,4.326363733423762e-05,0.0003426412364596598,1.1978461538952646e-07
-0.24247985355699808,-0.03229307171409446,-0.3116412119753892,-0.2418336653870769,-0.07656540839847398,-0.36631041055446045,-0.26740942617789654,-0.6489581250100767,1.0709824553688851,0.003121827760184749,0.003557498696975581,0.002492941924559255,2.861636498246827e-05
-0.37227836406638354,-0.20585379554768812,-0.2338447662915627,-0.405288011726876,-0.22837516695015653,-0.04655561880423548,-0.30169056768726604,-0.5203116294659889,0.8335828344722983,0.00023056677843416373,8.865561655165654e-05,0.000256356420282661,1.2673947188380338e-07
-0.2009259392918843,-0.20788994602440408,-0.45466315875246477,-0.31843076411561955,-0.2475885329581069,-0.2237700198321435,-0.09040857037716458,-0.5466973099699624,0.9526041942545448,0.0010368485920922996,0.0022850789302273295,0.0022674921012324316,1.143816114944413e-05
-0.3830163268895398,-0.07620625944014497,-0.3349974034901362,-0.4745082508031903,-0.006653022921318419,-0.007170348487744116,-0.27457148146360016,-0.5846652917296651,0.9582283103960914,0.00028498624460913664,0.0001034551108487892,4.7289734129949344e-05,9.415643853123522e-08
-0.36859524854271786,-0.1964147507721018,-0.31781599577618264,-0.19524365728830995,-0.44277325734350426,-0.14379513929034154,-0.13716664187776367,-0.49290500669562665,0.9262434789655802,1.7556380413648078e-05,4.201744085856952e-05,2.419783175255762e-05,2.6592268910571986e-09
-0.013096081916190827,-0.13056990603449375,-0.3292010477512817,-0.4399161708983121,-0.45693335665180856,0.0007078543649147173,-0.05443933950831847,-0.44560217679654124,0.8612501616276574,1.9524712625695905e-05,0.0005653850028976604,0.00046737202612959797,5.384780267131891e-07
-0.4089126516809683,-0.24720154097503194,-0.030656458967143196,-0.10138624772412985,-0.007926345309764882,-0.4148986845464867,-0.2724159618886864,-0.5630129249797962,0.8926650708038778,0.00040204100330940473,0.0012042589167253618,0.001324771364664468,3.3668956754895325e-06
-0.32786884769896935,-0.42437114542230026,0.010639640463079969,-0.2690247253458582,-0.3954457965009928,-0.09539173494163544,-0.026710882635214303,-0.4658870967598629,0.714694680099384,0.0016626743608696437,0.0021811740624082584,0.00013357587742836812,7.539848835846578e-06
-0.00019670632558238532,-0.3051997769203332,-0.17022121347445568,-0.16291535160923404,-0.4632000900899916,0.0042684101626083715,0.0223381527815071,-0.4196432875031762,0.7199291999219274,0.0004922589652767672,0.0026318480371424263,0.00018188664260331545,7.202025730263306e-06
-0.4415632557138265,0.004067573130668745,-0.18765881112388405,-0.31502586288837053,-0.4196318716059972,-0.026697598098757214,-0.16537692155173012,-0.5646075422877632,0.8366903610003716,0.0003803026128467146,9.757535946370304e-05,0.00020807907233907634,1.9744792845799951e-07
-0.3531087562401554,-0.3382858412222055,-0.0886795724728125,-0.24248233255610996,-0.11800736719027877,-0.035910915215290495,-0.20519779992750128,-0.5749020370043645,0.733172790717325,0.0006872188618287445,0.00036174417089493796,0.00033672264993062724,7.165107522059649e-07
-0.24691542589697635,-0.1796538485713708,-0.15802850047320188,-0.1577187744183841,-0.2903961222510994,-0.3965440444711245,-0.10104352353503539,-0.37516612506067887,0.9558392574643777,0.000779322922516048,0.00031826001350550315,0.0006231364644408382,1.0969327070713047e-06
-0.08233497306864895,-0.18333649539883107,-0.45344679535557814,-0.19099198309956844,-0.2048590773632657,-0.09655903693167978,-0.05439504344517809,-0.4946458176043242,0.9435252898195543,1.8428240100987073e-05,5.1834948325315816e-05,0.00011415064165305022,1.6056830890910873e-08
-0.31740521715279685,-0.00574141931210681,-0.1620980990651963,-0.3571283318588476,-0.32169193430240395,-0.32812419313420516,-0.19242562926064244,-0.4408066547532823,0.8773895602202181,0.00010975303327335597,0.0006020003733038674,0.0004251190876384336,5.551764164452324e-07
-0.2901417259401514,-0.392422578443768,-0.34778278183735123,-0.31236619711508007,-0.18713866383456668,-0.4946236738129576,-0.009302678156437214,-0.46383234198849516,0.8483330693405867,9.290837302248298e-05,0.000287745098070583,0.00016336665780281094,1.1811787212299499e-07
-0.359822687744068,-0.28824001699307333,-0.4420565273659704,-0.34429533650839783,-0.3166846708572333,-0.0873183749359912,-0.16010872410270366,-0.43184557351045016,0.9814029228875335,0.001029034155517029,0.0002661785343621492,0.0006625878167454198,1.5687849202752896e-06
-0.18620363293889863,-0.18001220559797126,-0.03739110658888256,-0.05279960889958357,-0.0005455194636522775,-0.34242964336210857,-0.2320894254263961,-0.5112842682110389,1.1065684114448653,0.003218411439911629,0.0006732008407683768,0.002354145749326671,1.6353373777638124e-05
-0.20112521641647224,-0.3242853796135544,-0.060717727133082044,-0.4948241039682672,-0.06672884849868721,-0.2485119501571882,-0.24524603534106468,-0.5604426187518714,0.7614594074472285,0.0009684688401686935,0.00529359346149322,0.00045553390504529824,2.916757476858729e-05
-0.2670380415510586,-0.23737176632906187,-0.29659625740342443,-0.12286879072030121,-0.028984089148304915,-0.0994669556124333,-0.2239898341321556,-0.29771413342152936,0.8779323348521142,0.010918980856954164,0.002407399723506081,0.011372895160875147,0.000254362460723526
-0.2907834886618148,-0.0010544598967866525,-0.40031017695237486,-0.019941275355490617,-0.1105319809619229,-0.14778571182837524,-0.20096474924233668,-0.5811733258587909,0.9698976670023588,0.001027686108853045,0.007983832065029037,0.0023583447547310893,7.035950316308297e-05
-0.013026820870529587,-0.0556534231442985,-0.21483048031222546,-0.4637855262216289,-0.40993922531825394,-0.01966059778951096,-0.046667035653910345,-0.35937365323627063,0.7931464773439666,0.00030961143183538516,0.0010860226119871106,0.0030147924439006143,1.0364277832270702e-05
-0.10826722861972693,-0.22530789895303088,-0.37528072737497103,-0.2830400181141657,-0.1700942010717134,-0.12493265834273659,-0.1068806378933335,-0.48714044594149464,0.8541266727032549,0.0007848006135743012,0.00021484386453903898,0.00023920663628819626,7.192897040409819e-07
-0.24279898590752624,-0.4328251900507389,-0.33111577888974486,-0.46266396116278274,-0.13520604765208388,-0.2650267340123754,-0.029978255151294826,-0.5422013415726156,0.8302216957883503,0.00011903154079371395,0.0002821134590134591,0.0001550487594478844,1.1779662926659222e-07
-0.3155890046260942,-0.09513444674410698,-0.015523455218801718,-0.2034173269253043,-0.42380730828681284,-0.29945590531091604,-0.1228420041579794,-0.4415400631504335,0.8309293567239657,0.003911716423614062,0.0020667322500731297,0.0040450756759977235,3.593554479681277e-05
0.00530125047868002,-0.10269690479693472,-0.012779573265716937,-0.4576124557184417,-0.18195176653705047,-0.343436405723181,-0.31528222377598786,-0.2267459354411407,0.7283696324324427,0.005229138122646922,0.0029498248594491193,0.010281212311477658,0.00014174867880082309
-0.2765851922081015,-0.08059733347437609,-0.10221066584214311,-0.48020624558947295,-0.10304371103020937,-0.3994966220606105,-0.3763965821030846,-0.509631275339219,0.8063202868958261,0.00028870900088288947,0.001101902675328799,0.0012082898771429691,2.757506820293732e-06
-0.09775366800511226,-0.1982728138065098,-0.08706337627264465,-0.2687386796071049,-0.24529890461474002,-0.4494675909438301,-0.11461097658208703,-0.2697784663082764,0.8475502055659518,0.005034784806974148,0.002514916311430041,0.005621616363524552,6.327643264468159e-05
-0.29346324155012565,-0.2093820310417574,-0.40772663406987925,-0.3824943289236846,-0.49966461060086087,-0.2549937905060909,-0.17602285310350904,-0.54248296856148,1.026639851763271,0.00022820721595925644,0.0023657226880840787,0.0005893566551059312,5.996063637249288e-06
-0.47653528919929694,-0.32668678504096726,-0.23254812376230777,-0.396046992495383,-0.1999997787899121,-0.015970543402443804,-0.2964598956937438,-0.7016319173646992,0.8138961718390187,8.424690650838414e-05,0.0007070265175031212,0.00019927090260681097,5.46692930334557e-07
-0.055081814583472166,-0.051962693201352106,-0.3882233127169405,-0.39686495837118757,-0.4118098988968296,-0.4586179314680383,-0.09231513371159948,-0.4700325945095838,0.9640333180126467,0.00011480191409268714,0.0007041856904669319,0.0005279248210129842,7.877615827793257e-07
0.005461771808069282,-0.4141436452089258,-0.14970478711048196,-0.07307294836699102,-0.2751217577586672,-0.2988323852528237,-0.0330804656701893,-0.5235014939855459,0.8708676243134896,1.8185317553246807e-05,2.376957276351522e-05,6.074315719598931e-06,9.325956753338372e-10
-0.1993346212530045,-0.3928318719351928,-0.0854016189956423,-0.17473295673325917,-0.14631833195585547,-0.0645850130894155,-0.08606967558343497,-0.5110587236445387,0.7790245036995942,0.00012016204775534455,0.0010628631488530157,0.00017521123968480893,1.1748159694223929e-06
-0.4472673718815655,-0.19639913041227947,0.0176092590093313,-0.4210104488580275,-0.4291426332950368,-0.007607338970449129,-0.22657494999380173,-0.5743984062503618,0.8358606793321265,0.0001830565662147477,0.00028571413126648754,1.9116334733314974e-05,1.1550770549333408e-07
-0.4224454330761698,-0.17984413649537312,-0.42173666681123756,-0.31965343019570636,-0.3608943414596779,-0.35961105341953986,-0.1898113919192323,-0.6172343735330025,0.9870735413972163,5.3759544879699674e-05,0.00023438847455737441,0.00030623130974334124,1.516056607381276e-07
-0.2007207900555984,-0.28544090697553004,-0.35327248895563257,-0.1798192020973311,-0.05801078848237545,-0.05439495420508905,-0.06690273717000701,-0.42247248429972567,0.907598421939191,0.0009027189140394956,0.0007042396847774907,0.0005267423631936048,1.5883124885629295e-06
-0.30332829704591385,-0.2803775337522151,-0.12687917294369955,-0.4612346607066803,-0.4611767313061282,-0.08903483199567003,-0.1990689772285089,-0.5371125446140932,0.7494329976209777,0.0005349903496936078,0.000534034634338746,0.000817194224519975,1.2392140655274097e-06
-0.3550974334730176,-0.23560092942242294,-0.4734207893772672,-0.11001165415246367,-0.11387778766418322,-0.16165209917540624,-0.20945103052064368,-0.5239993253765965,1.1042415049398866,0.0082690354067212,0.010331026792933094,0.0012106664772173852,0.0001765727744729682
-0.11725420744240134,-0.2024952749812901,-0.17552363403910054,-0.3756803986356621,-0.011050939068687371,-0.11329936556292014,-0.1763600477541449,-0.35268506164153834,0.7690959592205993,0.0007334834533317306,0.0003049777823390616,0.0003579642819462869,7.591478511812136e-07
-0.33732487559972774,-0.04538211447389473,-0.421670134527705,-0.4956006151407426,-0.26440284588409435,-0.2797976065896183,-0.1973293422957079,-0.5701692027353211,0.9918358899103725,0.00016094386566985208,5.54145244656565e-05,0.0004619313453437835,2.4235426522962815e-07
-0.283360223843483,-0.07163367272562776,-0.4339478448798279,-0.18043946556791646,-0.31599083765652336,-0.23728814871584858,-0.1556224529981793,-0.554533728191419,0.9871938368107684,0.0005437266758625116,0.0005628549817828979,0.000938106295923869,1.4924878510143248e-06
-0.04768427923829616,-0.14983398560979444,-0.12731113245410558,-0.45911674191927854,-0.3079246239048845,-0.48580205593272363,-0.10721499735453238,-0.18709569560101702,0.861013615560309,0.0016451079529662405,0.00018515573197136378,0.0022029828247351517,7.593796148072694e-06
-0.3637664673269305,-0.11278472027800368,-0.017852371331546324,-0.3579216274312026,-0.3475437447046211,-0.4615907597565112,-0.1910704199829989,-0.4681808598184077,0.8796092280930154,0.00018781179691003606,0.0001403920487989987,0.00017370382834956924,8.515621840785369e-08
-0.4378665169988131,-0.05076037600881628,-0.2368880806865339,-0.436845039802852,-0.39763988429008323,-0.30892693306752733,-0.18528236403844298,-0.5857008149154762,0.8901955366979065,5.24482274017763e-05,3.4713836659913786e-05,0.00044986188544439854,2.0633158298882866e-07
-0.161376772098767,-0.07797913235140891,0.01177367504541682,-0.3071313628598379,-0.03493035099403613,-0.1753311773437638,-0.42118115353342717,-0.6666885182849025,0.5989871559912102,0.00578391363423716,0.005280414875547829,0.00429883530570074,7.981642317176047e-05
-0.18331629832661367,-0.2327568238307831,-0.14851184535816175,-0.0612197633859195,-0.3519185234569094,-0.37434786704725675,-0.04307519547557333,-0.3862047884536358,0.8092542824450457,0.0003779394921982055,0.00037184323855443766,0.000630314415536205,6.784019162544378e-07
-0.25051899553822815,-0.23533657563045773,-0.49515022731321534,-0.09650769161795869,-0.1351515481891723,-0.20835176918008097,-0.06082927400435552,-0.6832773062405674,1.0794912140929367,0.0007134490283796832,0.00037992632821882445,0.0011334900067929018,1.938153126469124e-06
-0.2559933718963584,0.008866486214758829,-0.011881599695714451,-0.07703979424367685,-0.025444375825290022,-0.2196547911031521,-0.32179457346916235,-0.4643254004715829,0.9728166084504942,0.006116371704372099,0.0098686547755596,0.0063712392220893095,0.00017539303913030808
-0.4650048472179518,-0.18443722998500317,-0.2802420707912074,-0.301810739319586,-0.22476586868580295,-0.025577238627757293,-0.2831113302533234,-0.6093897363917378,0.9182599015188208,0.00021413879696279605,0.00010669086307161615,0.00048653701003511656,2.9395662676155103e-07
-0.3924050181034916,-0.19227607682223552,-0.3485733903406182,-0.03492265051804694,-0.283690201415133,-0.08789368178429025,-0.1467125017425537,-0.4899247035495701,0.9577355075816246,0.0007003223397626872,0.0009000700729107901,5.049429816323945e-05,1.3031271898673172e-06
-0.03863099669054737,-0.3882777205762281,-0.345366273161656,-0.3919176738683431,-0.41441503566460497,-0.2156989058030419,0.007439622490742416,-0.4367100909965631,0.8044351310913593,0.00010553676391621457,0.0005994911718697954,0.0005528772131816843,6.762008865432731e-07
-0.3684654590154335,-0.17736752640494619,-0.22642923473260246,-0.2172589860540634,-0.04186724324090629,-0.2378940335609,-0.38118495655994483,-0.6696873515874892,0.8748455052190539,0.0021472039450101494,0.0017614801050459784,0.00018074191281191847,7.745964580986851e-06
-0.04003189984310118,-0.22504496858686995,-0.4298800714676304,0.012145726486164632,-0.14066649299065354,-0.4544184763526573,-0.09866771440376822,-0.6274281012149994,0.9807741194050835,0.0003884081930245824,0.001426716911762744,0.0022642039461528867,7.313001580492749e-06
-0.4522098720612011,-0.3250749043310803,-0.014270360249286185,-0.3524016609635102,-0.007775676163410239,-0.2232260697636686,-0.21630526831547742,-0.6919159492188656,0.7421527402018234,0.000394027128897918,0.0011980884202015144,0.00026490743983846225,1.6608491926102656e-06
-0.1517354431903381,-0.4666010855456554,-0.0465713458262903,-0.035785394658364,-0.19517737687144038,-0.26887533188635937,-0.05271912802865248,-0.502684643265339,0.9087088610682862,0.00039358679429600123,0.00010537576557309851,0.0006394525599950681,5.749141930985654e-07
-0.4328985562201593,-0.44424174125504073,-0.257066278165561,-0.2522108488325641,-0.016739937271188443,-0.4890648059762301,-0.18364734611859154,-0.5130736653777139,0.7671161715949495,8.175681081575427e-05,2.1870695687682743e-05,9.255652074621878e-05,1.572921297727149e-08
0.01484358153015286,-0.32090135175833595,-0.17617057496020705,-0.4705430714451966,-0.0014836009365818414,-0.4718957813910933,-0.2240543631512286,-0.495301847683817,0.8369117892653576,0.0008947601991128459,0.0005260495510142051,0.0017539837684456751,4.153783004009599e-06
-0.05658188826367805,-0.329540633434262,-0.015753934667048275,-0.10932765050314003,-0.4427714265031397,-0.43110526045087005,-0.024464835232484015,-0.46475009879414336,0.8784100686094318,9.381403424852846e-05,2.4644601359526998e-05,0.00016338609346236825,3.61034449350478e-08
-0.006616575646050782,-0.04874623921566468,-0.40643755984780905,-0.1378933164675072,-0.2344589528781953,-0.30723950091875885,-0.04731878095519927,-0.5776365611060543,1.0685843538671425,0.000981590454631958,0.0011225769653425298,0.0010787596950083494,3.387421343316725e-06
-0.36562913680499476,-0.20684296810755648,-0.488057196751056,-0.1454753359022286,-0.24575113619752803,-0.10944764142100738,-0.16058866201414795,-0.518801608342132,1.0094660637911423,0.0013094940239686415,0.0029461682163929854,0.002442203249542624,1.6359038470170365e-05
-0.30158382961529506,-0.031456328519182675,0.0037522145434655263,-0.3229025901355073,-0.2011445447759042,-0.06192023874734898,-0.23712112361348103,-0.4757815738298985,0.752366679985973,0.0001218899183761113,0.0004539734704512731,0.00022240586299258867,2.704134319687862e-07
-0.2606103878908189,-0.3309946026809128,-0.3348864559872926,-0.4589419305016329,-0.47603605755160777,-0.47937750539840285,-0.021044294270734003,-0.375439973608249,0.9097958089865262,0.00026827697434981965,7.382813175485151e-05,0.001026287837139896,1.1306898526659914e-06
-0.4980733662545658,-0.3622157384312361,-0.356379436825691,-0.1450716749240208,-0.09102008709562376,-0.28009712155865507,-0.3329791550707101,-0.5075801834361049,0.8780017002940581,0.00016468092738278464,0.0004290056129592294,0.0007825912688868061,8.236147179320392e-07
-0.09113640379511317,-0.34786231123183764,-0.2188868077321009,-0.3909555172188024,-0.4641855903014578,-0.246109543763055,-0.03935829408713431,-0.4952133723073725,0.8262789269089406,0.0006236982698255429,0.0005919172008294655,0.0007776218455410706,1.3440612390838657e-06
-0.3254951305060558,-0.018758594602186374,-0.2634005054767806,-0.37422616565972944,-0.3105343214144095,-0.28827033388615697,-0.21032509202780955,-0.466994464292622,0.9539541258337138,0.00043884818164640504,0.0003160982636275979,0.0004965048180281652,5.3902287312792e-07
-0.479909556697708,-0.3110857595431866,-0.3543091038224183,-0.29308912432852496,-0.2660947439351941,-0.29574505372493964,-0.29269292681464104,-0.5253633906515832,0.8745897844937595,6.318001715643533e-05,0.00015120868161451844,0.00010057415608346541,3.697094083538953e-08
-0.11793952852413392,-0.47117605765827936,-0.4868167835636857,-0.1805791578587409,-0.21548598587194778,-0.4738285069980655,-0.018929105679133452,-0.4413939085209969,0.9094600121913351,0.0006019245189350442,0.0007429044009699636,0.0022713419661333696,6.073214402594325e-06
-0.1625767195959295,-0.09962350036663692,-0.37112473785403044,-0.44641423184905893,0.0072581507883718865,-0.4376154922620269,-0.22507363365168936,-0.5616735222081403,1.064597442148683,0.002422734625376614,0.0029202233691444663,0.002570391215079738,2.100425858925531e-05
-0.21020244121475373,-0.019949876931402988,-0.11825459851600201,-0.23369402909537057,-0.4153732644329925,-0.4733258021174551,-0.1794002420598786,-0.29600839798551715,0.8973285103325729,0.002895587259254737,0.0007439830579005359,0.0037949858412130483,2.3339853901408896e-05
-0.462421286966784,-0.26558828201738005,-0.13447254288991684,-0.31878594323637743,-0.21654303894001325,-0.27768972441304596,-0.1819002136244742,-0.5953553976589687,0.8614507023627124,0.0004431825755032077,0.003925089294118827,0.0016057507220125116,1.8181172143279592e-05
-0.22434605648921374,-0.1950539456853541,-0.12990688952292984,-0.4187152722269138,-0.4009640686075773,-0.4496769214283795,-0.17097219557870674,-0.3310382525942677,0.8136658373535822,0.00026690134112625826,0.0003200281332894797,0.0005177518200424371,4.4172127914900024e-07
-0.117070049246917,-0.1547230456608183,-0.21018239212437945,-0.2482275078974741,-0.44851079125416843,-0.4506445066001796,-0.0702401653263707,-0.2554526982242827,0.955866189841472,0.0006740752289087118,0.00029055819407510706,0.0014877543612941758,2.752214517922361e-06
-0.4928189557041283,-0.26902680322368455,-0.23111588735161476,-0.49564371021044035,-0.43222983262046527,-0.37484503478019515,-0.17023887620131714,-0.5957989971171295,0.8780118143704737,2.0527410493784975e-05,6.862191303657441e-05,4.4371951364748536e-05,7.099211598295146e-09
-0.48705422081737854,-0.24552504312275558,-0.35637572183376365,-0.33299800755654296,-0.16897607070183934,-0.4409032437114123,-0.30745556395789436,-0.5965646364703442,0.9382903505876743,0.0013749307121478454,0.0007297952832514964,0.0005105498246410331,2.6836967421045015e-06
0.017114072860193064,-0.10375933665755477,-0.1261102429856239,-0.43809939343607573,-0.22666875588465035,-0.21770386917432744,-0.21278163870025216,-0.23792778358078845,0.6996040087001595,0.00030078452759418607,6.960581687880622e-05,0.0002199177612573026,1.4368012349984753e-07
-0.05216574428863735,-0.04876995901523051,-0.3493421393509527,4.8374370121617716e-05,-0.23722464658864323,-0.24501269580925011,-0.028870481045116435,-0.6498350108328502,1.0614043548618877,0.006670743123845722,0.01495323080996413,0.001544374575058424,0.0002704830183084824
-0.15918407436213855,-0.32321611324480015,-0.46978899160066234,-0.15907840363589437,-0.2298227504351389,-0.29730430469747515,-0.07836979813551147,-0.6391497619428649,0.9831509814516479,0.0005764968586268819,0.0009395961059181578,0.0007702001405917844,1.8083977268308332e-06
-0.006264560076604531,0.013013563974942022,-0.0018849023965782918,-0.4852170920032393,-0.49535308914991794,-0.3815059067847193,-0.12782421381761092,-0.16823391567739318,0.8663896706719023,0.003026778339568746,0.0002176223336974133,0.0018780940941815463,1.2735984023606049e-05
-0.03508951665334514,-0.48561453509042096,-0.07502442478602228,-0.4314090800240329,-0.2283154838703762,-0.2574846180661493,-0.12964471511772416,-0.47660462525130204,0.7893385520069677,0.0004830426627922882,0.0005161111731760321,0.0010204951604198275,1.5411113295948935e-06
-0.2975526985388969,-0.17437885041455492,-0.4687016275019482,-0.1966564664954336,-0.13900187213014709,-0.4168276313002676,-0.13429572109867932,-0.6774263755587419,1.060967776895954,0.00032684614283290554,0.0001720920775622136,0.00013630497263718955,1.5502312981005211e-07
-0.2460679975607315,-0.07339980821975273,-0.02905892030094326,-0.12421543279324887,-0.4488881038632811,-0.29989117612177907,-0.08276151786739623,-0.39072419968104766,0.8166148107896417,0.0001153947382855608,0.0002706240853715153,0.00042873899493393365,2.7037046698412174e-07
-0.3512220489751148,-0.0746942166127853,-0.10606626528033081,-0.18858200126574715,-0.2547706567540292,-0.19197100420334456,-0.17595433728256846,-0.47882411848877904,0.7794521005614876,0.0006526926332429355,0.0002561432833126409,1.3831493691713309e-05,4.918083652935208e-07
-0.4886325283692585,-0.28520206126671377,-0.17056922802282326,-0.15156663499697254,-0.12422216366849126,-0.00029042785168076346,-0.21321818399597076,-0.6278622407461593,0.8387069103866085,0.0008203313737836852,0.0010055833625457272,0.00019000444478433528,1.720243150880402e-06
-0.08911699188858724,-0.3995714723242531,-0.13180333350952017,-0.2043682261139539,-0.06390245235828013,-0.20539449990333375,-0.1593945467401145,-0.4719859163004187,0.8233769198098234,0.0005103173137575394,8.96135813946025e-05,0.0004388348821895991,4.610304085174371e-07
-0.1256093132842626,-0.1006237548480528,-0.06816849133004027,-0.4114169836545726,-0.315548563084645,-0.015073129691653642,-0.17244415768859572,-0.20788512058562972,0.7113647289119609,0.0006461287443390339,0.00033438185897126935,0.0006602582718479051,9.652345674138006e-07
-0.0862404675456731,-0.07572478557158796,-0.016182474334659247,-0.456620945147881,-0.023792898928474582,-0.28350160909023103,-0.5183982800464216,-0.4959110827280367,0.6602535553417935,0.009157213750945683,0.0056565141606526115,0.013388863448949363,0.00029511238058478454
-0.4300772228543172,-0.03184269757303343,-0.050872163813252935,-0.3545282656414086,-0.32535860716800247,-0.4799133741760804,-0.20162230030076952,-0.5213792820452295,0.8893737525507085,0.00018154217647797406,0.00021946735898545808,0.00010484184056075739,9.211529503257907e-08
-0.04799791512212087,-0.2616372038442242,-0.2855935973612519,-0.038089108554356765,-0.3437764576864397,-0.04247307723149785,0.008363211776005276,-0.35106857928792157,0.785976178146409,4.882384788761292e-05,0.00036698169991349094,0.0001147499261880807,1.502268817541182e-07
-0.3250698831969566,-0.0744195886133927,-0.38856545771629875,7.156191549606561e-05,-0.14694165495216382,-0.17261169689255262,-0.19823137858423362,-0.572908713715302,0.9808454522232366,0.0005242163806905688,0.0030640083149648914,0.001141662422339198,1.0966342854539713e-05
-0.3661449683836784,-0.4303473148042413,-0.29866350480134574,0.01166969343377322,-0.019141395828700558,-0.18328956142909858,-0.11808318001507301,-0.4154237369553071,0.7691567790735283,0.0009739819210287921,0.0011136308462177242,0.00044127684639442855,2.3835396993023533e-06
-0.04972158127412396,-0.10957304112312444,-0.05446666186296478,-0.30621072888090795,-0.449652503966807,-0.19133473359083514,0.021543604088897567,-0.22030388836526482,0.7198120315288392,0.00014401214690082755,0.0002435547962211333,4.71303349882863e-05,8.227970569341133e-08
-0.19194615649560692,-0.10787624876791463,-0.10191076243113312,-0.030907959635140758,0.01697215972104471,-0.13212826445061376,-0.3211493674939482,-0.31602661195973425,0.8422350815799506,0.002690840808469689,0.003341447901002404,0.0005240154440659434,1.8680490517258804e-05
-0.4402497803653559,-0.47018756352572655,-0.11152040380804595,-0.373019641469865,-0.01702840498890551,-0.4231989522157496,-0.1932252680283491,-0.500046294450004,0.7572365902815105,0.0012016242961059467,0.0002168709936970156,6.57559485295655e-05,1.4952578216662663e-06
-0.34313768481629847,-0.3649410627952539,-0.03645764371090404,-0.025571791568114455,-0.1179119014149374,-0.2780303149115363,-0.15656544671596162,-0.48080074457353267,0.8103025181282834,0.00042746660656531793,0.0005847338504353499,0.00031966649909816457,6.268280462190951e-07
-0.21898934684688698,-0.011910675751783784,-0.1410299663518938,0.01908586245018884,-0.026772332029707968,0.011642468807823603,-0.20279023348411243,-0.3528909802009502,0.9387208431641032,0.0032527253684080785,0.0013730447377022384,0.00198446916730879,1.6403592050016518e-05
-0.09869524897964888,-0.01826552163905948,-0.16766534636905833,-0.2083021958852742,-0.2324208216684155,-0.3486172525811537,-0.10603558687646651,-0.21417400132486628,1.1240024266573931,0.0081897649129571,0.0011135139390515566,0.0022274329270059773,7.327362006627574e-05
-0.3067150651024736,-0.20193243876734063,-0.27926637877226346,-0.403019198013585,-0.04128705257862636,-0.2704034561584846,-0.4076674819409811,-0.4592051981868566,0.889429727200818,0.0015604672013679046,0.002057676182710529,0.014086875891530027,0.00020510916154280892
-0.00360388037067666,-0.3801487364121341,-0.328154689767424,0.011769489130753819,0.008394586726722109,-0.06310364044479022,-0.02457698193170433,-0.3934607917855519,0.8972926069927089,0.0007102649970210244,0.0010164460713542225,0.001754819775122011,4.617031425123974e-06
-0.3967278481306589,-0.3935225598537753,-0.45814382608972265,-0.39085980774093443,-0.45372098923894855,-0.43793969675289907,-0.094431524951977,-0.40997634533944827,0.9703411558101162,6.091704805710913e-05,0.00013219033579600365,0.0007539446593513969,5.896177209863464e-07
-0.2614990100820732,-0.24859990814405042,-0.2194822730636249,-0.2971586138692339,-0.11482128280228243,-0.20899664474796176,-0.30120875144479037,-0.3991974555796479,0.7089652295503149,0.0003902758348621683,0.00039625530955351653,0.000523227906006128,5.831009392502729e-07
-0.46293250784607043,-0.2508506739837237,-0.3817203230370532,-0.09444914563543211,-0.4739229494171897,-0.2906525335501537,-0.24087130418110594,-0.5077946766939585,0.9901060379163446,0.0011063793367305425,0.0020526763927286567,0.0023927154733741946,1.1162642946534147e-05
-0.34770362651052145,-0.1851447295021556,-0.028783283709911622,-0.15464212959309526,-0.01917686668226959,-0.3216755042744569,-0.27916227383983483,-0.6007464695299929,0.9056026010436595,0.0010400080382382876,0.00047083066492081463,0.001463660419085118,3.4456000570264513e-06
-0.2655930198869675,-0.20649752438848817,0.006975066142021924,-0.4334355085964662,-0.13084448255408387,-0.4740440451148388,-0.2894061703139032,-0.4618667288302786,0.77279194202308,0.00158501341316492,0.006265004722374653,0.007147869741186535,9.285459352825947e-05
-0.2865864531464178,-0.26403333494214243,-0.2248988593244564,-0.31783071167208193,0.002453436228400774,-0.12578934979886408,-0.32121053016765605,-0.5193810397338408,0.6826543817170015,9.474227450967428e-05,0.00037144396589571904,0.00014103057006425215,1.668363400722545e-07
-0.06682662103245102,-0.2698141560104077,-0.13276931217004662,-0.44010370430779444,-0.11553296420556869,-0.16200405751772456,-0.17667525334442427,-0.4419352150945747,0.7456424458751617,0.0002842088301137676,0.0005757147909173574,3.72461067948734e-05,4.1360945206702803e-07
-0.24885101389141429,-0.3759010260467153,-0.24673772073885858,-0.08158049417761587,-0.3823985191721363,-0.39098356234163306,-0.01467469761125856,-0.54115955820749,0.8539512881768082,9.226747486828996e-05,0.0005794756407347565,0.00019438841812145555,3.8209216222328896e-07
-0.3487208077089644,-0.1060982573232801,-0.12514854816045584,-0.19371329897871298,-0.3513207551689117,-0.30821220475854966,-0.15597229890887174,-0.45804338380932763,0.8617583401956259,0.0028691195324114837,0.001974301469910679,0.0010693255687580358,1.327317035735625e-05
-0.22767995817120218,-0.25537492019993147,-0.412045165920023,-0.49412599349507424,-0.0047204751604379425,-0.1959304884712577,-0.14985415915581599,-0.5266200315198499,0.9212415086298259,0.000753225345739208,0.00020835609140489473,0.0012576046131952555,2.1923300454194624e-06
-0.38777798445055994,-0.2576511026150401,-0.17099243034206935,-0.4400324316551161,-0.30649670289032005,-0.3881708375057271,-0.223472415083071,-0.5141501851027959,0.7940434298434776,0.001196905795964914,0.0005064951016058345,0.002084221594626045,6.033100427870644e-06
-0.006296045192584587,-0.08688620553680854,-0.3132521895704711,-0.26815392686145645,-0.12700524484747416,0.01676580812110051,-0.11657489290584339,-0.413683875962419,0.8453716844834168,0.0011952199578592769,0.0003676255140881534,0.00012841223267093339,1.5801889677732443e-06
-0.3215758210396925,-0.27250949932654545,-0.17182075090993476,-0.41074354933262336,-0.12789002477191413,-0.32432703301396043,-0.2611703755874814,-0.5464082480874418,0.7261666516274222,0.0003811751077992776,0.0007395359007838688,0.000599116368243653,1.0511482340514636e-06
-0.34052538581734093,-0.21749802932002132,-0.10810547564423728,-0.02674526931382548,-0.05522723198131324,-0.4002773440860824,-0.22793699698082942,-0.5228890908761161,0.941689555623995,0.0014558574560992461,0.0012121977799098395,0.002584243190536669,1.0267257257933252e-05
0.001012915808206838,-0.4756709612990036,-0.1650896229747476,-0.06514563563181064,-0.4109605616662609,-0.14142031125793691,-0.014926254945804764,-0.5228932504742724,0.8182056008918027,0.00010044782905683551,6.683154486497195e-06,0.0002052792096519982,5.227398483147067e-08
-0.011467420957301744,-0.1343390737748284,-0.3857843379045491,-0.26820904762779907,-0.15575832856848532,-0.27938536663393754,-0.18466529846726923,-0.4665279532403269,0.9638680368429583,0.0032867446166594877,0.0020190365600569068,0.005395019524876994,4.3985434479790544e-05
-0.17975616919236587,-0.36029669747579524,-0.05948039667612148,-0.12143545939422429,-0.2456654734914161,-0.24488156688006213,-0.01832239652746507,-0.4997191777080639,0.8578880083703467,4.533747913841822e-05,0.0004570674392392252,0.00012633664481900066,2.2692707885145168e-07
-0.15457565564826115,-0.09038618860675707,-0.11441495724566375,-0.2821271431899992,-0.06840285099832627,-0.476081242626271,-0.47604409967103095,-0.37260192654421986,1.0067975801648352,0.0064415052852604794,0.010286997391956782,0.022958360506276455,0.0006744016228183183
-0.08894205689341939,-0.1721058527374713,-0.20603544422438408,-0.4027012697025258,-0.22431652000144375,-0.2985273365461526,-0.1904902231033184,-0.30866252598883437,0.8312052797555367,0.009189523412634801,0.0008339411174420729,0.0033060976318986923,9.607307989036983e-05
-0.46567340185815254,-0.44232369921784154,-0.31896594857898297,-0.0003702397553252412,-0.4618168240919568,-0.49525804074381874,-0.19439005682135943,-0.4930675480967194,0.7875070409253865,0.00022550503959210293,0.00028449553616833153,7.227223990130545e-05,1.370135096414942e-07
-0.4955024103179993,-0.23432800075725868,-0.23724804287257362,-0.402703666225446,-0.2333651540553765,-0.07561767177269574,-0.2631993847129546,-0.6849566379235067,0.8672353875443441,0.0006688618020940577,0.000298321691379842,0.0003593727567108765,6.655207201142151e-07
-0.23863864082423591,-0.17236406709672725,-0.00565971214639488,-0.26574654888669746,-0.3247452887974589,-0.26035258159429786,-0.10874078290820126,-0.3834629462689522,0.7551444510868132,0.006178705331577611,0.0011700910854789957,0.0023905115460504697,4.5260058174583617e-05
-0.07292510572638444,-0.043459555307123865,-0.28246768342168904,-0.417175493385145,-0.38890184692877605,-0.10388490405439349,-0.06440383659970736,-0.41139438187993893,0.8363596089396084,0.0010552489276761247,0.0004655818235620611,0.0003233694122397717,1.43488451056528e-06
-0.36010229245464487,-0.26719690336339685,-0.3091949084805598,-0.2835515547999056,-0.1221948162092219,-0.24408004597318744,-0.36994473349475004,-0.4534433313802236,0.842035116763096,0.003181200805747143,0.0013089868496263368,0.011419099301914284,0.0001422293140059603
-0.4432023645545926,-0.13135381374671873,-0.3076187428842302,-0.4580357394746915,-0.09135391766014733,-0.02871408004608772,-0.25607883961252387,-0.5905848806203537,0.9683487207102598,0.001136333383749713,0.0007351012569699485,5.9249903681910594e-05,1.8351379681091854e-06
-0.2571070252398704,-0.13974002747338865,-0.09787158960550629,-0.06103413438086652,-0.20195610574552553,-0.09977319746497904,-0.08328148736185216,-0.4400058966449165,0.7872832336433407,0.0007733841621432372,0.0019130556605479847,0.002007795500890536,8.289147796004964e-06
-0.3743406262191153,-0.43548834124722885,-0.024599483946948886,-0.34379479101647015,-0.33383579657427137,-0.03870699815823181,-0.08404963402125404,-0.43741755699407026,0.7156630022449749,0.0004714561395015236,0.0007455388631553111,4.3434188966086415e-05,7.799856167197359e-07
-0.3914197593785219,-0.39953354546184544,-0.2257805083351584,-0.27914009816728164,-0.1893204619232633,-0.166545220742012,-0.20577082832433297,-0.47370917414129654,0.7046358042153126,0.0011867445459537711,0.0005696283878920586,0.00011278003987446978,1.7455584550376144e-06
-0.1996738164444865,-0.1012952388963837,-0.07280157968750717,-0.3333546602253331,-0.1499139924043807,-0.3004595991116725,-0.4267172125985303,-0.4241040456190433,0.7027384073798074,0.005683665577375387,0.002585440042731473,0.007474886193716412,9.486247821901345e-05
-0.1970420700636309,-0.19330656265372914,-0.29514616882200584,-0.47093019670168823,-0.41778924336726087,-0.49497804253305794,-0.09654903777954117,-0.37218817979509583,1.0010693510252153,1.7187221208069792e-05,0.0007148510462213307,0.00039059337150698284,6.638706007217782e-07
-0.05237269510504061,-0.27069598006840345,-0.019812676861728884,-0.17748629944951777,-0.25159320537669794,-0.03243663032241462,-0.01668394745763253,-0.4083599858302805,0.740581790294003,0.00028891153324101773,0.0005597640331585136,0.00018780953547854263,4.3207806847422735e-07
-0.13718138967102395,-0.1529635389108434,-0.0035870185318727654,-0.2601959380824336,-0.10477600482396537,-0.45697522348320113,-0.34715879155898144,-0.3557013379125202,0.9991723659575177,0.0019283861581018615,0.00043213712796412814,0.007359035216101652,5.806081498394824e-05
-0.06779551262373945,-0.2015125595440192,-0.4614364159082949,-0.2961396530284631,-0.24613621910727224,-0.09388450451048475,-0.07164212998867803,-0.49743778961492363,0.9057956535748465,0.0018452552641164631,0.0010640858065298286,0.0011936405203548434,5.962023285240734e-06
-0.16317203212823944,-0.022779732867527158,-0.46127416497533813,-0.1641655735185707,-0.3650636003039332,-0.022941523776744355,-0.035608832969188244,-0.5283166633065443,0.9069264914832942,0.00013491317058230725,0.00017161623985599626,4.792858619951593e-05,4.995084675396601e-08
-0.11643311217646385,-0.38447743093233416,-0.20806905606465398,-0.12340648665256748,-0.19763279515075471,-0.39534408005517346,-0.06910232027036507,-0.5111954835787675,0.9541142984380635,0.00013465007086196492,0.0006393254365222484,9.35956841910694e-05,4.3562780746669004e-07
-0.05603279022885721,-0.46000621290960003,-0.0034343067780285286,-0.05897028793412812,-0.01158724525872401,-0.19620950932081122,-0.05162272076972603,-0.49257092950417836,0.8680170097372517,0.0001271255747479557,0.00018821825797532565,0.00026865387268801673,1.237619277005334e-07
-0.32303349262117087,-0.4639015301595914,-0.1203866535303531,-0.19236271814363054,-0.48792167674919856,-0.08841211182394693,-0.0029928241374612085,-0.5352863502409562,0.7046390104219212,0.0002394293340061081,0.00012618977569290208,8.547918826985461e-05,8.055695709930667e-08
-0.23580879478492744,-0.45722074527787415,-0.013117531837702423,-0.05509147678336673,-0.07289184842705654,-0.18454080621898078,-0.08485011171838118,-0.5320227800311478,0.8614453690438968,0.0011479489205775757,0.0014251947680485868,0.0005642827473645854,3.6673818701016125e-06
-0.07758436054871248,-0.2534938080866328,-0.16007448126187074,-0.48916846121760466,-0.3274199845533061,-0.21270675887862794,-0.03613985882017092,-0.4070309663129439,0.7354582645083575,0.0008735274130446671,0.00038575050802547675,0.0006258555589544717,1.3035487764566359e-06
-0.12734720769514335,-0.07802315407804,-0.27099162443445957,-0.14332733815253124,-0.22411563999077128,-0.05466216676561403,-0.028847991100506506,-0.4372074107457911,0.8650992297573937,0.00013627679342461828,1.6767056531849447e-05,0.0001563186967300326,4.328803355821424e-08
-0.1522288082090269,-0.022201121791187217,-0.4882079247214347,-0.4239142061869269,-0.1979435174292804,-0.24710156535642114,-0.12592731252141584,-0.523642252209728,0.9766527721600861,0.0007150031540676315,0.0007171975726882104,0.0007652566175102458,1.6112195592397449e-06
0.0015148700755514,-0.38409594570591055,-0.20748994945947286,-0.2796073580741305,-0.023743956115026277,-0.34380795281455245,-0.19456515532430801,-0.5075609200094655,0.9116632945492011,0.00010711897253956097,0.00018982928618067418,0.0006465185828903021,4.6549591019228036e-07
-0.11331071000982113,-0.18781128445820933,-0.20782298353846818,-0.3303056597179028,-0.2713358670617204,-0.3413951316795031,-0.06664947355799535,-0.2771761287942775,0.9198931144394363,0.003049947937371421,0.0004756267667985915,0.0037526482490579274,2.3610772123128993e-05
-0.04974624526470556,-0.12318408979436196,-0.44578881394489356,-0.44697991645416735,-0.3819824487300797,-0.1318290876323962,-0.06098002095576573,-0.512938346723242,0.9418999098370833,0.00036045009036893494,0.00043918045490892743,0.0001371996711953363,3.4162748939709425e-07
-0.12970354324711886,-0.23469564698275835,-0.257365498098351,-0.40961583963569237,-0.28980848283569877,-0.36900458775762257,-0.05061152080446813,-0.3596131702228866,0.9416228391289744,0.0004784307705875492,8.300537284690031e-05,0.0002392810427911116,2.9304131160565077e-07
-0.1921208126014694,-0.10107794815517462,-0.3360644918130395,-0.15525211777902442,-0.004596542143174898,-0.24455520241932288,-0.16346119657150016,-0.5329386370327572,1.079996018128594,0.009031128909373784,0.017553608691164027,0.0074710853569245166,0.000445507583870688
-0.2284174000182665,-0.10723764439265715,-0.3397923934513152,-0.17266194284590392,-0.23790785798785652,-0.21096742183343214,-0.11459591688377758,-0.4596704600168661,0.9788198573804561,0.0003911127939975684,0.0003456064841249841,0.0007199160732723848,7.906922120537471e-07
-0.4108383434637404,-0.09543810744140713,-0.1136877391655503,-0.46037416661538993,-0.04181843860572776,-0.1148343949130482,-0.2219619374307039,-0.661053329643522,0.8873005659541578,0.0016228081599656418,0.00047181002136944655,0.0017407879374460443,5.886453663473363e-06
-0.41155173642066956,-0.39211301149525996,-0.22502811616779345,-0.1448007397624793,-0.19765564295052096,-0.4483483134773524,-0.18750283173079876,-0.5231174723295678,0.8188718551692351,0.0021038627748238893,0.0007014608900952145,5.808240606037303e-05,4.921659521516607e-06
-0.02731794972832502,-0.23926374328256295,-0.2598634985811062,-0.10634669257278656,-0.0904481096973489,-0.10681935071531407,-0.05640118646976001,-0.4119893903409614,0.9185588948910156,0.00035228384303003554,0.00032621441756191296,0.0012239165730224542,1.7284915300042972e-06
-0.22496064985023007,-0.06915783588508861,-0.33494965551218103,-0.22701783914685353,-0.3539630516572836,-0.32961377490279753,-0.14217546807919643,-0.46183178874883407,1.0163994158090697,0.0010032837009568568,0.00022898536654371283,0.0017601894063544873,4.157279228939408e-06
0.010394176042120562,-0.09443946534029879,-0.10373210173466002,-0.12306076150993916,-0.13482140374553836,-0.234953162988831,-0.1628534364864769,-0.16856768242050574,0.9730376188426321,0.003180475449455252,0.003783338049661311,0.02058748510375565,0.0004482736137799634
-0.008663670469154283,-0.23856724607062418,-0.25452679408986156,-0.4811434335223477,-0.00028281283039843785,-0.03821870126888366,-0.1291467822375514,-0.4153215387114298,0.8477206182830072,0.017097299193177828,0.002427715556747139,0.002453071198712497,0.000304229000831464
-0.10309318543601198,-0.46664400740641454,-0.0009038207333055825,-0.2348025672320212,-0.22661325402569388,-0.20183666726026306,-0.06072056937279428,-0.5042131877803242,0.846081631491097,0.0006122666279405115,0.00015853862227647038,5.202872101418382e-05,4.0271190625333804e-07
-0.38156052732684576,-0.44742585350323977,0.013701545028869666,-0.45761894574175194,-0.4215590867866159,-0.3795000666077464,-0.11508015409076237,-0.5082654496888633,0.7551674094015557,0.001397854007911547,0.0006164739655212755,0.0008182085569789,3.003501220313396e-06
-0.04393382622176706,-0.21252945425425562,-0.17744406699704868,-0.19422449285036048,-0.1196317517117284,-0.2555485971019418,-0.14942214658725705,-0.33911401029469906,0.8647872844023922,0.0016444954387631046,0.00046646397857020384,0.006408708224444081,4.399349499747341e-05
-0.43590946415269183,-0.3811958047257092,-0.16036012863510546,-0.40070481933192326,-0.46819350256677356,-0.05442279035918568,-0.18268676072409643,-0.5137936060307345,0.7413304569386053,0.004881053724288656,0.011587428227997116,0.005658583255596003,0.00019011274285888805
-0.18489846665401577,-0.2883256535966719,-0.3228442057509707,-0.25181182341822617,-0.3072104952519608,-0.3938185876297105,-0.03823046546585628,-0.40873446264133423,0.984885412064349,0.0001335369721222324,0.0009284029764791946,0.0008270620825292142,1.563795898016563e-06
-0.251613243336187,-0.16658547052300365,-0.3609720544383102,-0.214274395417831,-0.17711459129636314,-0.0024944362971023315,-0.16444544697758834,-0.47218155074868,0.947283326778725,0.0007717791017787325,0.0011062643612599749,0.0006877539686357722,2.292469340310582e-06
-0.43390191763076225,-0.23860882264771777,-0.3870989749026742,-0.07832242524652927,-0.09816940239755906,-0.12454546895955593,-0.31213619411222093,-0.5017026151502111,1.011065655704074,0.002368151398413356,0.0069332565954970705,0.00474840918416444,7.622557784506795e-05
-0.43749262811784595,-0.3160145838417998,-0.4682762046187558,-0.32113658461465405,-0.3093321465391897,-0.06786905952348948,-0.18601296351977822,-0.42054317040968614,0.9354402583029777,0.0007750596132768393,0.00015603611771308068,0.00024171938770638367,6.83492936556963e-07
-0.07372266306569036,-0.19283560761699137,-0.46163259953169633,-0.4581656779254308,-0.1293258304067909,-0.04600374270163199,-0.15508094083097168,-0.4851613082619524,0.874420574958546,0.00039043592732312477,4.8414490892565896e-05,2.089018053148437e-05,1.5522057591569267e-07
-0.2698963147730822,-0.12790642443575478,-0.33464815228131006,-0.2556752779824984,-0.18499162399105618,-0.3930089603546283,-0.24047043966917317,-0.5215994344288675,1.0457344294838837,0.001239998783212503,0.000998180422197872,0.002441488624606608,8.494827841711077e-06
0.006611787229680366,-0.3070781923161647,-0.24055090524264422,-0.054430426430638446,-0.39513520840963934,-0.043581788308012515,0.02490979343487902,-0.3995175437060622,0.7159321839588714,3.6434398661063685e-05,2.2354745653642614e-05,9.169718231781749e-05,1.0235573304059433e-08
-0.4722566621077226,-0.4136411346057025,-0.41220729919369403,-0.08826478427445394,-0.4373069008077325,-0.11875541173260173,-0.04545803262357239,-0.4409098580957813,0.790290997765764,0.001047723330776177,0.00022485282446239513,0.0003196021511140778,1.250428505518189e-06
-0.3755498779822245,-0.1928507324641201,-0.06642418274946915,0.008570652686944347,-0.2762043398266717,-0.33748338076203954,-0.10484776467655185,-0.49790682007865616,0.9878598603103913,0.001401622858864242,0.00036963724107212697,0.0010853975613466216,3.279266194655378e-06
-0.44305506923226157,-0.27869509733862224,-0.33363364884454827,-0.09976702600491161,-0.09790141684212472,-0.2284525026208003,-0.3495671652076824,-0.5237033741793219,0.9009204675726882,0.006264258741432611,0.011255348312954215,0.0005825049589111053,0.00016626311525269228
-0.35976655585436135,-0.03827596919796994,-0.4906181225420846,-0.4982037080334445,-0.23097114471757668,-0.034508854617539164,-0.19084215331101337,-0.5159147163347951,0.950370509548931,0.0005402002402413747,0.005521546657716135,0.0014597022794099665,3.2910024537407704e-05
-0.1586902968242147,-0.31102386257045855,-0.19254699592971203,-0.3835416340016369,-0.3588006471927344,-0.04572234353707072,0.00394889913957234,-0.4881230429420692,0.7559457641588557,0.0017767179380750418,0.0004847741544703602,0.0007294251305234047,3.923793633359168e-06
-0.46562293983415687,-0.16673815020124116,-0.3487324340742389,-0.29831243964421084,-0.46412522072730383,-0.02187612937019623,-0.20250398751688284,-0.5295707575860255,0.9447633779608543,0.0008922072892986248,0.0009406499371705831,8.746774963959577e-05,1.6885067586036367e-06
-0.1483118521304439,-0.27382928725778144,-0.27456912805209055,-0.08174654257329234,-0.03153220771739934,0.010031016296275341,-0.011755733947355051,-0.3589213352332305,0.854099910983032,0.0006991440077202412,9.815450551141522e-05,0.0024949818130357566,6.723370897862501e-06
-0.49326293621681794,-0.42081026721917136,-0.28573676802182557,-0.08508309893489979,-0.4543328159283984,-0.36861388967435704,-0.21414936827664818,-0.5084633634878226,0.8065619427271085,5.925585033118747e-05,1.1578583351982359e-05,1.0322943133536889e-05,3.751882545849131e-09
-0.30742662129531184,-0.06916328909633929,-0.118863330581718,-0.34625276176344755,-0.34976067136839967,-0.44877520474613375,-0.19257103461723168,-0.4209752600859604,0.8727241902208486,0.0002955421914627161,0.000144684970541932,0.00011687881790202462,1.2193958570947903e-07
-0.49722962679629346,-0.25088451939994927,-0.07416478195122933,-0.42563844958249014,-0.1239580939357135,-0.22427296371158906,-0.18842831439682486,-0.6225726927863185,0.8519851209925206,0.000979160380357211,0.002147820264599648,0.00033885263314917626,5.686708046478311e-06
-0.48162009523628757,-0.43121766126845573,-0.4629672716439916,-0.38219627189634386,-0.15608890323742813,-0.016934098159867184,-0.23218970176583784,-0.4475478773636213,0.8031152109499933,0.00012423546362506043,1.3556627682982015e-05,5.1377970623301276e-05,1.8257928441637513e-08
-0.18697116167149036,-0.12776621922985149,-0.3108409977246341,-0.44968197006325233,-0.06909461325729244,-0.3431606314577327,-0.25845588352818505,-0.4622239077944516,0.9823715946045473,0.0015059847695624124,0.0007691816125176959,0.006712969642723331,4.7923591903314314e-05
-0.319613625516567,-0.10755057055181694,-0.06771030916061366,-0.2904240213540181,-0.19154492124870287,-0.005097656273735984,-0.22393371955407304,-0.4952846875075864,0.7673661796875406,0.0006408571437117512,0.0007028598473490307,0.00037612010484989024,1.0461761769341797e-06
-0.20259545635124093,-0.3186198710287337,0.0183402395685337,-0.3368548648990057,-0.2337292975897719,-0.061915286308447504,-0.08164381868252267,-0.46128963183677824,0.7358395281233922,0.00021570470898902322,0.001146471012490324,0.00010779926393230707,1.3725449852649748e-06
-0.3976761454751853,-0.38189137206842116,-0.09411047890392638,-0.030193458304365317,-0.3293600280325989,-0.20394927396586915,-0.14398256019908334,-0.5459234282854794,0.8372408770200991,0.0001456117231768045,0.0002361933004787197,2.9325847851684786e-05,7.785005446976926e-08
-0.49445821449177263,-0.2657697211734511,-0.34936012085842216,-0.04204924084561773,0.0054768976644021805,-0.427799408938984,-0.3614403598211507,-0.6315859945395222,0.951867326125394,2.05676514304609e-05,0.00015517773863926973,5.575151706787758e-05,2.7611390509932284e-08
-0.49805144637765153,-0.32570893391019334,0.0064639033241515875,-0.14666685665917284,-0.3584180328793547,-0.06958603118187373,-0.19618837987663673,-0.5309378746922788,0.7792325815920002,0.0007552254902742246,0.0016898750549934518,0.0003211753543295373,3.52919685087777e-06
-0.4032946596243187,-0.3523209791508232,-0.2699498474149663,-0.19138029166712306,-0.13430413176119266,-0.3703697824980702,-0.24079582704407826,-0.5081342535464224,0.8021250466481309,0.0001669654291423691,0.0012805467681952568,0.0015191295887764576,3.975432187560141e-06
-0.35599564975342335,-0.36116176953892165,-0.10055558637313239,-0.14563209224141505,-0.14854871151127796,-0.052567647272015294,-0.1735142961355196,-0.5410295686240888,0.7210469471207872,0.00035548631680838174,0.00030776169766715304,0.0018476982557505928,3.6350766282927406e-06
-0.18248424642146366,-0.29978228075459284,-0.38036028124609744,-0.111378733239834,-0.3227618012429924,-0.3344421537497009,-0.03770499863435248,-0.3467448835187652,0.9838913335037025,3.013721889020006e-05,0.0002640443963872865,0.005263147023496857,2.7771344286169783e-05
-0.17892170452802952,-0.4072939478145846,-0.29802872697136584,0.0183348695208273,-0.26502696267815407,-0.4658084358958153,-0.021261034649754634,-0.5143034981524259,0.8907889614516632,0.0008222443292245201,0.001068955633551578,0.001042404359241002,2.90535873160818e-06
-0.4535280807569074,-0.18955080408548802,-0.023164097888727697,-0.4828156594065335,-0.24683031246817522,-0.17231823998042034,-0.24303250097155907,-0.6097277769759865,0.832580187667708,0.0006288605807753183,0.0008119251805988467,0.0009253730340385959,1.911003381069337e-06
-0.04427783641108235,-0.21078618491720846,-0.36654410037881613,-0.2755989027060991,-0.059686590297330255,-0.011641993894985825,-0.12335334525099657,-0.44972909262386734,0.8479995519479123,0.00046163100342451994,0.00013376712969259227,0.0007308527736180598,7.651426050141352e-07
-0.13874907476788367,-0.1721969576150572,-0.41257708324707426,-0.37747060909723373,-0.053099382423201114,-0.3817971035256749,-0.18984549719827842,-0.5392628802556146,1.0181335792119117,0.00073954107364631,0.0013169352861624034,0.0017695363463288663,5.412498428528501e-06
0.01072394503038876,-0.1701923418494214,-0.17426295495847738,-0.10378027180842392,-0.11889286978642033,-0.08221017382446355,-0.0223333358954696,-0.36910482611730483,0.7959746823562409,0.0004894994615112636,0.0009495019468800691,0.0003298972139112257,1.2499958416952476e-06
-0.18549123726682615,-0.0785970445275832,-0.3913124159175957,-0.08102069659349759,-0.017527537381471447,-0.08445147303326261,-0.1119382482802113,-0.5401525316829212,0.9875952498078424,0.0011408611479620876,0.00721281889448159,0.0010915183847188385,5.451773294769921e-05
-0.12606188206679203,-0.0016629101171088956,-0.42204505317930996,-0.08847330865084091,-0.17912742475471727,-0.4141775005266515,-0.09098436447297861,-0.6181234099528413,1.0291760540066377,0.00023412470931449592,0.0006396169959428254,0.0005648527014688629,7.829828553671937e-07
-0.28968964042388123,-0.3614090397043559,-0.3749413761591419,-0.04428383600639518,-0.29654749545761583,-0.028328451890646367,0.0031994560266545803,-0.4032974389797268,0.7992621462130073,2.1461006498127933e-05,7.237025760100665e-05,6.381802641922051e-05,9.770769481193077e-09
-0.05722271750093122,-0.15531702301410066,-0.11732621988208647,-0.3047894837928238,-0.10337341097581382,-0.11497980037694439,-0.19498357925027288,-0.33506696248896034,0.6722055650144079,0.002033176377483787,9.579323736406485e-05,0.00041908376110763135,4.3186137251069e-06
-0.365965445375835,-0.19634322846585683,-0.024639414246043045,-0.15264430766072173,-0.14584019792507186,-0.08157942038076377,-0.20071373561135666,-0.5053999259157055,0.7789415518830441,0.0004762260654683623,9.978142594509395e-05,9.837963810307686e-05,2.4642615158840544e-07
-0.2082237251860652,-0.06640135925712642,-0.4257747800485646,-0.17820241680049742,-0.38535813270267716,-0.14496866560729987,-0.04882684997189339,-0.5432854387685182,0.957097245978672,2.9504429453625636e-05,0.0006849837699495883,0.00012038992183232409,4.845670097305273e-07
0.004299416920403143,-0.1404699896244473,-0.041422396997114086,-0.40636217714434286,-0.08990332907075743,-0.46025865345267863,-0.39361920531285327,-0.3641592662859234,0.7216058432377608,0.001080546568551973,0.0005450426535675345,0.003895676226123282,1.6640945639799518e-05
-0.12324164012178024,-0.4963485061576152,-0.26811399066546526,-0.26121987998954266,-0.3870970289190774,-0.05260256442161465,0.013825657674701043,-0.555666082323398,0.780885255939586,0.0006451927512618845,8.416441127372672e-05,0.0013476861248908397,2.2396152256292203e-06
-0.26554818409837533,-0.07724479756238323,-0.1646712033959572,-0.3759029276175863,-0.3553483061689994,-0.09077935459246961,-0.20861808845386728,-0.4129199719647115,0.7924336301824034,0.0011161131837991358,0.000657765745935485,0.0006889937924278955,2.153076861580482e-06
-0.03915598067031001,-0.043241578641990075,-0.09959296052199268,-0.17871637385327288,-0.07340036955388918,-0.12008323992012304,-0.3437357159091092,-0.31737450847650994,0.7315885019314591,0.006087805381043258,0.007308429799507927,0.0027428559318080315,9.799777915444922e-05
-0.25157141018000084,-0.2805002679696259,-0.07444004799836018,-0.20687077234422235,-0.36046331272244847,-0.1823859777118398,-0.07226906134332813,-0.39320171554104527,0.7126928361836943,0.0002015460386338971,0.0001449285030310194,2.805331518137121e-05,6.241206517249388e-08
-0.04674986675247622,-0.012792701924846828,-0.22731133668014086,-0.42110135646431984,-0.2179206073146367,-0.3317419621504732,-0.1875293481873469,-0.3153485254839323,0.917463935617174,0.003625636072420007,0.001321351822982643,0.0030476080815340146,2.4179122588364163e-05
-0.43788804145891463,-0.3544986487500621,-0.43656422819523516,-0.4745999589768437,-0.33846735284716833,-0.13882157303438114,-0.18862991766697243,-0.4080483499359156,0.917261562180862,0.0019375142394927477,0.0003540560664915995,0.003623438167593722,1.7008621280831608e-05
-0.23836339643367938,-0.10620870252319098,-0.19846585651382787,-0.3587551184325486,-0.2794628726023832,-0.010403312892496075,-0.20166570730580385,-0.3722751311866806,0.8034030559132763,0.0004338514065067402,7.334077425610324e-05,0.00045036878705685945,3.964379564514283e-07
-0.089085051016773,-0.0710136980076021,-0.22907675575504322,-0.18406261042811772,-0.21474401393860348,-0.26437327348105266,-0.045669234074165184,-0.3226144824808583,0.9845871875540084,0.008078941514059804,0.0008207830325949124,0.014552092689784413,0.00027770638242627155
-0.4733196496587175,-0.16731808835299178,-0.05743340481507775,-0.26627256248892406,-0.445784492388824,-0.10061362272020896,-0.19023172261883867,-0.5330424786797572,0.8342017684650023,0.0003010070367201499,0.00013094564819185955,4.415958872382061e-05,1.0970206821168892e-07
-0.003728359832279038,-0.061214658517321885,-0.4618682327597591,-0.25285790959879767,0.008372101477192362,-0.30383116732923865,-0.1734761836321141,-0.624290406140515,1.0537892181007302,0.0003522459820826571,0.0007835695476518711,0.00021681761736349085,7.850683470999152e-07
-0.42378210541889794,-0.1262087962210443,-0.035136501145451415,-0.12449986433821869,0.00763482207628241,-0.043901926557319226,-0.23338828847644524,-0.5445149503812721,0.8633319052859076,0.00031342164933157883,0.00047220321864768707,7.357498405723216e-05,3.2662228824998445e-07
-0.38828243227817216,-0.11212972270430477,-0.26970289320077806,-0.2289566158576694,-0.1479603291462186,-0.08707123269070594,-0.2406374275371054,-0.544290569695056,0.948559489314573,0.0008492798855151708,0.00022080920465486603,6.275527656343131e-05,7.739712535375293e-07
-0.23006529032297734,-0.2869227734476615,-0.06206445484815287,-0.12519308745613472,-0.312593016054844,0.01382812745202,-0.03640649292917202,-0.3703349180063321,0.7104102237929104,0.00042810165548532586,0.0004419218675346848,0.000109442533214828,3.9054363251109883e-07
-0.08616999385655072,-0.18723740437024022,-0.374071112013474,-0.39929657121506534,0.01773293818064825,-0.27015597715356265,-0.2296808314386266,-0.4993651278618007,0.9146133941348963,0.001513716381036125,0.00042683486653775503,0.0030973413102408196,1.2067048477633718e-05
-0.40041248750600955,-0.16017214932315,-0.1148600459521319,-0.38032386315371725,-0.22351713564563064,-0.11016158428885409,-0.2546538185475437,-0.6282820736594846,0.8159093446792967,0.00012716188046308494,0.00013127019167827195,0.00013461089787900787,5.152210089395086e-08
-0.04191062805637025,-0.46874496904958424,-0.21358184974768402,-0.1665398687605606,0.012526521931358614,-0.39026949603374494,-0.12084718288101591,-0.5077794817707791,0.9426752596346706,0.0010166745040848582,0.0003194427565761816,0.0019060708723434693,4.768776892381373e-06
-0.3355234687383287,-0.15236644847437453,-0.24428014526827163,-0.34674429596517453,-0.37790631601481295,-0.3269149865179123,-0.22598465571634382,-0.48570845431797466,0.925284004959672,0.0008284444460426288,0.0013295846881721265,0.0005312805238273968,2.736374638198962e-06
-0.04850963328487479,-0.24298872343107752,-0.17290779704819115,-0.48948690238404363,0.012269831741919313,-0.22224253726447596,-0.2376618539065997,-0.4754077404717601,0.7361140471056831,0.00085260475586251,0.0007782851387543999,0.0037058053194463808,1.5065655692562424e-05
-0.2940029576905706,-0.26491040205927296,-0.25553164398174094,-0.439917047529336,-0.49828221163840825,-0.004982366591979537,-0.16085317467362617,-0.356343323844574,0.7421750867301341,0.00020493724547723292,0.00018018138251793707,0.00012297073580839885,8.95864070551298e-08
-0.3999580732738672,-0.13169695640786766,-0.2436678420932531,-0.39201010780131085,-0.48103607223295153,-0.1138896735747052,-0.21207869841369784,-0.5417399074484129,0.901889939888221,0.00011510228600140456,7.376843601055056e-05,0.000425528473728292,1.997648003477216e-07
-0.2607932114505146,-0.1361025622281824,-0.051603025194716656,-0.38777692543220826,-0.16155489762893527,-0.42693850130482364,-0.31837292010363344,-0.41492560789008287,0.8042535384232262,0.0029840221939802293,0.004361653354335541,0.004852380270654489,5.147400272859002e-05
-0.2773141628493033,-0.016525343587480035,-0.44206430935992747,-0.23527748123716546,-0.25741759775731377,-0.11327560603412484,-0.14223629165315305,-0.5233004664096775,0.968067418152721,0.0007012234916044184,0.0007991548108032009,0.001132872518400026,2.4137629397538094e-06
-0.4623776234153787,-0.43305602472929516,0.011228943084457654,0.0055268158116467125,-0.37037827307360466,-0.3508309512360784,-0.19708984399943347,-0.56996139706903,0.8209833135418015,4.5002063152088045e-05,0.00027166199161220524,1.5764483663760098e-05,7.607394231983937e-08
-0.1319136097440738,-0.12077469930681167,-0.26825942405445835,-0.4777092820884516,-0.2054502147836717,-0.4618420091684995,-0.143179874015166,-0.356677897417339,0.9678757821731959,0.005439096183847716,0.0026530540739058317,0.011957281416285088,0.00017959904208445169
-0.40163961041159846,-0.13122618466376096,-0.20481970277307765,-0.28365128410340457,-0.10990644047322506,-0.425772467067273,-0.25202767775442536,-0.5841880160711252,0.9063360121707631,0.00014061111004111802,0.0006607285875654437,0.00040647078146742064,6.215522468799573e-07
-0.15579208371312847,-0.4019531094107426,-0.41832719493537257,-0.05740593625217133,-0.14925633761181462,-0.03858485895174385,0.002877208669462072,-0.40213208699732156,0.8240016707022793,4.496119312424823e-05,0.00042005188128872007,0.0002803156543851367,2.570419579547163e-07
-0.10293996085523055,-0.4283835280476855,-0.08343542342612847,-0.022675900238881552,-0.1528855295958989,-0.3645514940920481,-0.06830060897252051,-0.5011592414454846,0.9968294739883355,5.4722766953710856e-05,9.733571496588161e-06,0.0006343390339391173,4.0547533361596174e-07
-0.186764967380941,-0.3399620793659439,-0.03068923764784559,-0.03893612315563916,-0.4122447984589417,-0.07300784461358634,-0.013068738478103973,-0.5580747159714526,0.7642652057859315,0.000536586301726547,0.00027771526758721524,0.0009966111132325773,1.3582843400702884e-06
-0.3097262527663696,-0.15833948453219343,-0.1202325353912076,-0.2634372342406208,-0.1303187655386585,-0.39474961983447615,-0.3039699656495504,-0.48201401513599096,0.9219377752792609,0.0029011660311652823,0.004280183804058638,0.0006561319320104073,2.7167246849116905e-05
-0.1139815038772557,-0.42036696814626395,-0.1368816463876622,-0.19496725463729575,-0.12533682415256925,-0.29817645650349445,-0.14889350603792623,-0.49886483991289576,0.8662946513463405,0.0006264862458272369,0.0008137062698350962,0.00031267494947992766,1.1523685338119265e-06
-0.06877974764803835,-0.08675961053932468,-0.3947106127089601,-0.07909567527729328,-0.2988382104261562,0.018197098744220486,-0.046371415636368665,-0.4790577277631461,0.9014367856065472,6.50418333070123e-05,0.00025526268653076255,0.0001722962783017667,9.907548673147936e-08
-0.03433702424497176,-0.4754434470801815,-0.4618478447420396,-0.08869162172996842,-0.36479323741229347,-0.24990298976900865,-0.0004995024258574877,-0.44014409553249645,0.8422724944449964,6.885237846781466e-05,0.00011740698831472972,0.00026253594221229743,8.745017187910907e-08
-0.3355416502692124,-0.3557455003493935,-0.4287773495644608,-0.4717613128929544,-0.12701259734069842,-0.32759742272445125,-0.08954757587198921,-0.4094671077722751,0.9933122030240987,0.005944525416777477,0.005468409332943223,0.011214902194059594,0.0001910149142856566
-0.015362522823965774,-0.005092978973806728,-0.14766235764830038,-0.22576812143504843,-0.01926277710815394,-0.010951394986692675,-0.24053776980847047,-0.3669391128403589,0.7273687404974791,0.0012385104465203133,0.0008311485477781629,0.00038769539444401393,2.3750237534867947e-06
-0.06381238744733092,-0.06245067706292873,-0.4707559024368513,-0.3850722989076816,-0.33825424089425904,-0.21818207144972862,-0.09736763873211625,-0.5303587651541651,0.9833129787748894,0.0007961197938880593,0.0007452330567182813,0.0011448083528072266,2.4997651997032354e-06
-0.35217643739096116,-0.49800924711792466,-0.2718217656184031,-0.10715083460576191,-0.04402324752470477,-0.16641282410473118,-0.054022749179778215,-0.5087063340732871,0.7467956274564813,0.0002169742567776311,2.1459406808395963e-05,5.5139239965156485e-05,5.057867002870875e-08
-0.35722160518953633,-0.043396315476622316,-0.40628117785036033,-0.44790382167335285,-0.4567083005789847,-0.3046411605089727,-0.18166114307839928,-0.5700547456451955,0.9643132182666002,0.00013953468355551484,0.0006154388197201985,0.00012128370831422032,4.129446066359777e-07
-0.06644584069655579,-0.0853771429382747,-0.4954693439590966,-0.08429754010381146,-0.04294940949904108,-0.41964179445081073,-0.13730946402874056,-0.6345251173882879,1.0598773531827514,0.0005506089359634757,5.314063819240885e-05,0.00014958665381457133,3.283702947897677e-07
-0.01914234794731401,-0.47016141947042894,-0.19647473129011295,-0.1283790517533856,-0.056478275616168416,-0.09586152602102826,-0.0914293152286761,-0.519979411828467,0.8566039834408825,0.00030964938489018326,0.0002714975449164615,0.0001321831588126426,1.870660459322232e-07
-0.41110151515420634,-0.05091529082492907,-0.44943193956312044,-0.15813551458861796,-0.38609244481870764,0.0013809804977192863,-0.147557495961609,-0.4922120016383891,0.9480870798912243,0.0007730208385861433,0.001002522754645972,0.000674946109363305,2.058165341016034e-06
-0.1534396681585291,-0.11927063139702809,-0.2747868996090096,-0.026420252101467034,-0.40852909379382707,-0.031536269638295755,-0.012145202411633934,-0.3892380432251105,0.856950864220732,6.567744352267379e-05,0.0020802501210422774,0.0005154376121801136,4.597430024734021e-06
-0.15178388836978196,-0.22856250585564447,-0.11133136469216243,-0.24847844661523955,-0.34319029839729653,-0.4552226268740306,-0.07754612191160182,-0.32213119559532816,0.8249002724389974,0.0003561980707070551,0.0004803521994217846,0.0013006918868711356,2.0494146856371687e-06
-0.2335960537398123,-0.4488813513665174,-0.2508341130408767,-0.29902725670588015,-0.023969056099499453,-0.45266524871402575,-0.13433248360463493,-0.5608607593671964,0.8982436459258306,0.0006581374805085491,0.0005077698819160407,0.0006029109459328945,1.0544768049568679e-06
-0.2031269234808626,-0.2622279333290532,-0.38563597873665895,-0.3626757387329086,-0.20403955049603312,-0.13326964846822537,-0.10278653370153577,-0.5138575516014816,0.8893813231455121,0.00011613651039636481,0.00030325771939047636,9.934848634479451e-05,1.1532305515595964e-07
-0.446393904512775,-0.32781654621070677,-0.4961594977527218,-0.4735162641811107,-0.029059694647310286,-0.2845374057668275,-0.2765763786915898,-0.4687959502558775,1.002866262448476,0.0003957676415464506,0.0011096955424135862,0.002202330114223545,6.238314154963715e-06
-0.09001218373260267,-0.231471445988488,-0.12175961161621834,-0.11872876296908841,-0.06086794132786166,-0.40832792125876616,-0.25096748859938667,-0.5249520303941967,1.0937817927233395,0.003652957721262988,0.0018621180631289735,0.002571450500877049,2.342394147282691e-05
-0.31213753388731225,-0.4460116846350416,-0.2962739910924782,-0.43418236347235295,-0.28375694893969133,-0.04907198222307485,-0.03216651415403522,-0.45238739896571223,0.7347890740523411,0.00013258439596194386,0.00036598813992063197,0.0002027925031047885,1.926507399306632e-07
-0.003168860015086483,-0.010940871545036535,-0.2500841095588537,-0.4177089277281125,-0.05520553278598611,-0.4548475512649711,-0.3332887289067965,-0.440445708662558,1.0087768069967866,0.003986127370087697,0.006227443867278045,0.019519756275240083,0.0004356911535754357
-0.46270472227398807,-0.4416800368734577,-0.2961895955237761,-0.2797938974136186,-0.20575969092072677,-0.1509297455970693,-0.29483767019173324,-0.5586362332059418,0.7601224735305313,4.400441827880873e-05,0.0001596146712226213,9.376053272716232e-05,3.6204269594843116e-08
-0.25538863410205337,-0.23338141643386923,-0.042331084913589945,-0.4857316872367959,-0.007962953027796538,-0.13605488055270804,-0.21860022960668743,-0.6285901366100664,0.7115064729403348,0.000452746880454383,0.0005160136365729921,0.0006144696262103595,8.488227324255582e-07
-0.16488092292998657,-0.3290632112496627,-0.2647646266243383,-0.13210166032192822,-0.14433925729729252,-0.057085547900649125,0.02505404006080954,-0.4300631372693484,0.7438047673934355,7.94525558424159e-06,0.00019024759363055215,0.00011469946964045707,4.941324230431675e-08
-0.20060565052910084,-0.3694367672248232,-0.331882854625024,-0.3222564806600242,-0.11273612146544038,-0.1548017934257384,-0.029055739204207804,-0.4837907716497298,0.8665645516488757,0.001400233992179747,0.00028094714166134973,0.001560903631235659,4.47600667526798e-06
0.012048192844613781,-0.3618119832792244,-0.05393209179986308,-0.2840905852321793,-0.4645095351350572,-0.30625348369698435,-0.07247989014344654,-0.4580091865026493,0.8443722205043296,0.001638884839240608,0.0010059529027365201,0.001904850240868007,7.326339198951648e-06
-0.38444028284791054,-0.020734531023992198,-0.2806269882278177,-0.1151075477314113,-0.46795538863129976,-0.33813659357786413,-0.1727059814791551,-0.573076450836411,0.9629204190823081,0.0003036490301386936,0.0005983985742175217,0.0004278003527214033,6.332967289182892e-07
-0.13253759567669693,-0.0485316115204778,-0.4801550585580959,-0.10917133339535978,0.006356225579762564,-0.28025513611569186,-0.14779807607339823,-0.6301130630571404,1.0560951543767552,0.0002894425119840781,0.0001533820744497798,2.2713875324199212e-05,1.078189486384143e-07
-0.34676550484878377,-0.008383065660368616,-0.27711586567570573,-0.08621051804550867,-0.1034522619299858,-0.08069264143445642,-0.18943991164447543,-0.5020066949948366,0.9701031480275982,0.0023589721136273918,0.00484266481485243,0.004063148220137107,4.5525325400684746e-05
-0.03932646190419625,-0.2113818015431952,-0.10054929715394306,-0.28675841000776725,-0.2994165135453061,-0.375629544043924,-0.08225602510617905,-0.28698557937607233,0.8365274359665579,0.001225438532361962,0.000560278484034355,0.000918615396767821,2.659465823448176e-06
-0.3393452140499722,0.017658708296459658,-0.3980986150043661,-0.36506495297383507,-0.4715879981129483,-0.14109176231154674,-0.1567731259414944,-0.5434912481900881,0.9335795139868541,0.00011407772777325152,0.00028119056932518157,0.0005442479149627053,3.8828765719258005e-07
0.019672776640066614,-0.477025538735061,-0.15383214688870467,-0.39918237911783805,-0.10668991165798436,-0.4336154161310702,-0.1330372001814536,-0.508185971665114,0.8495938041500942,0.0004945902951504487,0.00026259511906595085,0.00022504052146027828,3.6421899291338285e-07
-0.2202101366409543,-0.33053956045908517,-0.4386554950061609,-0.4026062747792599,-0.38409703220570973,-0.1307707388106532,-0.03284737129722326,-0.4195653754220975,0.9366940556051199,0.0007677873701056703,0.0011587201552296282,0.0025590675720771968,8.480956682286234e-06
-0.3894799212038329,-0.4334678293648517,-0.4650164717237939,-0.1517147356496693,-0.2820112195907224,-0.29124413682769845,-0.04234438401295863,-0.4203227677122501,0.9615612730091054,0.000342194284190262,0.00025236174265186545,0.0013296447639668794,1.9487385756313105e-06
-0.13982534569185684,-0.39651237849273324,-0.0570024469609452,-0.0138967813176748,-0.31715850867702655,-0.23457393041036206,-0.07578409620627193,-0.45313729179061535,0.9770001111842297,4.4164309300305954e-05,0.00037201067399286606,0.0012739079925961564,1.7631840013809687e-06
-0.07092686675501869,-0.10183218536496619,-0.27946813006516913,-0.0008630599053209842,-0.19096525176315438,-0.20629256185278688,-0.04277302750071665,-0.4093560032184815,1.0679801260635442,0.00020745433084929843,0.0008871615591713724,0.0004519125045680891,1.0343178432445137e-06
-0.3247877600495722,-0.00042869699970993214,0.016497631990196493,-0.2920907811382425,-0.15254855793611383,-0.4855728960914455,-0.2904659294603663,-0.4717759583345361,0.8942102009502765,0.002568923141625263,0.0011650034585353386,0.002191709300689859,1.2760188824707546e-05
-0.007035454231518912,-0.21188488312762283,-0.1942693078654793,-0.20495156805977516,-0.2708013916600923,-0.04628699654119045,0.004943194087763186,-0.3814328349123641,0.7812141158169722,0.00013990507056041914,0.00028013488301446756,0.0002238311598630151,1.4814936957566792e-07
-0.1321743730859848,-0.09380912800987767,-0.44498667538159375,-0.13080761085972076,-0.14131660404921825,-0.07957660416887946,-0.07731121260422467,-0.5056766510722324,0.9552064697872285,0.0018390995708983864,0.0052630402656329515,0.006522555146178905,7.362560570429732e-05
-0.3511094997374113,-0.27533250901254713,-0.21588847771959407,-0.06167140050463504,0.011156274272407063,-0.34956842362508733,-0.27539001719748957,-0.4746635788236392,0.9330351543499071,0.0018160007593787202,0.0016594546804778241,0.0013396919562263352,7.846423132201392e-06
-0.44258703383950226,-0.30188930479676845,-0.3865473070920476,-0.08675829892838588,-0.16432262056988584,-0.14987117955707352,-0.24324989869774719,-0.3971335117886365,0.9142535390698705,0.006030126215655153,0.0033712246836876594,0.009664954464836305,0.00014113892285199568
-0.03107557753009238,-0.28750406908250714,-0.45365397689156584,-0.3776537876126306,-0.11650107904164603,-0.18824979763970284,-0.15880219129795414,-0.5208919505081829,0.8996698315135443,0.00020739262192076606,6.118714694285305e-05,0.0003198092060287275,1.4903349483890122e-07
-0.25750210196064316,-0.31514228157191937,-0.28161366907027824,-0.2586907489956626,-0.36555910825806437,-0.4056363547592238,-0.036349171174060974,-0.3668904854506323,0.8380169519277324,0.00043530423416590565,0.0003004862165153769,0.0003986284860239256,4.386864124682184e-07
-0.19223654202847584,-0.25054921521566903,-0.4240170158158595,-0.09453411569066922,-0.2829246636947165,-0.04827453756230493,-0.043956061443431886,-0.47096738439040503,0.9573671082672472,0.00049983155631421,0.0015035395330793993,0.00044107429814901694,2.705009248707751e-06
-0.3176018468065809,-0.0020309584850016216,-0.014980356689355323,-0.26554870577292844,-0.4027572728054467,-0.4307267634484503,-0.18222164791576992,-0.4309697607286472,0.877914931213242,0.0002428226510898605,0.0007087577142521588,0.00018712995138973762,5.963179561013784e-07
-0.2109033267293441,-0.1446815766181288,-0.03572345660584264,-0.10972405848366712,-0.0181612447375486,-0.09291622749510076,-0.27392275161254004,-0.44271059846986816,0.7753733728625382,0.0005796954001885384,0.018233978789407027,0.013283585659303598,0.0005092676772176014
-0.19339718500101327,-0.21422735980393837,-0.453168253854117,-0.39485825216482495,-0.49471825911479866,-0.39876950580897247,-0.09580626035857626,-0.5372563347151744,0.9661449027167051,0.0002872690212270058,0.0006413169463996688,0.00028503750568199164,5.75057295941529e-07
-0.19066780682488987,-0.10874558514152899,-0.02691832242644554,-0.052474188823634194,-0.3130856984060608,-0.29404982051426065,-0.11595087344317298,-0.3044354828843476,0.9536297468380407,0.00025902050820863083,0.0002693467790551328,0.0009141654914834861,9.753378568792758e-07
-0.24670571471937963,-0.19215938055661053,-0.35280545864832313,-0.040954888872206885,-0.015097433459354437,-0.20730665959552574,-0.17788918614369825,-0.5211568335705047,1.1671445225594774,0.011087430716551286,0.020996142968027282,0.0021046453066184746,0.0005681986712948377
-0.1462812301137198,-0.29418547424115965,-0.248792734276436,-0.14201377362055995,-0.4663712017120846,-0.31621820504541015,0.012101427905045486,-0.3799815036396503,0.762804569943277,4.841062898128127e-05,0.0007982514340613947,0.00018443034172021457,6.735634919264717e-07
-0.23152736685032266,-0.25082907053820325,-0.19493774500705924,-0.1928498728447653,-0.07956033022375852,-0.17098617214558554,-0.23393455248322842,-0.38106539157478786,0.7042938562871065,0.00680199674598697,0.00471313551805313,0.007764642456399525,0.00012877047861967333
-0.3888463501028263,-0.4437554413922363,-0.3365235973815086,-0.22923382475405768,-0.032786362740964636,-0.25353289379730637,-0.15451928906938578,-0.44991887097063304,0.7671467474605961,0.001292819496466726,0.0014398943638942762,0.0015340713567909454,6.098052957345394e-06
-0.49751354769334827,-0.3566061912949078,-0.09905230755888877,-0.2634516830725504,-0.4245524803451882,-0.2668347275357743,-0.17930655451849564,-0.6236453210216434,0.8685920670885887,0.0003042702611123303,5.283636845380797e-05,0.00018031280993271247,1.278847830545827e-07
-0.27902533136824803,-0.22804546526563058,-0.32399419216177927,-0.4421746827357765,-0.013882728667829858,-0.2869680183358776,-0.291851011268193,-0.3927863600092143,0.9478212030865889,0.002658462018684754,0.0033806163175052147,0.011546387571569701,0.00015181505294387123
-0.2516523376008231,-0.4221761452594063,-0.32106657264658167,-0.05759395174791576,-0.0033313913133108386,0.003048715249069689,0.017815655328072548,-0.4798541234037758,0.7595939558335651,4.919302283090865e-05,0.0003592962190722835,0.00018447406921331562,1.6554440874699972e-07
-0.4380641443115381,-0.47940513298930687,-0.37552353027832985,-0.32876957779525573,-0.08015063774675885,-0.2378458181983512,-0.17944055704211864,-0.4514508597809436,0.7684307140961831,0.0001019849619635984,1.3064930286052032e-05,3.435783729469524e-05,1.1752085853664763e-08
-0.051840198449068065,-0.28912257430396326,-0.4514285213123273,-0.16949823151610854,-0.28859755964363765,-0.40491384018892507,-0.07362982397835857,-0.5915738791762486,0.9748816504088814,0.0003731504553754729,0.0004681036818337351,0.00018375137658149915,3.921268876888174e-07
-0.1113949820966822,-0.3510648057662483,-0.3984109940850342,-0.0919269639350419,-0.00745000830647552,-0.42995413864976295,-0.008272505132787315,-0.5242059072424036,1.0239845189448482,0.0011910418475709794,0.000619230100575689,0.0008477504303995502,2.520707392366893e-06
-0.1775525870899966,-0.1187043121501396,-0.20167261261300368,-0.22307677880398785,-0.20514793548913612,0.009426681479921095,-0.1656082600483556,-0.34408210122266264,0.8027496647587637,0.0003647729145125327,0.0002920991837826183,0.00022020808590600622,2.6687281342682625e-07
-0.32924991650120233,0.012607418577446738,-0.09211683317641395,-0.28609693816560355,-0.46988572310943727,-0.18081508533381668,-0.12122886944166882,-0.46813410676594713,0.7881865989017561,0.002779833865837993,0.00019315647791666468,0.0004680845206566785,7.983888865099364e-06
-0.3772241370404741,-0.02677876542239571,-0.3910362928629898,-0.44106242125346856,-0.0904530439699186,-0.42708968148785204,-0.18727017962099596,-0.6568782857068698,0.9882808829166074,0.0006079495652472235,0.0012308359608674245,0.0003646946689478544,2.0175620380077094e-06
-0.20701877864621865,-0.33184941839406296,-0.3764642412777487,-0.3126530961383255,-0.19829422583170003,-0.0390915924225565,-0.025906945563126817,-0.44659638368117094,0.909067720121889,0.0003912585643797075,0.002117158385964622,0.0008615788326601146,5.377760980348757e-06
-0.15338717553335046,-0.24315849798157085,-0.21756620098541607,-0.07096680203530192,-0.05289080510820571,-0.06261943076152704,0.004007995475083156,-0.3255064315866159,0.8069321303144388,0.0017452320063741404,0.006259381772206987,0.009495962951292881,0.00013239900729863674
-0.38557872037751467,-0.42216521406315155,-0.0790506523752072,-0.19237575256392492,-0.32376552079969256,-0.29700000463922904,-0.12242381434625967,-0.5100150858535739,0.7416768801643153,0.0009182268916664509,0.0005663788277244734,0.0009909666482510635,2.145940499019928e-06
-0.4318879417806547,-0.06287429971346609,-0.08717075061185825,-0.4732354970217083,-0.3970730510389833,-0.076357950103352,-0.20957027581898166,-0.4910007179181335,0.7894000892533236,0.0006345589430593935,0.0001280551959166811,0.00013989270467799968,4.3863315424004015e-07
-0.05709378614227967,-0.058877563777539166,-0.06513772778698562,-0.46533723073558375,-0.42981518549405817,-0.17298148035434757,-0.03845567942980442,-0.20265850224396426,0.720206063643561,0.0005165962871874248,3.245716087675784e-05,3.220138576511114e-05,2.689621204732055e-07
-0.15908284545732715,-0.23209120900900454,-0.13732449995680573,-0.08863858354397774,0.00316594764356648,-0.2840518916318324,-0.23019746157923765,-0.4682662764580107,1.0317437434714036,0.0020921674886171127,0.0012905121352651213,0.00038525210099497295,6.191005553014021e-06
-0.20835621225797618,-0.07922908366467302,-0.316189714470711,-0.07810868659687648,-0.290090224697217,-0.15090993199375002,-0.06272618605606246,-0.47662940633667705,0.9512664851395182,0.0003205986724571299,0.00026856693390125665,4.8319472497539713e-05,1.7724647818883645e-07
-0.010832356103967211,-0.43055782704836276,-0.25595172269931504,-0.4330865857584821,-0.47137437143966066,-0.02805155134526932,-0.015731476369973466,-0.5571631558730108,0.7926124713093341,0.00035581405950551394,0.00023043400491612372,0.0008159118374574855,8.454156020667279e-07
-0.2365773793062369,-0.14266876128014833,-0.20760095805731993,-0.33735012192205993,-0.2130275201478682,-0.27419965575699645,-0.29001553136802916,-0.35253315019432574,0.843006473501378,0.009613622352867049,0.00373732772726296,0.0020302844078935733,0.00011051140806144924
-0.2534046077171575,-0.45944949647597205,-0.3377048909660796,-0.041492017405432347,-0.4606875923106375,-0.45428334404046383,-0.002592032630978322,-0.5877032399681039,0.8504481996804153,0.0003854990531424491,0.000790748041452875,0.00031199478001180754,8.712327277898987e-07
-0.31570251806527394,-0.43713287066465334,-0.33254961376015835,-0.1650565640060384,-0.3198227838436499,-0.043316026620083825,0.005389483707826779,-0.41976704414433635,0.7854684435924925,0.00016485083912142748,0.00040542291935834635,0.0008046233223937059,8.389622336399681e-07
-0.46881121371210766,-0.10494756271564387,-0.11191288167023589,-0.12666348095227248,-0.426640670445256,-0.3304185408208049,-0.18325432003038122,-0.5214082120031441,0.9071005410816848,0.000993258694511425,0.0008839942278843265,0.0009804167227314242,2.7292255793667727e-06
-0.18316047992785184,-0.27364977034695137,-0.24334835183127101,-0.3359397601239993,-0.10347460837491507,-0.02598170857189741,-0.06311799526304893,-0.3818879626861349,0.7791113830349843,0.0005632982214063125,0.00010314480974456857,0.0001178404934597905,3.4183011991560534e-07
-0.1708197097602983,-0.22792617890671613,-0.3392746011391024,-0.011490791748863582,-0.3058447979941184,-0.0780575981778755,-0.02718702686429531,-0.37064168303238126,0.9090179524453542,0.0002069004407041684,0.0014298372684207587,0.0011413013881366749,3.3898112650912176e-06
-0.4766623404373403,-0.37377940302288437,-0.2191961743936236,-0.48818151674585786,-0.12715954946915542,-0.09325116890437979,-0.289274438910719,-0.7014045489902136,0.7865949532623201,0.0014216196801994955,0.0016833342884190765,0.00023497165422340185,4.909828519986355e-06
-0.4071030554524646,-0.2423189853465833,-0.36980946051306063,-0.4651670229728624,-0.2439541318034294,-0.26780438877933976,-0.27155832467490754,-0.5355433786753786,0.9909454224255486,0.0010409652682990466,0.0003910522277369424,0.0011927579895722588,2.6592021563113885e-06
0.009401998704980818,-0.22812372896670197,-0.29448536871204756,-0.04643667662088696,-0.15290709274131847,-0.0008035963102654975,-0.027788007833880073,-0.4420732116399374,0.858204137569166,0.00041460848560023983,0.00021992931995358332,0.0010275277291207634,1.2760823362190425e-06
-0.0077240437125561945,-0.46031110132098707,-0.1278069324353026,-0.11020618470610832,-0.4956671814186534,-0.3749958130899841,-0.04064658686532153,-0.5345140538693015,0.8856571550075178,4.7945132517498205e-05,3.5386656431281195e-05,1.2303684037694115e-05,3.702331826405408e-09
-0.27836494469646966,-0.44338975270903486,-0.43528460208190733,-0.2048310350884177,-0.2600050522288644,-0.19184625968226587,-0.004911856429921999,-0.42311036419502773,0.8572635076561405,0.0003949407726197428,0.0018404998928237507,0.0012994558204858834,5.232003498756357e-06
